BatteryID,BatteryCaliber,GunMountID,LauncherMountID,BowArc,NearBowArc,OnBowArc,BroadBowArc,BowBeamArc,BeamArc,SternBeamArc,SternQuarterArc,OnSternArc,NearSternArc,Stern Arc,HighArc,TotalMounts
622-tt-hull_x2-side,622,,622-tt-hull,0,0,0,0,1,1,1,0,0,0,0,0,2
610-tt-tripple-jpn_x4,610,,610-tt-tripple-jpn,0,0,0,0,2,2,2,0,0,0,0,0,4
610-tt-quad-jpn_x10,610,,610-tt-quad-jpn,0,0,0,0,5,5,5,0,0,0,0,0,10
610-tt-quad-jpn_x6,610,,610-tt-quad-jpn,0,0,0,0,3,3,3,0,0,0,0,0,6
610-tt-quad-jpn_x4,610,,610-tt-quad-jpn,0,0,0,0,2,2,2,0,0,0,0,0,4
610-tt-quad-jpn_x2-centerline,610,,610-tt-quad-jpn,0,0,0,0,2,2,2,0,0,0,0,0,2
610-tt-quad-jpn_x2,610,,610-tt-quad-jpn,0,0,0,0,1,1,1,0,0,0,0,0,2
610-tt-hull_x12-sides,610,,610-tt-hull,0,0,0,0,6,6,6,0,0,0,0,0,12
610-tt-hull_x8-side,610,,610-tt-hull,0,0,0,0,4,4,4,0,0,0,0,0,8
610-tt-dual-jpn_x4,610,,610-tt-dual-jpn,0,0,0,0,2,2,2,0,0,0,0,0,4
610-tt-dual-jpn_x2,610,,610-tt-dual-jpn,0,0,0,0,1,1,1,0,0,0,0,0,2
600-tt-single_x2,600,,600-tt-single,0,0,0,0,1,1,1,0,0,0,0,0,2
600-tt-hull_x5-bow,600,,600-tt-hull,1,1,1,0,2,2,2,0,0,0,0,0,4
600-tt-hull_x4-fore-aft,600,,600-tt-hull,1,1,1,0,1,1,1,0,1,1,1,0,4
550-tt-twin_x2,550,,550-tt-twin,0,0,0,0,1,1,1,0,0,0,0,0,2
550-tt-tripple_x4,550,,550-tt-tripple,0,0,0,0,2,2,2,0,0,0,0,0,4
550-tt-tripple_x2,550,,550-tt-tripple,0,0,0,0,1,1,1,0,0,0,0,0,2
533-tt-twin_x6,533,,533-tt-twin,0,0,0,0,3,3,3,0,0,0,0,0,6
533-tt-twin_x4,533,,533-tt-twin,0,0,0,0,2,2,2,0,0,0,0,0,4
533-tt-twin_x2,533,,533-tt-twin,0,0,0,0,1,1,1,0,0,0,0,0,2
533-tt-tripple-uk_x4,533,,533-tt-tripple-uk,0,0,0,0,2,2,2,0,0,0,0,0,4
533-tt-tripple-uk_x2,533,,533-tt-tripple-uk,0,0,0,0,1,1,1,0,0,0,0,0,2
533-tt-tripple_x4,533,,533-tt-tripple,0,0,0,0,2,2,2,0,0,0,0,0,4
533-tt-tripple_x2-centerline,533,,533-tt-tripple,0,0,0,0,2,2,2,0,0,0,0,0,2
533-tt-tripple_x2,533,,533-tt-tripple,0,0,0,0,1,1,1,0,0,0,0,0,2
533-tt-tripple_x1-centerline,533,,533-tt-tripple,0,0,0,0,1,1,1,0,0,0,0,0,1
533-tt-single-uk_x2,533,,533-tt-single-uk,0,0,0,0,1,1,1,0,0,0,0,0,2
533-tt-single-hull_x8,533,,533-tt-single-hull,0,0,0,0,4,4,4,0,0,0,0,0,4
533-tt-single_x2,533,,533-tt-single,0,0,0,0,1,1,1,0,0,0,0,0,2
533-tt-quint_x2-center,533,,533-tt-quint,0,0,0,0,2,2,2,0,0,0,0,0,2
533-tt-quint_x2,533,,533-tt-quint,0,0,0,0,1,1,1,0,0,0,0,0,2
533-tt-quad-uk_x4,533,,533-tt-quad-uk,0,0,0,0,2,2,2,0,0,0,0,0,4
533-tt-quad-uk_x2,533,,533-tt-quad-uk,0,0,0,0,1,1,1,0,0,0,0,0,2
533-tt-quad_x4,533,,533-tt-quad,0,0,0,0,2,2,2,0,0,0,0,0,4
533-tt-quad_x3-centerline,533,,533-tt-quad,0,0,0,0,3,3,3,0,0,0,0,0,3
533-tt-quad_x3,533,,533-tt-quad,0,0,0,0,2,2,2,0,0,0,0,0,3
533-tt-quad_x2-centerline,533,,533-tt-quad,0,0,0,0,2,2,2,0,0,0,0,0,2
533-tt-quad_x2,533,,533-tt-quad,0,0,0,0,1,1,1,0,0,0,0,0,2
533-tt-quad_x1,533,,533-tt-quad,0,0,0,0,1,1,1,0,0,0,0,0,1
533-tt-mk15-quint_x2-centerline,533,,533-tt-mk15-quint,0,0,0,0,2,2,2,0,0,0,0,0,2
533-tt-mk15-quint_x1,533,,533-tt-mk15-quint,0,0,0,0,1,1,1,0,0,0,0,0,1
533-tt-hull_x8-side,533,,533-tt-hull,0,0,0,0,4,4,4,0,0,0,0,0,8
533-tt-hull_x6-side,533,,533-tt-hull,0,0,0,0,3,3,3,0,0,0,0,0,6
533-tt-hull_x4-side,533,,533-tt-hull,0,0,0,0,2,2,2,0,0,0,0,0,4
533-tt-hull_x4-fixed,533,,533-tt-hull,0,0,0,2,0,0,0,0,0,0,0,0,4
533-tt-hull_x4,533,,533-tt-hull,1,1,1,0,1,1,1,0,1,1,1,0,4
533-tt-hull_x3-aft,533,,533-tt-hull,0,0,0,0,1,1,1,0,1,1,1,0,3
533-tt-hull_x2-side,533,,533-tt-hull,0,0,0,0,1,1,1,0,0,0,0,0,2
533-tt-dual-uk_x4,533,,533-tt-dual-uk,0,0,0,0,2,2,2,0,0,0,0,0,4
533-tt-dual-uk_x2,533,,533-tt-dual-uk,0,0,0,0,1,1,1,0,0,0,0,0,2
533-tt-dual-jpn_x4,533,,533-tt-dual-jpn,0,0,0,0,2,2,2,0,0,0,0,0,4
533-tt-dual-jpn_x2,533,,533-tt-dual-jpn,0,0,0,0,1,1,1,0,0,0,0,0,2
533-tt-dual_x2,533,,533-tt-dual,0,0,0,0,1,1,1,0,0,0,0,0,2
500-tt-tripple_x4,500,,500-tt-tripple,0,0,0,0,2,2,2,0,0,0,0,0,4
500-tt-single-ger_x2,500,,500-tt-single-ger,0,0,0,0,1,1,1,0,0,0,0,0,2
500-tt-single_x4,500,,500-tt-single,0,0,0,0,2,2,2,0,0,0,0,0,4
500-tt-single_x2,500,,500-tt-single,0,0,0,0,1,1,1,0,0,0,0,0,2
500-tt-quad_x2,500,,500-tt-quad,0,0,0,0,1,1,1,0,0,0,0,0,2
500-tt-hull_x6-fore-aft,500,,500-tt-hull,1,1,1,0,2,2,2,0,1,1,1,0,6
500-tt-hull_x5-bow,500,,500-tt-hull,1,1,1,0,2,2,2,0,0,0,0,0,5
500-tt-hull_x4-fore-aft,500,,500-tt-hull,1,1,1,0,1,1,1,0,1,1,1,0,4
500-tt-hull_x2-side,500,,500-tt-hull,0,0,0,0,1,1,1,0,0,0,0,0,2
500-tt-hull_x1-bow,500,,500-tt-hull,1,1,1,0,0,0,0,0,0,0,0,0,1
500-tt-dual-ger_x2,500,,500-tt-dual-ger,0,0,0,0,1,1,1,0,0,0,0,0,2
460-ag-type94_aby,460,460-ag-type94,,2,2,2,3,3,3,3,3,1,1,1,0,3
457-ag-b_ay,457,457-ag-b,,1,1,1,2,2,2,2,2,1,1,1,0,2
457-ag-b_y,457,457-ag-b,,0,0,0,1,1,1,1,1,1,1,1,0,1
450-tt-twin_x4,450,,450-tt-twin,0,0,0,0,2,2,2,0,0,0,0,0,4
450-tt-twin_x3,450,,450-tt-twin,0,0,0,0,2,2,2,0,0,0,0,0,3
450-tt-twin_x2-centerline,450,,450-tt-twin,0,0,0,0,2,2,2,1,1,1,1,0,2
450-tt-twin_x1,450,,450-tt-twin,0,0,0,0,1,1,1,0,0,0,0,0,1
450-tt-tripple_x4,450,,450-tt-tripple,0,0,0,0,2,2,2,0,0,0,0,0,4
450-tt-tripple_x3,450,,450-tt-tripple,0,0,0,0,2,2,2,0,0,0,0,0,3
450-tt-tripple_x2,450,,450-tt-tripple,0,0,0,0,1,1,1,0,0,0,0,0,2
450-tt-single-uk_x2,450,,450-tt-single-uk,0,0,0,0,1,1,1,0,0,0,0,0,2
450-tt-single-jpn_x2,450,,450-tt-single-jpn,0,0,0,0,1,1,1,0,0,0,0,0,2
450-tt-single_x3,450,,450-tt-single,0,0,0,0,2,2,2,0,0,0,0,0,3
450-tt-single_x2-centerline,450,,450-tt-single,0,0,0,0,2,2,2,1,1,1,1,0,2
450-tt-single_x2,450,,450-tt-single,0,0,0,0,1,1,1,0,0,0,0,0,2
450-tt-hull_x8-side,450,,450-tt-hull,0,0,0,0,4,4,4,0,0,0,0,0,8
450-tt-hull_x7-aft,450,,450-tt-hull,0,0,0,0,3,3,3,0,1,1,1,0,7
450-tt-hull_x6-fore-aft,450,,450-tt-hull,1,1,1,0,2,2,2,0,1,1,1,0,6
450-tt-hull_x6-fore,450,,450-tt-hull,2,2,2,0,2,2,2,0,0,0,0,0,6
450-tt-hull_x6,450,,450-tt-hull,0,0,0,0,3,3,3,0,0,0,0,0,6
450-tt-hull_x5-bow,450,,450-tt-hull,1,1,1,0,2,2,2,0,0,0,0,0,5
450-tt-hull_x5-aft,450,,450-tt-hull,0,0,0,0,2,2,2,0,1,1,1,0,5
450-tt-hull_x4-side,450,,450-tt-hull,0,0,0,0,2,2,2,0,0,0,0,0,4
450-tt-hull_x4-fore-aft,450,,450-tt-hull,1,1,1,0,1,1,1,0,1,1,1,0,4
450-tt-hull_x3-bow,450,,450-tt-hull,1,1,1,0,1,1,1,0,0,0,0,0,3
450-tt-hull_x3-aft,450,,450-tt-hull,0,0,0,0,1,1,1,0,1,1,1,0,3
450-tt-hull_x2-side,450,,450-tt-hull,0,0,0,0,1,1,1,0,0,0,0,0,2
450-tt-hull_x1-bow,450,,450-tt-hull,1,1,1,0,0,0,0,0,0,0,0,0,1
450-tt-dual-jpn_x2,450,,450-tt-dual-jpn,0,0,0,0,1,1,1,0,0,0,0,0,2
420-bar-m1875-ter_ay,420,420-bar-m1875-ter,,1,1,1,1,2,2,2,1,1,1,1,0,2
420-bar-m1875_ay,420,420-bar-m1875,,1,1,1,1,2,2,2,1,1,1,1,0,2
412-ct-marki_a,412,412-ct-marki,,1,1,1,1,1,1,1,1,0,0,0,0,1
412-bar-marki_ay,412,412-bar-marki,,1,1,1,2,2,2,2,2,1,1,1,0,2
410-ag-3rd-year-new_abrxy,410,410-ag-3rd-year-new,,2,2,2,5,5,5,5,5,2,2,2,0,5
410-ag-3rd-year-new_abxy,410,410-ag-3rd-year-new,,2,2,2,4,4,4,4,4,2,2,2,0,4
410-ag-3rd-year_abxy,410,410-ag-3rd-year,,2,2,2,4,4,4,4,4,2,2,2,0,4
406-ct-rml-80ton_ps,406,406-ct-rml-80ton,,2,1,1,1,1,1,1,1,1,1,2,0,2
406-ag-mk-1_aby,406,406-ag-mk-1,,2,2,2,3,3,3,3,3,1,1,1,0,3
406-ag-markii_aby,406,406-ag-markii,,2,2,2,3,3,3,3,3,1,1,1,0,3
406-ag-marki_abx,406,406-ag-marki,,2,2,2,3,3,3,3,3,1,0,0,0,3
406-ag-3-iowa_abx,406,406-ag-3-iowa,,2,2,2,3,3,3,3,3,1,1,1,0,3
406-ag-3_abx,406,406-ag-3,,2,2,2,3,3,3,3,3,1,1,1,0,3
406-ag-2-sd_abxy,406,406-ag-2-sd,,2,2,2,4,4,4,4,4,2,2,2,0,4
406-ag-2-lex_abxy,406,406-ag-2-lex,,2,2,2,4,4,4,4,4,2,2,2,0,4
406-ag-2_abxy,406,406-ag-2,,2,2,2,4,4,4,4,4,2,2,2,0,4
406-tt-hull_x4-side,406,,406-tt-hull,0,0,0,0,2,2,2,0,0,0,0,0,4
406-tt-hull_x2-side,406,,406-tt-hull,0,0,0,0,1,1,1,0,0,0,0,0,2
400-tt-hull_x4,400,,400-tt-hull,1,1,1,0,1,1,1,0,1,1,1,0,4
381-ag-v1914_abxy,381,381-ag-v1914,,2,2,2,4,4,4,4,4,2,2,2,0,4
381-ag-markii_abxy,381,381-ag-markii,,2,2,2,4,4,4,4,4,2,2,2,0,4
381-ag-markii_aby,381,381-ag-markii,,2,2,2,3,3,3,3,3,1,1,1,0,3
381-ag-marki-n-rp12_abxy,381,381-ag-marki-n-rp12,,2,2,2,4,4,4,4,4,2,2,2,0,4
381-ag-marki_abxy,381,381-ag-marki,,2,2,2,4,4,4,4,4,2,2,2,0,4
381-ag-marki_aby,381,381-ag-marki,,2,2,2,3,3,3,3,3,1,1,1,0,3
381-ag-marki_ay,381,381-ag-marki,,1,1,1,2,2,2,2,2,1,1,1,0,2
381-ag-m1934_aby,381,381-ag-m1934,,2,2,2,3,3,3,3,3,1,1,1,0,3
381-ag-an1914_abxy,381,381-ag-an1914,,2,2,2,4,4,4,4,4,2,2,2,0,4
381-ag-a1914_abxy,381,381-ag-a1914,,2,2,2,4,4,4,4,4,2,2,2,0,4
381-tt-hull_x6-side,381,,381-tt-hull,0,0,0,0,3,3,3,0,0,0,0,0,6
381-tt-hull_x6,381,,381-tt-hull,1,1,1,0,2,2,2,0,1,1,1,0,6
381-tt-hull_x5-stern,381,,381-tt-hull,0,0,0,0,2,2,2,0,1,1,1,0,5
381-tt-hull_x5-bow,381,,381-tt-hull,1,1,1,0,2,2,2,0,0,0,0,0,5
381-tt-hull_x4-side,381,,381-tt-hull,0,0,0,0,2,2,2,0,0,0,0,0,4
381-tt-hull_x4,381,,381-tt-hull,1,1,1,0,1,1,1,0,1,1,1,0,4
381-tt-hull_x3-stern,381,,381-tt-hull,0,0,0,0,1,1,1,0,1,1,1,0,3
381-tt-hull_x3-bow,381,,381-tt-hull,1,1,1,0,1,1,1,0,0,0,0,0,3
381-tt-hull_x2-side,381,,381-tt-hull,0,0,0,0,1,1,1,0,0,0,0,0,2
380-ag-m1935_ab,380,380-ag-m1935,,2,2,2,2,2,2,2,2,0,0,0,0,2
380-ag-drh-lc34_abxy,380,380-ag-drh-lc34,,2,2,2,4,4,4,4,4,2,2,2,0,4
380-ag-drh-lc34_aby,380,380-ag-drh-lc34,,2,2,2,3,3,3,3,3,1,1,1,0,3
380-ag-drh-lc1914_abxy,380,380-ag-drh-lc1914,,2,2,2,4,4,4,4,4,2,2,2,0,4
380-ag-drh-lc1913-20_abxy,380,380-ag-drh-lc1913-20,,2,2,2,4,4,4,4,4,2,2,2,0,4
380-ag-drh-lc1913_abxy,380,380-ag-drh-lc1913,,2,2,2,4,4,4,4,4,2,2,2,0,4
380-tt-hull_x6,380,,380-tt-hull,1,1,1,0,2,2,2,0,1,1,1,0,6
380-tt-hull_x5-stern,380,,380-tt-hull,0,0,0,0,2,2,2,0,1,1,1,0,5
380-tt-hull_x5-bow,380,,380-tt-hull,1,1,1,0,2,2,2,0,0,0,0,0,5
380-tt-hull_x3-stern,380,,380-tt-hull,0,0,0,0,1,1,1,0,1,1,1,0,3
380-tt-hull_x2-sides,380,,380-tt-hull,0,0,0,0,1,1,1,0,0,0,0,0,2
370-bar-m1875-79-3_ay,370,370-bar-m1875-79-3,,1,1,1,2,2,2,2,2,1,1,1,0,2
370-bar-m1875-79-2_ary,370,370-bar-m1875-79-2,,1,1,1,2.5,3,3,3,2.5,1,1,1,0,3
370-bar-m1875-79-2_ay,370,370-bar-m1875-79-2,,1,1,1,2,2,2,2,2,1,1,1,0,2
370-bar-m1875-79_ary,370,370-bar-m1875-79,,1,1,1,2.5,3,3,3,2.5,1,1,1,0,3
360-tt-hull_x4-side,360,,360-tt-hull,0,0,0,0,2,2,2,0,0,0,0,0,4
360-tt-hull_x3-bow,360,,360-tt-hull,1,1,1,0,1,1,1,0,0,0,0,0,3
356-ag-p1913_aqry,356,356-ag-p1913,,1,1,1,4,4,4,4,4,1,1,1,0,4
356-ag-markiii_ay,356,356-ag-markiii,,1,1,1,2,2,2,2,2,1,1,1,0,2
356-ag-markii_b,356,356-ag-markii,,1,1,1,1,1,1,1,1,0,0,0,0,1
356-ag-marki_abrxy,356,356-ag-marki,,2,2,2,5,5,5,5,5,2,2,2,0,5
356-ag-bethlehem_abxy,356,356-ag-bethlehem,,2,2,2,4,4,4,4,4,2,2,2,0,4
356-ag-41st-year-bc-43_abxy,356,356-ag-41st-year-bc-43,,2,2,2,4,4,4,4,4,2,2,2,0,4
356-ag-41st-year-bc-33_abxy,356,356-ag-41st-year-bc-33,,2,2,2,4,4,4,4,4,2,2,2,0,4
356-ag-41st-year-bc-33_abx,356,356-ag-41st-year-bc-33,,2,2,2,3,3,3,3,3,1,1,1,0,3
356-ag-41st-year-bc_abxy,356,356-ag-41st-year-bc,,2,2,2,4,4,4,4,4,2,2,2,0,4
356-ag-41st-year-bb-43_abqrxy,356,356-ag-41st-year-bb-43,,2,2,2,6,6,6,6,6,2,2,2,0,6
356-ag-41st-year-bb-43_abqry,356,356-ag-41st-year-bb-43,,2,2,2,5,5,5,5,5,1,1,1,0,5
356-ag-41st-year-bb-43_abqr,356,356-ag-41st-year-bb-43,,2,2,2,4,4,4,4,4,0,0,0,0,4
356-ag-41st-year-bb-30_abqrxy,356,356-ag-41st-year-bb-30,,2,2,2,6,6,6,6,6,2,2,2,0,6
356-ag-41st-year-bb_abqrxy,356,356-ag-41st-year-bb,,2,2,2,6,6,6,6,6,2,2,2,0,6
356-ag-3-mod2_abxy,356,356-ag-3-mod2,,2,2,2,4,4,4,4,4,2,2,2,0,4
356-ag-3-mod1_abxy,356,356-ag-3-mod1,,2,2,2,4,4,4,4,4,2,2,2,0,4
356-ag-3-mod1_ay,356,356-ag-3-mod1,,1,1,1,2,2,2,2,2,1,1,1,0,2
356-ag-3-4-mod1_abxy,356,356-ag-3-4-mod1,,2,2,2,4,4,4,4,4,2,2,2,0,4
356-ag-3-4_abxy,356,356-ag-3-4,,2,2,2,4,4,4,4,4,2,2,2,0,4
356-ag-3_abxy,356,356-ag-3,,2,2,2,4,4,4,4,4,2,2,2,0,4
356-ag-3_ay,356,356-ag-3,,1,1,1,2,2,2,2,2,1,1,1,0,2
356-ag-2-mod3-late_abqxy,356,356-ag-2-mod3-late,,2,2,2,5,5,5,5,5,2,2,2,0,5
356-ag-2-mod3_abqxy,356,356-ag-2-mod3,,2,2,2,5,5,5,5,5,2,2,2,0,5
356-ag-2-mod2_bx,356,356-ag-2-mod2,,1,1,1,1.5,2,2,2,2,1,1,1,0,2
356-ag-2-mod1_bx,356,356-ag-2-mod1,,1,1,1,1.5,2,2,2,2,1,1,1,0,2
356-ag-2_abqxy,356,356-ag-2,,2,2,2,4.5,5,5,5,5,3,2,3,0,5
356-tt-single-uk_x2,356,,356-tt-single-uk,0,0,0,0,1,1,1,0,0,0,0,0,2
356-tt-hull_x7-alt,356,,356-tt-hull,3,3,3,0,2,2,2,0,2,2,2,0,7
356-tt-hull_x7,356,,356-tt-hull,2,2,2,0,2,2,2,0,1,1,1,0,7
356-tt-hull_x6-stern,356,,356-tt-hull,0,0,0,0,2,2,2,0,2,2,2,0,6
356-tt-hull_x6-side,356,,356-tt-hull,0,0,0,0,3,3,3,0,0,0,0,0,6
356-tt-hull_x6-alt,356,,356-tt-hull,2,2,2,0,1,1,1,0,2,2,2,0,6
356-tt-hull_x6,356,,356-tt-hull,1,1,1,0,2,2,2,0,1,1,1,0,6
356-tt-hull_x5-stern,356,,356-tt-hull,0,0,0,0,2,2,2,0,1,1,1,0,5
356-tt-hull_x5-bow-alt,356,,356-tt-hull,3,3,3,0,2,2,2,0,0,0,0,0,5
356-tt-hull_x5-bow,356,,356-tt-hull,1,1,1,0,2,2,2,0,0,0,0,0,5
356-tt-hull_x5,356,,356-tt-hull,2,2,2,0,1,1,1,0,1,1,1,0,5
356-tt-hull_x4-side,356,,356-tt-hull,0,0,0,0,2,2,2,0,0,0,0,0,4
356-tt-hull_x4-bow,356,,356-tt-hull,2,2,2,0,1,1,1,0,0,0,0,0,4
356-tt-hull_x4-aft-aft,356,,356-tt-hull,0,0,0,0,1,1,1,0,2,2,2,0,4
356-tt-hull_x4,356,,356-tt-hull,1,1,1,0,1,1,1,0,1,1,1,0,4
356-tt-hull_x3-stern,356,,356-tt-hull,0,0,0,0,1,1,1,0,1,1,1,0,3
356-tt-hull_x3-bow,356,,356-tt-hull,1,1,1,0,1,1,1,0,0,0,0,0,3
356-tt-hull_x2-side,356,,356-tt-hull,0,0,0,0,1,1,1,0,0,0,0,0,2
356-tt-hull_x2-f-a,356,,356-tt-hull,1,1,1,0,0,0,0,0,1,1,1,0,2
355-ag-drh-lc1914_abxy,355,355-ag-drh-lc1914,,2,2,2,4,4,4,4,4,2,2,2,0,4
350-tt-hull_x7,350,,350-tt-hull,2,2,2,0,2,2,2,0,1,1,1,0,7
350-tt-hull_x6,350,,350-tt-hull,2,2,2,0,1,1,1,0,2,2,2,0,6
350-tt-hull_x5,350,,350-tt-hull,1,1,1,0,2,2,2,0,0,0,0,0,5
350-tt-hull_x4-side,350,,350-tt-hull,0,0,0,0,2,2,2,0,0,0,0,0,4
350-tt-hull_x4-aft,350,,350-tt-hull,0,0,0,0,1,1,1,0,2,2,2,0,4
350-tt-hull_x4,350,,350-tt-hull,1,1,1,0,1,1,1,0,1,1,1,0,4
350-tt-hull_x3-fore,350,,350-tt-hull,1,1,1,0,1,1,1,0,0,0,0,0,3
350-tt-hull_x2-side,350,,350-tt-hull,0,0,0,0,1,1,1,0,0,0,0,0,2
350-tt-hull_x2-fore-aft,350,,350-tt-hull,1,1,1,0,0,0,0,0,1,1,1,0,2
350-tt-hull_x2-bow,350,,350-tt-hull,2,2,2,0,0,0,0,0,0,0,0,0,2
350-tt-hull_x1-carriage,350,,350-tt-hull,1,1,1,0,1,1,1,0,1,1,1,0,1
350-tt-hull_x1-bow,350,,350-tt-hull,1,1,1,0,0,0,0,0,0,0,0,0,1
350-tt-dual_x2,350,,350-tt-dual,0,0,0,0,1,1,1,0,0,0,0,0,2
343-ct-marki_ay,343,343-ct-marki,,1,1,1,2,2,2,2,2,1,1,1,0,2
343-bar-marki_ay,343,343-bar-marki,,1,1,1,2,2,2,2,2,1,1,1,0,2
343-ag-special_abqxy,343,343-ag-special,,2,2,2,5,5,5,5,5,2,2,2,0,5
343-ag-markii**_abrxy,343,343-ag-markii**,,2,2,2,5,5,5,5,5,2,2,2,0,5
343-ag-markii**_abxy,343,343-ag-markii**,,2,2,2,4,4,4,4,4,2,2,2,0,4
343-ag-markii**_arx,343,343-ag-markii**,,1,1,1,3,3,3,3,3,1,1,1,0,3
343-ag-markii-l_abrxy,343,343-ag-markii-l,,2,2,2,5,5,5,5,5,2,2,2,0,4
343-ag-markii-l_abqy,343,343-ag-markii-l,,2,2,2,4,4,4,4,4,1,1,1,0,4
343-ag-markii_abry,343,343-ag-markii,,2,2,2,4,4,4,4,4,1,1,1,0,4
340-ct-m1887-twin_a,340,340-ct-m1887-twin,,1,1,1,1,1,1,1,1,0,0,0,0,1
340-ct-m1887-single_y,340,340-ct-m1887-single,,0,0,0,1,1,1,1,1,1,1,1,0,1
340-ct-m1884_ay,340,340-ct-m1884,,1,1,1,2,2,2,2,2,1,1,1,0,2
340-c-m1881_x4,340,340-c-m1881,,1,1,1,1,2,2,2,1,1,1,1,0,4
340-c-m1875_x4,340,340-c-m1875,,1,1,1,1,2,2,2,1,1,1,1,0,4
340-bar-m1884_apsy,340,340-bar-m1884,,3,2,2,3,3,3,3,3,2,2,3,0,4
340-bar-m1881_psry,340,340-bar-m1881,,3,2,2,3,3,3,3,3,2,1,3,0,4
340-bar-m1881_apsy,340,340-bar-m1881,,3,2,2,3,3,3,3,3,2,2,3,0,4
340-bar-m1881_psy,340,340-bar-m1881,,2,2,2,2,2,2,2,2,2,1,3,0,3
340-bar-m1875_psry,340,340-bar-m1875,,2,2,2,3,3,3,3,3,2,1,3,0,4
340-bar-m1875_r,340,340-bar-m1875,,0,0,0,1,1,1,1,1,0,0,0,0,1
340-ag-m1912-quad_ary,340,340-ag-m1912-quad,,1,1,1,3,3,3,3,3,1,1,1,0,3
340-ag-m1912-double-1924_abqxy,340,340-ag-m1912-double-1924,,2,2,2,5,5,5,5,5,2,2,2,0,5
340-ag-m1912-double-1924_abxy,340,340-ag-m1912-double-1924,,2,2,2,4,4,4,4,4,2,2,2,0,4
340-ag-m1912-double-1919_abqxy,340,340-ag-m1912-double-1919,,2,2,2,5,5,5,5,5,2,2,2,0,5
340-ag-m1912-double_abqxy,340,340-ag-m1912-double,,2,2,2,5,5,5,5,5,2,2,2,0,5
330-ag-m1932_ab,330,330-ag-m1932,,2,2,2,2,2,2,2,2,0,0,0,0,2
330-ag-2-mk4_ay,330,330-ag-2-mk4,,1,1,1,1.5,2,2,2,1.5,1,1,1,0,2
330-ag-2-mk3_ay,330,330-ag-2-mk3,,1,1,1,1.5,2,2,2,1.5,1,1,1,0,2
330-ag-2-mk2_ay,330,330-ag-2-mk2,,1,1,1,1.5,2,2,2,1.5,1,1,1,0,2
324-tt-tripple_x2,324,,324-tt-tripple,0,0,0,0,1,1,1,0,0,0,0,0,2
324-mk108_x4-bbxx,323.9,,324-mk108,2,2,2,4,4,4,4,3,2,2,2,0,4
324-mk108_x2-bx,323.9,,324-mk108,1,1,1,2,2,2,2,2,1,1,1,0,2
324-mk108_x2-bb,323.9,,324-mk108,2,2,2,2,2,2,2,1,0,0,0,0,2
324-mk108_x1-b,323.9,,324-mk108,1,1,1,1,1,1,1,1,0,0,0,0,1
320-c-m1870-81_x4,320,320-c-m1870-81,,1,1,1,1,2,2,2,1,1,1,1,0,4
320-bar-m1887_y,320,320-bar-m1887,,0,0,0,1,1,1,1,1,1,1,1,0,1
320-bar-m1887_a,320,320-bar-m1887,,1,1,1,1,1,1,1,1,0,0,0,0,1
320-ag-m1934-twin_bx,320,320-ag-m1934-twin,,1,1,1,2,2,2,2,2,1,1,1,0,2
320-ag-m1934-tripple_ay,320,320-ag-m1934-tripple,,1,1,1,2,2,2,2,2,1,1,1,0,2
318-ct-rml-38ton-marki_qr,318,318-ct-rml-38ton-marki,,0,0,0,2,2,2,2,2,0,0,0,0,2
318-ct-rml-38ton-marki_ps,318,318-ct-rml-38ton-marki,,0,0,1,2,2,2,2,2,1,0,2,0,2
318-ct-rml-38ton-marki_ay,318,318-ct-rml-38ton-marki,,1,1,1,2,2,2,2,2,1,1,1,0,2
305-ct-rml-38ton_a,305,305-ct-rml-38ton,,1,1,1,1,1,1,1,1,0,0,0,0,1
305-ct-rml-35ton_ay,305,305-ct-rml-35ton,,1,1,1,2,2,2,2,2,1,1,1,0,2
305-ct-rml-35ton_y,305,305-ct-rml-35ton,,0,0,0,1,1,1,1,1,1,1,1,0,1
305-ct-rml-25ton-marki_qr,305,305-ct-rml-25ton-marki,,0,0,0,2,2,2,2,2,0,0,0,0,2
305-ct-m1893-single_ay,305,305-ct-m1893-single,,1,1,1,1,2,2,2,2,1,1,1,0,2
305-ct-m1893-1896_ay,305,305-ct-m1893-1896,,1,1,1,1,2,2,2,1,1,1,1,0,2
305-ct-m1887-single_ay,305,305-ct-m1887-single,,1,1,1,1,2,2,2,1,1,1,1,0,2
305-ct-bl-markii_ps,305,305-ct-bl-markii,,2,1,1,1,2,2,2,1,1,0,2,0,2
305-ct-bl-markii_a,305,305-ct-bl-markii,,1,1,1,1,1,1,1,1,0,0,0,0,1
305-c-rml-25ton-marki_x4,305,305-c-rml-25ton-marki,,2,1,1,1,2,2,1,1,1,1,2,0,4
305-c-rml-25ton-marki_a,305,305-c-rml-25ton-marki,,1,1,1,1,1,1,1,1,0,0,0,0,1
305-bg-e1909-tripple_aqry,305,305-bg-e1909-tripple,,1,1,1,4,4,4,4,4,1,1,1,0,4
305-bar-l35-c80_psy,305,305-bar-l35-c80,,2,1,1,2,2,2,2,2,2,1,3,0,3
305-bar-l35-c80_ps,305,305-bar-l35-c80,,2,1,1,1,1,1,1,1,1,0,2,0,2
305-bar-bl-markii_ay,305,305-bar-bl-markii,,1,1,1,1,2,2,2,1,1,1,1,0,2
305-ag-vsm-markh_apsy,305,305-ag-vsm-markh,,3,1.5,2,2.5,4,4,4,3,2,1.5,3,0,4
305-ag-v1909-twin_bx,305,305-ag-v1909-twin,,1,1,1,2,2,2,2,2,1,1,1,0,2
305-ag-v1909-tripple_ary,305,305-ag-v1909-tripple,,1,1,1,3,3,3,3,3,1,1,1,0,3
305-ag-special_abqrtxy,305,305-ag-special,,2,2,2,7,7,7,7,7,2,2,2,0,7
305-ag-p1895-late_ay,305,305-ag-p1895-late,,1,1,1,1.5,2,2,2,1.5,1,1,1,0,2
305-ag-p1895-early_ay,305,305-ag-p1895-early,,1,1,1,2,2,2,2,2,1,1,1,0,2
305-ag-p1895_ay-alt-2,305,305-ag-p1895,,1,1,1,1,2,2,2,1,1,1,1,0,2
305-ag-p1895_ay-alt,305,305-ag-p1895,,1,1,1,2,2,2,0,1.5,1,1,1,0,2
305-ag-p1895_ay,305,305-ag-p1895,,1,1,1,1.5,2,2,2,1.5,1,1,1,0,2
305-ag-mk9_abqrxy-alt,305,305-ag-mk9,,2,2,2,3.5,6,6,6,5,2,2,2,0,6
305-ag-mk9_abqrxy,305,305-ag-mk9,,2,2,2,5,6,6,6,5,3,3,3,0,6
305-ag-mk9_abpsxy,305,305-ag-mk9,,4,3,3,5,6,6,6,5,3,3,4,0,6
305-ag-mk9_aby,305,305-ag-mk9,,2,2,2,2.5,3,3,3,2,1,1,1,0,3
305-ag-mk8_abqry,305,305-ag-mk8,,3,2,3,5,5,5,5,5,2,2,2,0,5
305-ag-mk7_abqry,305,305-ag-mk7,,3,2,3,5,5,5,5,5,2,2,2,0,5
305-ag-mk7_abxy,305,305-ag-mk7,,2,2,2,3.5,4,4,4,3.5,2,2,2,0,4
305-ag-mk7_ay,305,305-ag-mk7,,1,1,1,1,2,2,2,1.5,1,1,1,0,2
305-ag-mk6_ay,305,305-ag-mk6,,1,1,1,1.5,2,2,2,1.5,1,1,1,0,2
305-ag-mk5_ay,305,305-ag-mk5,,1,1,1,1.5,2,2,2,1.5,1,1,1,0,2
305-ag-mk4_ay,305,305-ag-mk4,,1,1,1,2,2,2,2,2,1,1,1,0,2
305-ag-mk3_ay,305,305-ag-mk3,,1,1,1,1.5,2,2,2,1.5,1,1,1,0,2
305-ag-mk2_ps,305,305-ag-mk2,,2,1,1,1.5,2,2,2,1.5,1,1,2,0,2
305-ag-mk-3-12-alt_aqry,305,305-ag-mk-3-12-alt,,1,1,1,4,4,4,4,4,1,1,1,0,4
305-ag-mk-3-12-alt_qry,305,305-ag-mk-3-12-alt,,0,0,0,3,3,3,3,3,1,1,1,0,3
305-ag-mk-3-12_aqry,305,305-ag-mk-3-12,,1,1,1,4,4,4,4,4,1,1,1,0,4
305-ag-mk-15_aby,305,305-ag-mk-15,,2,2,2,3,3,3,3,3,1,1,1,0,3
305-ag-m1925_abpsxy,305,305-ag-m1925,,4,3,3,5,5,5,5,5,3,3,4,0,6
305-ag-m1906-1910_abpsxy,305,305-ag-m1906-1910,,4,3,3,5,5,5,5,5,3,3,4,0,6
305-ag-m1906_ay,305,305-ag-m1906,,1,1,1,2,2,2,2,2,1,1,1,0,2
305-ag-m1893-single_ay,305,305-ag-m1893-single,,1,1,1,2,2,2,2,2,1,1,1,0,2
305-ag-m1893-1896_ay,305,305-ag-m1893-1896,,1,1,1,2,2,2,2,2,1,1,1,0,2
305-ag-l45_ay,305,305-ag-l45,,1,1,1,2,2,2,2,2,1,1,1,0,2
305-ag-k10_abxy,305,305-ag-k10,,2,2,2,4,4,4,4,4,2,2,2,0,4
305-ag-elswick-l-special_x6-abpsxy,305,305-ag-elswick-l-special,,4,3,3,5,5,5,5,5,3,3,4,0,6
305-ag-elswick-i-twin_ay,305,305-ag-elswick-i-twin,,1,1,1,1,2,2,2,1,1,1,1,0,2
305-ag-elswick-i-single_ay,305,305-ag-elswick-i-single,,1,1,1,2,2,2,2,2,1,1,1,0,2
305-ag-drh-lc1915_abxy,305,305-ag-drh-lc1915,,2,2,2,4,4,4,4,4,2,2,2,0,4
305-ag-drh-lc1908_hex,305,305-ag-drh-lc1908,,3,2,2,4,4,4,4,4,2,2,3,0,6
305-ag-drh-lc1908_apsxy,305,305-ag-drh-lc1908,,3,1,2,4,4.5,4.5,4.5,4,3,3,4,0,5
305-ag-drh-lc1908_abqxy,305,305-ag-drh-lc1908,,2,2,2,5,5,5,5,5,2,2,2,0,5
305-ag-drh-lc1908_abxy,305,305-ag-drh-lc1908,,2,2,2,4,4,4,4,4,2,2,2,0,4
305-ag-cm-31_aby,305,305-ag-cm-31,,2,2,2,3,3,3,3,3,1,1,1,0,3
305-ag-bxi_apsxy-cf,305,305-ag-bxi,,3,1,2,4,4.5,5,4.5,4,3,3,4,0,5
305-ag-bxi_apsry,305,305-ag-bxi,,3,2,2,4,4,4,4,4,2,2,3,0,5
305-ag-bviii_apsry,305,305-ag-bviii,,3,2,2,4,4,4,4,4,2,2,3,0,5
305-ag-bviii_apsy-cf-2,305,305-ag-bviii,,3,2,2,3,4,4,4,3,2,2,3,0,4
305-ag-bviii_apsy-cf,305,305-ag-bviii,,3,2,2,3,3.5,4,3.5,3,2,2,3,0,4
305-ag-bviii_ay,305,305-ag-bviii,,1,1,1,2,2,2,2,2,1,1,1,0,2
305-ag-bvii-s_ay,305,305-ag-bvii-s,,1,1,1,2,2,2,2,2,1,1,1,0,2
305-ag-bvi_ay,305,305-ag-bvi,,1,1,1,2,2,2,2,2,1,1,1,0,2
305-ag-biii_ay,305,305-ag-biii,,1,1,1,2,2,2,2,2,1,1,1,0,2
305-ag-bii_ay,305,305-ag-bii,,1,1,1,2,2,2,2,2,1,1,1,0,2
305-ag-armstrong-vickers_ay,305,305-ag-armstrong-vickers,,1,1,1,2,2,2,2,2,1,1,1,0,2
305-ag-armstrong_x4,305,305-ag-armstrong,,2,1,1,2,2,2,2,2,1,1,2,0,4
305-ag-armstrong_ay,305,305-ag-armstrong,,1,1,1,1.5,2,2,2,1,1,1,1,0,2
305-ag-41st-year_ay,305,305-ag-41st-year,,1,1,1,2,2,2,2,2,1,1,1,0,2
305-ag-3gun-turret_aby,305,305-ag-3gun-turret,,2,2,2,3,3,3,3,3,1,1,1,0,3
305-aswm-lancia-bas_x1-fore,305,,305-aswm-lancia-bas,1,1,1,1,1,1,1,1,0,0,0,0,1
283-c-l18-krupp-bl_x6,283,283-c-l18-krupp-bl,,2,1,1,1,3,3,3,1,1,1,2,0,6
283-ag-drh-lc92-40_ay,283,283-ag-drh-lc92-40,,1,1,1,2,2,2,2,2,1,1,1,0,2
283-ag-drh-lc92_r,283,283-ag-drh-lc92,,0,0,0,1,1,1,1,1,0,0,0,0,1
283-ag-drh-lc34_aby,283,283-ag-drh-lc34,,2,2,2,3,3,3,3,3,1,1,1,0,3
283-ag-drh-lc28_ay,283,283-ag-drh-lc28,,1,1,1,2,2,2,2,2,1,1,1,0,2
283-ag-drh-lc1908_apsxy,283,283-ag-drh-lc1908,,3,1,2,3,5,5,5,4,3,2,4,0,5
283-ag-drh-lc1906_hex,283,283-ag-drh-lc1906,,3,2,2,4,4,4,4,4,2,2,3,0,6
283-ag-drh-lc1906_apsy,283,283-ag-drh-lc1906,,3,2,2,3,4,4,4,3,2,2,3,0,4
283-ag-drh-lc01_ay,283,283-ag-drh-lc01,,1,1,1,2,2,2,2,2,1,1,1,0,2
279-c-rml-25ton-marki_x2-alt,279,279-c-rml-25ton-marki,,2,1,1,1,1,1,1,0,0,0,,0,2
279-c-rml-25ton-marki_x2,279,279-c-rml-25ton-marki,,0,0,1,1,1,1,1,0,0,0,0,0,2
279-bd-rml-25ton-marki_ay,279,279-bd-rml-25ton-marki,,1,1,1,2,2,2,2,2,1,1,1,0,2
274-piv-m1881_x1-bow,274,274-piv-m1881,,1,1,1,0,0,0,0,0,0,0,0,0,1
274-piv-m1875_x1-bow,274,274-piv-m1875,,1,1,1,0,0,0,0,0,0,0,0,0,1
274-ct-m1887-1893_x2-bouvet,274,274-ct-m1887-1893,,1,1,1,1,1,1,1,1,1,1,1,0,2
274-ct-m1887-1893_x2,274,274-ct-m1887-1893,,1,1,1,1,1,1,1,1,1,1,1,0,2
274-ct-m1881_x2,274,274-ct-m1881,,1,1,1,1,1,1,1,1,1,1,1,0,2
274-cp-m1881_x3,274,274-cp-m1881,,2,1,1,2,2,2,2,2,2,2,3,0,2
274-cp-m1875_x4,274,274-cp-m1875,,2,2,2,1,2,2,2,2,2,2,,0,4
274-cp-m1875_x3,274,274-cp-m1875,,2,1,1,2,2,2,2,2,2,2,3,0,2
274-cp-m1870_x4,274,274-cp-m1870,,2,2,2,1,2,2,2,2,2,2,,0,4
274-cp-m1870_x2,274,274-cp-m1870,,1,1,1,1,1,1,1,1,1,0,,0,2
274-c-m1893_x4,274,274-c-m1893,,2,1,1,1,1,2,1,1,1,1,,0,4
274-c-m1881_x4,274,274-c-m1881,,2,1,1,1,1,2,1,1,1,2,,0,4
274-c-m1875_x4-side,274,274-c-m1875,,0,0,0,0,2,2,2,0,0,0,0,0,4
274-c-m1875_x4,274,274-c-m1875,,2,1,1,1,1,2,1,1,1,1,2,0,4
274-c-m1870_x6,274,274-c-m1870,,0,0,0,3,3,3,3,3,0,0,0,0,6
274-c-m1870_x4-side,274,274-c-m1870,,0,0,0,0,2,2,2,0,0,0,0,0,4
274-ag-m1893-1895_ay,274,274-ag-m1893-1895,,1,1,1,2,2,2,2,2,1,1,1,0,2
274-ag-m1887-1893_x2,274,274-ag-m1887-1893,,1,1,1,2,2,2,2,2,1,1,1,0,2
254-piv-rml-18ton-marki_x4,254,254-piv-rml-18ton-marki,,2,1,1,1,0,0,0,1,1,1,2,0,4
254-fg-turret-markii_ay,254,254-fg-turret-markii,,1,1,1,1,2,2,2,1,1,1,1,0,2
254-fg-turret-markii_y,254,254-fg-turret-markii,,0,0,0,0,1,1,1,1,1,1,1,0,1
254-ct-rml-18ton-marki_a,254,254-ct-rml-18ton-marki,,0.5,0.5,0.5,1,1,1,1,1,0,0,0,0,1
254-cp-armstrong-25ton-blr_ay,254,254-cp-armstrong-25ton-blr,,1,1,0,0,2,2,2,0,0,1,1,0,2
254-c-rml-18ton-marki_x12,254,254-c-rml-18ton-marki,,2,0,1,1,5,6,5,1,1,0,2,0,12
254-c-rml-18ton-marki_x10,254,254-c-rml-18ton-marki,,2,1,1,1,4,5,4,1,1,1,2,0,10
254-c-rml-18ton-marki_x8-side,254,254-c-rml-18ton-marki,,0,0,0,0,4,4,4,0,0,0,0,0,8
254-c-rml-18ton-marki_x8-alt,254,254-c-rml-18ton-marki,,2,1,1,1,3,4,3,0,0,0,0,0,8
254-c-rml-18ton-marki_x8,254,254-c-rml-18ton-marki,,0,0,0,1,4,4,4,1,0,0,0,0,8
254-c-rml-18ton-marki_x4-side,254,254-c-rml-18ton-marki,,0,0,0,0,2,2,2,0,0,0,0,0,4
254-c-rml-18ton-marki_x4-cb,254,254-c-rml-18ton-marki,,2,0,1,1,1,2,1,1,1,0,2,0,4
254-c-rml-18ton-marki_x2-cb,254,254-c-rml-18ton-marki,,2,1,1,1,1,1,0,0,0,0,0,0,2
254-bar-markiii_ay,254,254-bar-markiii,,1,1,1,2,2,2,2,2,1,1,1,0,2
254-bar-markii_ay,254,254-bar-markii,,1,1,1,1,2,2,2,1,1,1,1,0,2
254-ag-p1908_ay,254,254-ag-p1908,,1,1,1,2,2,2,2,2,1,1,1,0,2
254-ag-p1891-la_ay,254,254-ag-p1891-la,,1,1,1,1,2,2,2,1,1,1,1,0,2
254-ag-p1891-ha_ay,254,254-ag-p1891-ha,,1,1,1,1,2,2,2,1,1,1,1,0,2
254-ag-mk6_ay,254,254-ag-mk6,,1,1,1,2,2,2,2,2,1,1,1,0,2
254-ag-mk3_x2-ps,254,254-ag-mk3,,2,1,1,1,2,2,2,1,1,1,2,0,2
254-ag-elswick-w_ay-alt,254,254-ag-elswick-w,,0,0,0,2,2,2,2,2,1,1,1,0,2
254-ag-elswick-w_ay,254,254-ag-elswick-w,,1,1,1,2,2,2,2,2,1,1,1,0,2
254-ag-elswick-single_ay,254,254-ag-elswick-single,,1,1,1,1.5,2,2,2,1.5,1,1,1,0,2
254-ag-elswick-single_a,254,254-ag-elswick-single,,1,1,1,1,1,1,1,0.5,0,0,0,0,1
254-ag-elswick-r_ay,254,254-ag-elswick-r,,1,1,1,2,2,2,2,2,1,1,1,0,2
254-ag-bv_ay,254,254-ag-bv,,1,1,1,1,2,2,2,1,1,1,1,0,2
254-ag-biv_ay,254,254-ag-biv,,1,1,1,1,2,2,2,1,1,1,1,0,2
254-ag-41st-year-single_x4,254,254-ag-41st-year-single,,2,1,1,2,2,2,2,2,1,1,2,0,4
254-ag-41st-year_x6,254,254-ag-41st-year,,2,1,1,3,3,3,3,3,1,1,2,0,6
240-piv-m1870_x2-chase,240,240-piv-m1870,,1,1,1,1,0,0,0,1,1,1,1,0,2
240-piv-m1870_x1-bow,240,240-piv-m1870,,1,1,1,1,0,0,0,0,0,0,0,0,1
240-piv-m1864_x4-chase,240,240-piv-m1864,,2,1,1,0,2,2,2,0,0,0,0,0,4
240-piv-m1864_x2-chase,240,240-piv-m1864,,1,1,0,0,0,0,0,0,1,1,1,0,2
240-cp-m1893-96_x3,240,240-cp-m1893-96,,2,1,1,1,2,2,2,2,2,2,2,0,2
240-cp-m1893-96_x2-chase,240,240-cp-m1893-96,,1,1,1,0,1,1,1,1,1,1,1,0,2
240-c-m1884_x4,240,240-c-m1884,,2,1,1,1,2,2,2,1,1,1,2,0,4
240-c-m1870_x10-side,240,240-c-m1870,,0,0,0,0,5,5,5,0,0,0,0,0,10
240-c-m1870_x8-side,240,240-c-m1870,,0,0,0,0,4,4,4,0,0,0,0,0,8
240-c-m1870_x4-side,240,240-c-m1870,,0,0,0,0,2,2,2,0,0,0,,0,4
240-c-m1864_x10-side,240,240-c-m1864,,0,0,0,0,5,5,5,0,0,0,0,0,10
240-c-m1864_x8-side,240,240-c-m1864,,0,0,0,0,4,4,4,0,0,0,0,0,8
240-c-m1864_x6-side,240,240-c-m1864,,0,0,0,0,3,3,3,0,0,0,0,0,6
240-c-m1864_x4-side,240,240-c-m1864,,0,0,0,0,2,2,2,0,0,0,0,0,4
240-bar-m1870_x4,240,240-bar-m1870,,2,0,1,2,2,2,2,2,1,0,2,0,4
240-bar-m1870_psry,240,240-bar-m1870,,2,1,1,1.5,3,3,3,2,2,2,3,0,4
240-bar-m1870_x2,240,240-bar-m1870,,2,1,1,1,1,1,1,1,1,0,2,0,2
240-bar-m1864_x4,240,240-bar-m1864,,2,0,1,2,2,2,2,2,1,0,2,0,4
240-ag-m1902_x6,240,240-ag-m1902,,2,2,2,3,3,3,3,3,2,2,2,0,6
240-ag-m1893-96_ay,240,240-ag-m1893-96,,1,1,1,1,2,2,2,1,1,1,1,0,2
238-ag-l45_x4,238,238-ag-l45,,2,2,1,2,2,2,2,2,1,2,2,0,4
238-ag-l40-k97-twin_a,238,238-ag-l40-k97-twin,,1,1,1,1,1,1,1,1,0,0,0,0,1
238-ag-l40-k97-single_y,238,238-ag-l40-k97-single,,0,0,0,1,1,1,1,1,1,1,1,0,1
238-ag-l40-k01_ay,238,238-ag-l40-k01,,1,1,1,2,2,2,2,2,1,1,1,0,2
238-ag-drh-lc99_ay,238,238-ag-drh-lc99,,1,1,1,2,2,2,2,2,1,1,1,0,2
238-ag-drh-lc98-pusher_ay,238,238-ag-drh-lc98-pusher,,1,1,1,2,2,2,2,2,1,1,1,0,4
238-ag-drh-lc97_ay,238,238-ag-drh-lc97,,1,1,1,2,2,2,2,2,1,1,1,0,2
234-piv-vcpi_x4,234,234-piv-vcpi,,2,2,1,1,1,2,1,1,1,2,2,0,4
234-gs-vcpii_ay,234,234-gs-vcpii,,1,1,1,2,2,2,2,2,1,1,1,0,2
234-gs-vcpi_ay,234,234-gs-vcpi,,1,1,1,2,2,2,2,2,1,1,1,0,2
234-gs-vcpi_y,234,234-gs-vcpi,,0,0,0,1,1,1,1,1,1,1,1,0,1
234-bar-vcpi_x4,234,234-bar-vcpi,,3,2,2,2,3,3,3,3,2,2,3,0,4
234-ag-markviii_x2,234,234-ag-markviii,,0,0,0,1,1,1,1,1,0,0,0,0,2
234-ag-markvii_x4,234,234-ag-markvii,,2,1,1,2,2,2,2,2,1,1,2,0,4
234-ag-markvii_ay,234,234-ag-markvii,,1,1,1,2,2,2,2,2,1,1,1,0,2
234-ag-markv_x6,234,234-ag-markv,,3,2,2,4,4,4,4,4,2,2,3,0,6
234-ag-markv_x4,234,234-ag-markv,,2,1,1,2,2,2,2,2,1,1,2,0,4
234-ag-markv_ay,234,234-ag-markv,,1,1,1,2,2,2,2,2,1,1,1,0,2
234-ag-cpiv_ay,234,234-ag-cpiv,,1,1,1,2,2,2,2,2,1,1,1,0,2
233-ccar-100pdr-somerset_x16,233,233-ccar-100pdr-somerset,,0,0,0,0,8,8,8,0,0,0,0,0,16
233-ccar-100pdr-somerset_x8-side,233,233-ccar-100pdr-somerset,,0,0,0,0,4,4,4,0,0,0,0,0,8
233-c-100pdr-somerset_x8,233,233-c-100pdr-somerset,,0,0,0,0,4,4,4,0,0,0,0,0,8
233-c-100pdr-somerset_x4,233,233-c-100pdr-somerset,,2,0,1,1,2,2,2,1,1,0,2,0,4
233-c-100pdr-somerset_x2,233,233-c-100pdr-somerset,,2,0,1,1,1,1,1,0,0,0,0,0,2
229-piv-rml-12ton-marki_x8,229,229-piv-rml-12ton-marki,,0,0,0,0,4,4,4,0,0,0,0,0,8
229-piv-rml-12ton-marki_x7,229,229-piv-rml-12ton-marki,,0,0,0,0,3,4,4,1,1,1,1,0,7
229-piv-rml-12ton-marki_x3-chase,229,229-piv-rml-12ton-marki,,2,1,1,1,1.5,1.5,1.5,0.5,1,1,1,0,3
229-piv-rml-12ton-marki_x2-chase-fore,229,229-piv-rml-12ton-marki,,2,1,1,1,1,1,1,0,0,0,0,0,2
229-piv-rml-12ton-marki_x2-chase-alt,229,229-piv-rml-12ton-marki,,1,1,1,0.5,1,2,1,0.5,1,1,1,0,2
229-piv-rml-12ton-marki_x2-chase-aft,229,229-piv-rml-12ton-marki,,0,0,0,0,1,1,1,1,2,2,2,0,2
229-piv-rml-12ton-marki_x2-chase,229,229-piv-rml-12ton-marki,,1,1,1,1,0,0,0,1,1,1,1,0,2
229-piv-rml-12ton-marki_x1-chase-aft,229,229-piv-rml-12ton-marki,,0,0,0,0,0.5,0.5,0.5,0.5,1,1,1,0,1
229-ccar-rml-12ton-marki_x10-side,229,229-ccar-rml-12ton-marki,,0,0,0,0,5,5,5,0,0,0,0,0,10
229-c-rml-12ton-marki_x14-side,229,229-c-rml-12ton-marki,,0,0,0,0,7,7,7,0,0,0,0,0,14
229-c-rml-12ton-marki_x12-side,229,229-c-rml-12ton-marki,,0,0,0,0,6,6,6,0,0,0,0,0,12
229-c-rml-12ton-marki_x10-side,229,229-c-rml-12ton-marki,,0,0,0,0,5,5,5,0,0,0,0,0,10
229-c-rml-12ton-marki_x10,229,229-c-rml-12ton-marki,,2,1,1,1,4,5,4,1,1,1,2,0,10
229-c-rml-12ton-marki_x8-side,229,229-c-rml-12ton-marki,,0,0,0,0,4,4,4,0,0,0,0,0,8
229-c-rml-12ton-marki_x4-side,229,229-c-rml-12ton-marki,,0,0,0,0,2,2,2,0,0,0,0,0,4
229-c-rml-12ton-marki_x4,229,229-c-rml-12ton-marki,,0,0,0,1,1,1,0,0,0,1,2,0,4
229-c-rml-12ton-marki_x2-chase,229,229-c-rml-12ton-marki,,1,1,1,1,0,0,0,0,1,1,1,0,2
229-c-rml-12ton-marki_x2-bow,229,229-c-rml-12ton-marki,,2,1,1,0,0,0,0,0,0,0,0,0,2
223-piv-paixhans-fra_x4,223,223-piv-paixhans-fra,,2,1,1,1,1,2,1,1,1,1,2,0,4
223-piv-paixhans-fra_x2-bow,223,223-piv-paixhans-fra,,2,1,1,0,0,0,0,0,0,0,0,0,2
223-piv-paixhans-fra_x2,223,223-piv-paixhans-fra,,0,0,0,0,1,1,1,0,0,0,0,0,2
209-c-mpl-c04_x4,209,209-c-mpl-c04,,2,1,1,1,2,2,2,1,1,1,2,0,4
209-bar-rk-l30-c84_a,209,209-bar-rk-l30-c84,,1,1,1,1,1,1,1,1,0,0,0,0,1
209-ag-tl-c97_ay,209,209-ag-tl-c97,,1,1,1,1,2,2,2,1,1,1,1,0,2
209-ag-drl-c06_x6,209,209-ag-drl-c06,,3,2,2,4,4,4,4,4,2,2,3,0,6
209-ag-dr-lc01_ay,209,209-ag-dr-lc01,,1,1,1,1,2,2,2,1,1,1,1,0,2
206-ccar-68pdr-95cwt_x30-side,206,206-ccar-68pdr-95cwt,,0,0,0,0,15,15,15,0,0,0,0,0,30
206-ccar-68pdr-95cwt_x24-side,206,206-ccar-68pdr-95cwt,,0,0,0,0,12,12,12,0,0,0,0,0,24
206-ccar-68pdr-95cwt_x20-side,206,206-ccar-68pdr-95cwt,,0,0,0,0,10,10,10,0,0,0,0,0,20
206-ccar-68pdr-95cwt_x18-side,206,206-ccar-68pdr-95cwt,,0,0,0,0,9,9,9,0,0,0,0,0,18
206-ccar-68pdr-95cwt_x16-side,206,206-ccar-68pdr-95cwt,,0,0,0,0,8,8,8,0,0,0,0,0,16
206-ccar-68pdr-95cwt_x12-side,206,206-ccar-68pdr-95cwt,,0,0,0,0,6,6,6,0,0,0,0,0,12
206-ccar-68pdr-95cwt_x10-side,206,206-ccar-68pdr-95cwt,,0,0,0,0,5,5,5,0,0,0,0,0,10
206-ccar-68pdr-95cwt_x6-side,206,206-ccar-68pdr-95cwt,,0,0,0,0,3,3,3,0,0,0,0,0,6
206-car-68pdr-95cwt_x12-side,206,206-car-68pdr-95cwt,,0,0,0,0,6,6,6,0,0,0,0,0,12
206-car-68pdr-95cwt_x8-side,206,206-car-68pdr-95cwt,,0,0,0,0,4,4,4,0,0,0,0,0,8
206-car-68pdr-95cwt_x2-chase,206,206-car-68pdr-95cwt,,1,1,1,0.5,0.5,0.5,0.5,0.5,1,1,1,0,2
203-piv-rml-9ton-marki_x4-chase,203,203-piv-rml-9ton-marki,,2,1,1,1,2,2,2,1,1,2,2,0,4
203-piv-rml-9ton-marki_x2-side,203,203-piv-rml-9ton-marki,,0,0,0,0,1,1,1,0,0,0,0,0,2
203-piv-rml-9ton-marki_x2-chase-aft,203,203-piv-rml-9ton-marki,,0,0,0,0,1,1,1,1,1,2,2,0,2
203-piv-rml-9ton-marki_x2-chase,203,203-piv-rml-9ton-marki,,1,1,1,1,0,0,0,1,1,1,1,0,2
203-gs-vcp1_ay,203,203-gs-vcp1,,1,1,1,2,2,2,2,2,1,1,1,0,2
203-gs-p1905-c_x8,203,203-gs-p1905-c,,4,3,3,4,6,6,6,5,3,3,4,0,8
203-gs-p1905-c_x4,203,203-gs-p1905-c,,2,1,1,2,2,2,2,2,1,1,2,0,4
203-gs-p1892_x4,203,203-gs-p1892,,2,1,1,1,2,2,2,1,1,2,2,0,4
203-gs-p1892_x2-aft,203,203-gs-p1892,,0,0,0,0,1,1,1,1,1,1,2,0,2
203-gs-p1885_x4,203,203-gs-p1885,,2,1,1,1,2,2,2,2,1,1,2,0,4
203-gs-p1885_ps,203,203-gs-p1885,,2,1,1,1,1,1,1,1,0,0,0,0,2
203-gs-mk9_x4,203,203-gs-mk9,,2,1,1,2,2,2,2,2,1,1,2,0,4
203-gs-mk3_x2-ps,203,203-gs-mk3,,2,1,1,1,1,1,1,1,1,1,2,0,2
203-gs-mk3_y,203,203-gs-mk3,,0,0,0,1,1,1,1,1,1,1,1,0,1
203-gs-central-pivot_x4-alt,203,203-gs-central-pivot,,2,1,1,2,2,2,2,1.5,1,1,2,0,4
203-gs-central-pivot_x4,203,203-gs-central-pivot,,2,1,1,2,2,2,2,2,1,1,2,0,4
203-gs-armstrong-u_ay,203,203-gs-armstrong-u,,1,1,1,1,2,2,2,1,1,1,1,0,2
203-cp-41st-year-type_x6,203,203-cp-41st-year-type,,2,1,1,2,3,3,3,2,1,1,2,0,6
203-cp-41st-year-type_x4,203,203-cp-41st-year-type,,2,1,1,2,2,2,2,2,1,1,2,0,4
203-c-vbi_x8-side,203,203-c-vbi,,0,0,0,0,4,4,4,0,0,0,0,0,10
203-c-vbi_x14-side,203,203-c-vbi,,0,0,0,0,7,7,7,0,0,0,0,0,10
203-c-vbi_x10-side,203,203-c-vbi,,0,0,0,0,5,5,5,0,0,0,0,0,10
203-c-rml-9ton-marki_x20-side,203,203-c-rml-9ton-marki,,0,0,0,0,10,10,10,0,0,0,0,0,20
203-c-rml-9ton-marki_x18,203,203-c-rml-9ton-marki,,0,0,0,0,9,9,9,0,0,0,0,0,18
203-c-rml-9ton-marki_x14-side,203,203-c-rml-9ton-marki,,0,0,0,0,7,7,7,0,0,0,0,0,14
203-c-rml-9ton-marki_x12-side,203,203-c-rml-9ton-marki,,0,0,0,0,6,6,6,0,0,0,0,0,12
203-c-rml-9ton-marki_x8-side,203,203-c-rml-9ton-marki,,0,0,0,0,4,4,4,0,0,0,0,0,8
203-c-rml-9ton-marki_x8,203,203-c-rml-9ton-marki,,2,0,1,0,4,4,4,0,1,0,2,0,8
203-c-rml-9ton-marki_x4-side,203,203-c-rml-9ton-marki,,0,0,0,0,2,2,2,0,0,0,0,0,4
203-c-rml-9ton-marki_x4,203,203-c-rml-9ton-marki,,2,0,1,0,2,2,2,0,1,0,2,0,4
203-c-rml-9ton-marki_x2-side,203,203-c-rml-9ton-marki,,0,0,0,0,1,1,1,0,0,0,0,0,2
203-c-p1905-c_x6,203,203-c-p1905-c,,2,1,1,2,3,3,3,2,1,1,2,0,6
203-c-p1905-c_x4,203,203-c-p1905-c,,2,1,1,1,2,2,2,1,1,1,2,0,4
203-c-p1892_x4,203,203-c-p1892,,2,1,1,2,2,2,2,1,1,1,2,0,4
203-c-p1892_x2-fore,203,203-c-p1892,,2,1,1,1,1,1,1,0,0,0,0,0,2
203-c-o1877_x4,203,203-c-o1877,,2,1,1,1,2,2,2,1,1,1,2,0,4
203-c-elswick-w_x4,203,203-c-elswick-w,,2,1,1,1,2,2,2,1,1,1,2,0,4
203-bg-markii*_aby,203,203-bg-markii*,,2,2,2,3,3,3,3,3,1,1,1,0,3
203-bg-marki_abxy,203,203-bg-marki,,2,2,2,4,4,4,4,4,2,2,2,0,4
203-bg-marki_aby,203,203-bg-marki,,2,2,2,3,3,3,3,3,1,1,1,0,3
203-bg-marki_a,203,203-bg-marki,,1,1,1,1,1,1,1,1,0,0,0,0,1
203-bargs-p1885_apsy,203,203-bargs-p1885,,3,2,2,3,3,3,3,3,2,2,3,0,4
203-bar-p1885_apsy,203,203-bar-p1885,,3,2,2,3,3,3,3,3,2,2,3,0,4
203-bar-o1877_x2,203,203-bar-o1877,,2,1,1,1,1,1,1,1,0,0,0,0,2
203-at-mk71_x1-a,203,203-at-mk71,,1,1,1,1,1,1,1,1,0,0,0,1,1
203-ag-tripple-turret_aby,203,203-ag-tripple-turret,,2,2,2,3,3,3,3,3,1,1,1,0,3
203-ag-tripple_aby,203,203-ag-tripple,,2,2,2,3,3,3,3,3,1,1,1,0,3
203-ag-tripple_bx,203,203-ag-tripple,,1,1,1,2,2,2,2,2,1,1,1,0,2
203-ag-sh_aby,203,203-ag-sh,,2,2,2,3,3,3,3,3,1,1,1,0,3
203-ag-rf_aby,203,203-ag-rf,,2,2,2,3,3,3,3,3,1,1,1,3,3
203-ag-p1905-t_x6-alt,203,203-ag-p1905-t,,4,2,2,3,3,3,3,3,2,1,4,0,4
203-ag-p1905-t_x6,203,203-ag-p1905-t,,2,1,1,2,3,3,3,2,1,1,2,0,4
203-ag-p1905-t_x4,203,203-ag-p1905-t,,2,1,1,1,2,2,2,1,1,1,2,0,4
203-ag-p1905-t_x2-ay,203,203-ag-p1905-t,,1,1,1,1,2,2,2,1,1,1,1,0,2
203-ag-p1892_ay,203,203-ag-p1892,,1,1,1,2,2,2,2,2,1,1,1,0,2
203-ag-model-e2_abcxy,203,203-ag-model-e2,,3,2,3,5,5,5,5,4.5,2,2,2,0,5
203-ag-model-e2_abcd,203,203-ag-model-e2,,2,2,2,4,4,4,4,4,0,0,0,0,4
203-ag-model-e2_aby,203,203-ag-model-e2,,2,2,2,3,3,3,3,3,1,1,1,0,3
203-ag-model-e2_abc,203,203-ag-model-e2,,3,2,3,3,3,3,3,2.5,0,0,0,0,3
203-ag-model-c_aby,203,203-ag-model-c,,2,2,2,3,3,3,3,3,1,1,1,0,3
203-ag-model-c_ab,203,203-ag-model-c,,2,2,2,2,2,2,2,2,0,0,0,0,2
203-ag-mk9_x4,203,203-ag-mk9,,2,1,1,2,2,2,2,2,1,1,2,0,4
203-ag-mk9_apsy,203,203-ag-mk9,,2,2,2,3,3,3,3,3,2,2,2,0,4
203-ag-mk9_ay,203,203-ag-mk9,,1,1,1,2,2,2,2,2,1,1,1,0,2
203-ag-mk8_x4-alt,203,203-ag-mk8,,2,1,1,2,2,2,2,2,1,2,2,0,4
203-ag-mk8_x4,203,203-ag-mk8,,2,2,1,2,2,2,2,2,1,2,2,0,4
203-ag-mk8_apsy,203,203-ag-mk8,,3,2,2,3,3,3,3,2,2,2,3,0,4
203-ag-mk8_ay,203,203-ag-mk8,,1,1,1,1.5,2,2,2,1.5,1,1,1,0,2
203-ag-mk6_ay,203,203-ag-mk6,,1,1,1,1.5,2,2,2,1.5,1,1,1,0,2
203-ag-mk5_ay,203,203-ag-mk5-d,,1,1,1,1.5,2,2,2,1.5,1,1,1,0,2
203-ag-mk12-tripple_aby,203,203-ag-mk12-tripple,,2,2,2,3,3,3,3,3,1,1,1,0,3
203-ag-mk12-gun_aby,203,203-ag-mk12-gun,,2,2,2,3,3,3,3,3,1,1,1,0,3
203-ag-mk12_x4,203,203-ag-mk12,,2,1,1,2,2,2,2,2,1,1,2,0,4
203-ag-mk12_ps,203,203-ag-mk12,,2,1,1,1,1,1,1,1,1,1,2,0,2
203-ag-mk12_ay,203,203-ag-mk12,,1,1,1,2,2,2,2,2,1,1,1,0,2
203-ag-m1931_abxy,203,203-ag-m1931,,2,2,2,3,4,4,4,3,2,2,2,0,4
203-ag-m1927_abxy,203,203-ag-m1927,,2,2,2,4,4,4,4,4,2,2,2,0,4
203-ag-m1924-fra_abxy,203,203-ag-m1924-fra,,2,2,2,3.5,4,4,4,3.5,2,2,2,0,4
203-ag-m1924_abxy,203,203-ag-m1924,,2,2,2,3.5,4,4,4,3.5,2,2,2,0,4
203-ag-l-c34_abxy,203,203-ag-l-c34,,2,2,2,4,4,4,4,4,2,2,2,0,4
203-ag-l-c34_ay,203,203-ag-l-c34,,1,1,1,2,2,2,2,2,1,1,1,0,2
203-ag-elswick-w-twin_x6,203,203-ag-elswick-w-twin,,4,2,2,2.5,3,3,3,2.5,2,2,4,0,6
203-ag-elswick-w-twin_y,203,203-ag-elswick-w-twin,,0,0,0,0,1,1,1,1,1,1,1,0,1
203-ag-double_abxy,203,203-ag-double,,2,2,2,4,4,4,4,4,2,2,2,0,4
203-ag-double_ay,203,203-ag-double,,1,1,1,2,2,2,2,2,1,1,1,0,2
203-ag-barbette_ay,203,203-ag-barbette,,1,1,1,1,2,2,2,1,1,1,1,0,2
203-ag-armstrong-u_ay,203,203-ag-armstrong-u,,1,1,1,1,2,2,2,1,1,1,1,0,2
203-ag-armstrong-u_a,203,203-ag-armstrong-u,,1,1,1,1,1,1,1,0,0,0,0,0,1
203-ag-model-e_abcxy,200,203-ag-model-e,,2,2,2,4.5,5,5,5,5,2,2,2,0,5
203-ag-model-e_abxy,200,203-ag-model-e,,2,2,2,3.5,4,4,4,3.5,2,2,2,0,4
203-ag-model-d_abcxy,200,203-ag-model-d,,2,2,2,4.5,5,5,5,5,2,2,2,0,5
200-c-model-a1_x10-sides,200,200-c-model-a1,,,0,,,,,5,,,0,,0,10
200-c-model-a1_x6-sides,200,200-c-model-a1,,,0,,,,,3,,,0,,0,6
200-ag-model-c_abcxy,200,200-ag-model-c,,,2,,,,,5,,,2,,0,5
200-ag-model-c_aby,200,200-ag-model-c,,,2,,,,,3,,,1,,0,3
200-ag-model-b_aby,200,200-ag-model-b,,,2,,,,,3,,,1,,0,3
200-ag-model-b_x2-fore,200,200-ag-model-b,,,2,,,,,1,,,0,,0,2
200-ag-model-a_abcxyz,200,200-ag-model-a,,,2,,,,,6,,,2,,0,6
194-piv-m1870_x7,194,194-piv-m1870,,,2,,,,,3,,,1,,0,7
194-piv-m1870_x5,194,194-piv-m1870,,,2,,,,,2,,,1,,0,5
194-piv-m1870_x4-chase-plus,194,194-piv-m1870,,1,1,1,0,1,1,1,0,1,1,1,0,4
194-piv-m1870_x4-chase,194,194-piv-m1870,,2,1,1,0,0,0,0,0,1,1,2,0,4
194-piv-m1870_x3,194,194-piv-m1870,,2,1,1,0,0,0,0,0,1,1,1,0,3
194-piv-m1870_x2-chase,194,194-piv-m1870,,,1,,,,,0,,,1,,0,2
194-piv-m1870_x1-bow,194,194-piv-m1870,,1,1,0,0,0,0,0,0,0,0,0,0,1
194-piv-m1864_x6-side,194,194-piv-m1864,,0,0,0,0,3,3,3,0,0,0,0,0,6
194-piv-m1864_x4-side,194,194-piv-m1864,,0,0,0,0,2,2,2,0,0,0,0,0,4
194-piv-m1864_x4-chase,194,194-piv-m1864,,2,1,1,0,0,0,0,0,1,1,2,0,4
194-piv-m1864_x4,194,194-piv-m1864,,1,1,1,0,1,1,1,0,1,1,1,0,4
194-piv-m1864_x2-side,194,194-piv-m1864,,0,0,0,0,1,1,1,0,0,0,0,0,2
194-piv-m1864_x2-chase,194,194-piv-m1864,,1,1,0,0,0,0,0,0,1,1,1,0,2
194-piv-m1864_x1-bow,194,194-piv-m1864,,1,1,1,0,0,0,0,0,0,0,0,0,1
194-cp-m1870_x1-aft,194,194-cp-m1870,,0,0,0,,,,1,1,1,1,1,0,1
194-ccar-50pdr_x16,194,194-ccar-50pdr,,0,0,0,0,8,8,8,0,0,0,0,0,16
194-ccar-50pdr_x12,194,194-ccar-50pdr,,,0,,,,,6,,,0,,0,12
194-ccar-50pdr_x10-side,194,194-ccar-50pdr,,0,0,0,0,5,5,5,0,0,0,0,0,10
194-ccar-50pdr_x10,194,194-ccar-50pdr,,1,1,1,0,3,3,3,0,1,1,1,0,10
194-c-m1904_x4,194,194-c-m1904,,,1,,,,,2,,,1,,0,4
194-c-m1870_x4-side,194,194-c-m1870,,,0,,,,,2,,,0,,0,4
194-c-m1864_x14-side,194,194-c-m1864,,0,0,0,0,7,7,7,0,0,0,0,0,14
194-c-m1864_x12-side,194,194-c-m1864,,0,0,0,0,6,6,6,0,0,0,0,0,12
194-c-m1864_x6-side,194,194-c-m1864,,0,0,0,0,3,3,3,0,0,0,0,0,6
194-c-m1864_x4-side,194,194-c-m1864,,0,0,0,0,2,2,2,0,0,0,0,0,4
194-bar-m1870_x2-side,194,194-bar-m1870,,,0,,,,,1,,,0,,0,4
194-bar-m1864_x2-side,194,194-bar-m1864,,,0,,,,,1,,,0,,0,2
194-ag-m1904-twin_ay,194,194-ag-m1904-twin,,,1,,,,,2,,,1,,0,2
194-ag-m1904_x6,194,194-ag-m1904,,,2,,,,,3,,,2,,0,6
194-ag-m1896-twin_ay,194,194-ag-m1896-twin,,,1,,,,,2,,,1,,0,2
194-ag-m1896_ay,194,194-ag-m1896,,,1,,,,,2,,,1,,0,2
194-ag-m1893_ay,194,194-ag-m1893,,,1,,,,,2,,,1,,0,2
194-ag-m1887_ay,194,194-ag-m1887,,,1,,,,,2,,,1,,0,2
190-gs-cp-markv_abpsxyz,190,190-gs-cp-markv,,,3,,,,,6,,,4,,0,7
190-gs-cp-markv_apsxyz,190,190-gs-cp-markv,,,2,,,,,5,,,4,,0,6
190-gs-cp-markv_abxyz,190,190-gs-cp-markv,,,2,,,,,5,,,3,,0,5
190-gs-cp-markv_abpsz,190,190-gs-cp-markv,,,3,,,,,4,,,2,,0,5
190-gs-cp-markv_apsz,190,190-gs-cp-markv,,,1,,,,,3,,,1,,0,4
190-gs-cp-markv_axy,190,190-gs-cp-markv,,,1,,,,,3,,,2,,0,3
190-c-l42_x8,190,190-c-l42,,,1,,,,,4,,,1,,0,8
190-c-cp-markiv_x14,190,190-c-cp-markiv,,,2,,,,,7,,,2,,0,14
190-c-cp-markiii_x14,190,190-c-cp-markiii,,4,2,2,5,7,7,7,5,2,2,4,0,14
190-ag-vickers-twin_x4,190,190-ag-vickers-twin,,2,1,1,2,2,2,2,2,1,1,2,0,4
190-ag-markiii-ii_x10,190,190-ag-markiii-ii,,8,1,4,5,5,5,5,5,4,1,8,0,10
190-ag-markiii-ii_x4-side,190,190-ag-markiii-ii,,2,0,1,2,2,2,2,2,1,0,2,0,4
190-ag-l42_x4,190,190-ag-l42,,,1,,,,,2,,,1,,0,4
190-ag-cp-marki_apsy,190,190-ag-cp-marki,,,2,,,,,3,,,1,,0,4
183-mousetrap-mk20_x4-fore,183,,183-mousetrap-mk20,4,4,0,0,0,0,0,0,0,0,0,0,4
183-mousetrap-mk20_x3-fore,183,,183-mousetrap-mk20,3,3,0,0,0,0,0,0,0,0,0,0,3
183-mousetrap-mk20_x2-fore,183,,183-mousetrap-mk20,2,2,0,0,0,0,0,0,0,0,0,0,2
183-hedgehog-mk15_x2-wing,183,,183-hedgehog-mk15,0,0,0,1,1,1,1,1,0,0,0,0,2
183-hedgehog-mk15_x1-fore,183,,183-hedgehog-mk15,1,1,1,1,1,1,1,0,0,0,0,0,1
183-hedgehog-mk15_x1-b,183,,183-hedgehog-mk15,1,1,1,1,1,1,1,1,0,0,0,0,1
183-hedgehog-mk10_x2-fore,183,,183-hedgehog-mk10,2,1,1,0,0,0,0,0,0,0,0,0,2
183-hedgehog-mk10_x1-fore,183,,183-hedgehog-mk10,1,1,0,0,0,0,0,0,0,0,0,0,1
180-ag-mk3-180_aby,180,180-ag-mk3-180,,,2,,,,,2,,,1,,0,3
180-ag-mk1-180_abxy,180,180-ag-mk1-180,,,2,,,,,4,,,2,,0,4
178-piv-rml-7ton-armstrong_x8-chase,178,178-piv-rml-7ton-armstrong,,4,2,2,2,2,3,1,1,2,4,4,0,4
178-piv-rml-7ton-armstrong_x4-mess,178,178-piv-rml-7ton-armstrong,,2,1,1,1,1,2,1,1,1,1,2,0,4
178-piv-rml-7ton-armstrong_x4-ends,178,178-piv-rml-7ton-armstrong,,2,1,1,1,1,2,1,1,1,2,2,0,4
178-piv-rml-7ton-armstrong_x4-chase-herc,178,178-piv-rml-7ton-armstrong,,2,1,1,1,1,2,1,1,1,1,2,0,4
178-piv-rml-7ton-armstrong_x4-chase-alt,178,178-piv-rml-7ton-armstrong,,2,1,1,1,2,2,2,1,1,2,2,0,4
178-piv-rml-7ton-armstrong_x4,178,178-piv-rml-7ton-armstrong,,1,1,1,1,2,3,2,1,1,1,1,0,4
178-piv-rml-7ton-armstrong_x3-stern,178,178-piv-rml-7ton-armstrong,,,0,,,,,2,,,2,,0,3
178-piv-rml-7ton-armstrong_x3-chase,178,178-piv-rml-7ton-armstrong,,2,1,1,1,1,2,0.5,0.5,1,1,1,0,3
178-piv-rml-7ton-armstrong_x2-chase-fore,178,178-piv-rml-7ton-armstrong,,2,1,1,0,0,0,0,0,0,0,0,0,2
178-piv-rml-7ton-armstrong_x2-chase-aft,178,178-piv-rml-7ton-armstrong,,0,0,0,0,1,1,1,1,1,2,2,0,2
178-piv-rml-7ton-armstrong_x2-chase,178,178-piv-rml-7ton-armstrong,,,1,,,,,1,,,1,,0,2
178-piv-rml-6ton-armstrong_x4,178,178-piv-rml-6ton-armstrong,,,1,,,,,2,,,1,,0,4
178-piv-rml-6ton-armstrong_x2-side,178,178-piv-rml-6ton-armstrong,,0,0,0,0,1,1,1,0,0,0,0,0,2
178-piv-rml-6ton-armstrong_x2-chase,178,178-piv-rml-6ton-armstrong,,,1,,,,,2,,,1,,0,2
178-piv-rbl-110pdr-82cwt_x10,178,178-piv-rbl-110pdr-82cwt,,2,1,1,1,5,5,5,1,1,2,2,0,10
178-piv-rbl-110pdr-82cwt_x4-chase,178,178-piv-rbl-110pdr-82cwt,,2,1,1,1,1,2,1,1,1,2,2,0,4
178-piv-rbl-110pdr-82cwt_x4,178,178-piv-rbl-110pdr-82cwt,,1,1,1,1,2,3,2,1,1,1,1,0,4
178-piv-rbl-110pdr-82cwt_x3-chase,178,178-piv-rbl-110pdr-82cwt,,2,1,1,1,1,2,0.5,0.5,1,1,1,0,3
178-piv-rbl-110pdr-82cwt_x2-chase,178,178-piv-rbl-110pdr-82cwt,,1,1,0.5,0.5,0.5,2,0.5,0.5,0.5,1,1,0,2
178-p-mk2_x8-alt,178,178-p-mk2,,4,1,2,2,4,4,4,2,2,0,4,0,8
178-p-mk2_x8,178,178-p-mk2,,4,1,2,2,4,4,4,2,2,1,4,0,8
178-p-mk1_x12,178,178-p-mk1,,6,1,3,3,6,6,6,3,3,1,6,0,12
178-p-mk1_x6,178,178-p-mk1,,,1,,,,,3,,,0,,0,6
178-ccar-rml-7ton-armstrong_x24-side,178,178-ccar-rml-7ton-armstrong,,0,0,0,0,12,12,12,0,0,0,0,0,24
178-ccar-rml-7ton-armstrong_x12-side,178,178-ccar-rml-7ton-armstrong,,0,0,0,0,6,6,6,0,0,0,0,0,12
178-ccar-rml-7ton-armstrong_x6-side,178,178-ccar-rml-7ton-armstrong,,0,0,0,0,3,3,3,0,0,0,0,0,6
178-ccar-rml-7ton-armstrong_x4-side,178,178-ccar-rml-7ton-armstrong,,0,0,0,0,2,2,2,0,0,0,0,0,4
178-ccar-rbl-110pdr-82cwt_x40,178,178-ccar-rbl-110pdr-82cwt,,,0,,,,,20,,,0,,0,40
178-ccar-rbl-110pdr-82cwt_x16,178,178-ccar-rbl-110pdr-82cwt,,0,0,0,0,8,8,8,0,0,0,0,0,20
178-ccar-rbl-110pdr-82cwt_x8-side,178,178-ccar-rbl-110pdr-82cwt,,0,0,0,0,4,4,4,0,0,0,0,0,8
178-car-rbl-110pdr-82cwt_x6-side,178,178-car-rbl-110pdr-82cwt,,0,0,0,0,3,3,3,0,0,0,0,0,6
178-c-rml-7ton-armstrong_x20-side,178,178-c-rml-7ton-armstrong,,0,0,0,0,10,10,10,0,0,0,0,0,20
178-c-rml-7ton-armstrong_x20,178,178-c-rml-7ton-armstrong,,0,0,0,0,10,10,10,0,0,0,0,0,20
178-c-rml-7ton-armstrong_x18-side,178,178-c-rml-7ton-armstrong,,0,0,0,0,9,9,9,0,0,0,0,0,18
178-c-rml-7ton-armstrong_x16-side,178,178-c-rml-7ton-armstrong,,0,0,0,0,8,8,8,0,0,0,0,0,16
178-c-rml-7ton-armstrong_x12-side,178,178-c-rml-7ton-armstrong,,0,0,0,0,6,6,6,0,0,0,0,0,12
178-c-rml-7ton-armstrong_x8,178,178-c-rml-7ton-armstrong,,0,0,0,0,4,4,4,0,0,0,0,0,8
178-c-rml-7ton-armstrong_x4-side,178,178-c-rml-7ton-armstrong,,0,0,0,0,2,2,2,0,0,0,0,0,4
178-c-rml-7ton-armstrong_x4-enterprise,178,178-c-rml-7ton-armstrong,,2,0,1,1,2,2,2,1,1,0,2,0,4
178-c-rml-7ton-armstrong_x4,178,178-c-rml-7ton-armstrong,,2,0,1,0,2,2,2,0,1,0,2,0,4
178-c-rml-7ton-armstrong_x3-chase,178,178-c-rml-7ton-armstrong,,,1,,,,,0,,,1,,0,3
178-c-rml-7ton-armstrong_x2-bow,178,178-c-rml-7ton-armstrong,,2,1,1,0,0,0,0,0,0,0,0,0,2
178-c-rml-6ton-armstrong_x4,178,178-c-rml-6ton-armstrong,,2,0,1,1,2,2,2,1,1,0,2,0,4
178-c-rml-6ton-armstrong_x2-chase-aft,178,178-c-rml-6ton-armstrong,,0,0,0,0,1,1,1,1,1,2,2,0,2
178-c-rml-6ton-armstrong_x2-chase,178,178-c-rml-6ton-armstrong,,,2,,,,,0,0,0,0,0,0,2
178-c-rbl-110pdr-82cwt_x40,178,178-c-rbl-110pdr-82cwt,,0,0,0,0,20,20,20,0,0,0,0,0,40
178-c-rbl-110pdr-82cwt_x2,178,178-c-rbl-110pdr-82cwt,,0,0,0,0,1,1,1,1,1,0,2,0,2
178-up_x5-hood,178,,178-up,,2,,,,,3,,,1,,5,5
178-up_x4-nelson,178,,178-up,,4,,,,,4,,,2,,4,4
178-up_x4-kjv,178,,178-up,,1,,,,,4,,,3,,4,4
178-up_x3-kjv,178,,178-up,,1,,,,,3,,,2,,3,3
178-up_x2-turret,178,,178-up,,1,,,,,2,,,1,,2,2
178-up_x2-sides,178,,178-up,,0,,,,,1,,,0,,2,2
178-up_x1-fore,178,,178-up,,1,,,,,1,,,0,,1,1
178-up_x1-fantail,178,,178-up,,0,,,,,1,,,1,,1,1
178-up_x1,178,,178-up,,0,,,,,1,,,0,,1,1
173-piv-rk-l25-c72_x2,173,173-piv-rk-l25-c72,,,1,,,,,1,,,0,,0,2
173-piv-rk-l25-c72_x1-fore,173,173-piv-rk-l25-c72,,,1,,,,,1,,,0,,0,1
173-piv-rk-l20-c67_x3-kongo,173,173-piv-rk-l20-c67,,,1,,,,,2,,,1,,0,3
173-c-mpl-c02_x14,173,173-c-mpl-c02,,,2,,,,,7,,,2,,0,14
173-c-mpl-c02_x10,173,173-c-mpl-c02,,,1,,,,,5,,,1,,0,10
173-c-mpl-c02_x8,173,173-c-mpl-c02,,,1,,,,,4,,,1,,0,8
173-c-drl-c01_x4,173,173-c-drl-c01,,,1,,,,,2,,,1,,0,4
165-piv-ml-m1858-60_x4-chase,165,165-piv-ml-m1858-60,,2,0,1,1,1,2,1,1,1,0,2,0,4
165-piv-m1884_x8-alt,165,165-piv-m1884,,,2,,,,,4,,,2,,0,8
165-piv-m1884_x8,165,165-piv-m1884,,,2,,,,,4,,,1,,0,8
165-piv-m1884_x6,165,165-piv-m1884,,,2,,,,,2.5,,,1,,0,6
165-piv-m1884_x4-side,165,165-piv-m1884,,,0,,,,,2,,,0,,0,4
165-piv-m1881_x7,165,165-piv-m1881,,,2,,,,,3,,,1,,0,7
165-piv-m1881_x6-alt,165,165-piv-m1881,,,2,,,,,3,,,1,,0,6
165-piv-m1881_x6,165,165-piv-m1881,,,2,,,,,2.5,,,1,,0,6
165-piv-m1881_x5,165,165-piv-m1881,,,2,,,,,2,,,1,,0,5
165-piv-m1881_x2-bow,165,165-piv-m1881,,,1,,,,,1,,,0,,0,2
165-piv-m1881_x1-bow,165,165-piv-m1881,,,1,,,,,0,,,0,,0,1
165-piv-m1870_x4-chase,165,165-piv-m1870,,,1,,,,,2,,,2,,0,4
165-piv-m1870_x2-chase,165,165-piv-m1870,,,1,,,,,1,,,0,,0,2
165-piv-m1864_x4-chase,165,165-piv-m1864,,2,0,1,1,1,2,1,1,1,0,2,0,4
165-piv-m1864_x2-chase,165,165-piv-m1864,,,1,,,,,2,,,1,,0,2
165-piv-bg-m1858-60_x6-side,165,165-piv-bg-m1858-60,,0,0,0,0,3,3,3,0,0,0,0,0,6
165-piv-bg-m1858-60_x4-side,165,165-piv-bg-m1858-60,,0,0,0,0,2,2,2,0,0,0,0,0,4
165-gs-m1893-1896_x6,165,165-gs-m1893-1896,,,2,,,,,4,,,2,,0,6
165-gs-m1893-1896_ay,165,165-gs-m1893-1896,,,1,,,,,2,,,1,,0,2
165-gs-m1891_x6,165,165-gs-m1891,,,2,,,,,4,,,2,,0,6
165-gs-m1891_x4,165,165-gs-m1891,,,1,,,,,2,,,1,,0,4
165-gs-m1891_x2-f-a,165,165-gs-m1891,,,1,,,,,2,,,1,,0,2
165-gs-m1891_x2-aft,165,165-gs-m1891,,,0,,,,,1,,,1,,0,1
165-ct-m1891_x4,165,165-ct-m1891,,,1,,,,,2,,,1,,0,4
165-ct-m1887_x4,165,165-ct-m1887,,,1,,,,,2,,,1,,0,4
165-cp-m1887_x4,165,165-cp-m1887,,,1,,,,,2,,,1,,0,4
165-cp-m1884_x6,165,165-cp-m1884,,,2,,,,,4,,,2,,0,6
165-cp-m1881_x4,165,165-cp-m1881,,,1,,,,,2,,,1,,0,4
165-ccar-ml-m1858-60_x50-side,165,165-ccar-ml-m1858-60,,0,0,0,0,25,25,25,0,0,0,0,0,50
165-ccar-ml-m1858-60_x30-side,165,165-ccar-ml-m1858-60,,,0,,,,,15,,,0,,0,30
165-ccar-ml-m1858-60_x30,165,165-ccar-ml-m1858-60,,,1,,,,,15,,,1,,0,30
165-ccar-ml-m1858-60_x26-side,165,165-ccar-ml-m1858-60,,0,0,0,0,13,13,13,0,0,0,0,0,26
165-ccar-ml-m1858-60_x22,165,165-ccar-ml-m1858-60,,0,0,0,0,11,11,11,0,0,0,0,0,22
165-ccar-m1864_x26-side,165,165-ccar-m1864,,0,0,0,0,13,13,13,0,0,0,0,0,26
165-ccar-bg-m1858-60_x34-side,165,165-ccar-bg-m1858-60,,0,0,0,0,17,17,17,0,0,0,0,0,34
165-ccar-bg-m1858-60_x28,165,165-ccar-bg-m1858-60,,,0,,,,,14,,,0,,0,28
165-ccar-bg-m1858-60_x12,165,165-ccar-bg-m1858-60,,,0,,,,,6,,,0,,0,12
165-ccar-bg-m1858-60_x10-side,165,165-ccar-bg-m1858-60,,0,0,0,0,5,5,5,0,0,0,0,0,10
165-car-ml-m1858-60_x6-side,165,165-car-ml-m1858-60,,0,0,0,0,3,3,3,0,0,0,0,0,6
165-car-ml-m1858-60_x6,165,165-car-ml-m1858-60,,0,0,0,0,2,3,3,1,1,1,1,0,6
165-car-ml-m1858-60_x4-chase-p,165,165-car-ml-m1858-60,,,2,,,,,2,,,1,,0,4
165-car-ml-m1858-60_x2-chase,165,165-car-ml-m1858-60,,2,1,1,0,0,0,0,0,0,0,0,0,2
165-car-bg-m1858-60_x4-side,165,165-car-bg-m1858-60,,,0,,,,,2,,,0,,0,4
165-c-m1893-1896_x8-alt,165,165-c-m1893-1896,,,1,,,,,4,,,1,,0,8
165-c-m1893-1896_x8,165,165-c-m1893-1896,,,2,,,,,4,,,2,,0,8
165-c-m1893-1896_x6,165,165-c-m1893-1896,,,1,,,,,3,,,1,,0,6
165-c-m1893-1896_x4,165,165-c-m1893-1896,,,1,,,,,2,,,1,,0,4
165-c-m1893-1896_x2-fore,165,165-c-m1893-1896,,,1,,,,,1,,,0,,0,2
165-c-m1891_x6,165,165-c-m1891,,,1,,,,,3,,,1,,0,6
165-c-m1887_x6,165,165-c-m1887,,,1,,,,,3,,,1,,0,6
165-c-m1864_x4-side,165,165-c-m1864,,,0,,,,,2,,,0,,0,4
165-c-fra-unknown_x4,165,165-c-fra-unknown,,,0,,,,,2,,,0,,0,4
165-ag-m1893-1896-twin_x6,165,165-ag-m1893-1896-twin,,,2,,,,,3,,,2,,0,6
165-ag-m1893-1896-twin_x4,165,165-ag-m1893-1896-twin,,,1,,,,,3,,,1,,0,4
165-ag-m1893-1896-single_x8,165,165-ag-m1893-1896-single,,,2,,,,,4,,,2,,0,8
165-ag-m1893-1896-single_x6,165,165-ag-m1893-1896-single,,,2,,,,,3,,,2,,0,6
165-ag-m1893-1896-single_x4-side,165,165-ag-m1893-1896-single,,,0,,,,,2,,,0,,0,4
165-ag-m1887_x6,165,165-ag-m1887,,,2,,,,,3,,,2,,0,6
165-c-m1884_x4,163,165-c-m1884,,,1,,,,,2,,,1,,0,4
161-car-32pdr-42cwt_x2-side,161,161-car-32pdr-42cwt,,,0,,,,,1,,,0,,0,2
160-piv-rml-64pdr-71cwt_x12-sides,160,160-piv-rml-64pdr-71cwt,,,0,,,,,6,,,0,,0,12
160-piv-rml-64pdr-71cwt_x8-sides,160,160-piv-rml-64pdr-71cwt,,,0,,,,,4,,,0,,0,8
160-piv-rml-64pdr-71cwt_x4-chase,160,160-piv-rml-64pdr-71cwt,,2,1,1,1,2,2,2,1,1,2,2,0,4
160-piv-rml-64pdr-71cwt_x2-chase,160,160-piv-rml-64pdr-71cwt,,,1,,,,,1,,,1,,0,2
160-piv-rml-64pdr-71cwt_x2,160,160-piv-rml-64pdr-71cwt,,0,0,0,1,1,1,1,1,0,0,0,0,2
160-piv-rml-64pdr-64cwt-marki_x2-chase,160,160-piv-rml-64pdr-64cwt-marki,,1,1,1,1,1,2,1,1,1,1,1,0,2
160-car-rml-64pdr-71cwt_x8-side,160,160-car-rml-64pdr-71cwt,,0,0,0,0,4,4,4,0,0,0,0,0,8
160-car-rml-64pdr-71cwt_x4-chase,160,160-car-rml-64pdr-71cwt,,2,2,1,1,1,2,1,1,1,2,2,0,4
160-car-rml-64pdr-71cwt_x4,160,160-car-rml-64pdr-71cwt,,,0,,,,,2,,,0,,0,4
160-car-rml-64pdr-71cwt_x2-chase-aft,160,160-car-rml-64pdr-71cwt,,,0,,,,,0,,,2,,0,4
160-car-rml-64pdr-71cwt_x2,160,160-car-rml-64pdr-71cwt,,0,0,0,0,1,1,1,1,1,1,2,0,2
155-c-m1920_x8,155,155-c-m1920,,,0,,,,,4,,,1,,0,8
155-ag-m1920_abxy,155,155-ag-m1920,,,2,,,,,4,,,2,,0,4
155-ag-3rd-year_abcxy,155,155-ag-3rd-year,,,2,,,,,5,,,2,,0,5
155-ag-3rd-year_x4,155,155-ag-3rd-year,,,2,,,,,3,,,2,,0,4
155-ag-3rd-year_abcd,155,155-ag-3rd-year,,,2,,,,,4,,,0,,0,4
155-ag-3rd-year_x2,155,155-ag-3rd-year,,,1,,,,,2,,,1,,0,2
155-ag-3rd-year_ab,155,155-ag-3rd-year,,,2,,,,,2,,,0,,0,2
152-piv-qfc-markiii_x8,152,152-piv-qfc-markiii,,2,1,1,1,3,4,3,1,1,1,2,0,8
152-piv-p1892_x16,152,152-piv-p1892,,2,1,1,1,7,8,7,1,1,1,2,0,16
152-piv-o1885_x13,152,152-piv-o1885,,3,1,2,1,6,6,6,1,1,1,2,0,13
152-piv-o1877_x14,152,152-piv-o1877,,,1,,,,,7,,,1,,0,14
152-piv-o1877_x12,152,152-piv-o1877,,2,0,1,5,5,6,5,5,1,1,2,0,12
152-piv-o1877_x10,152,152-piv-o1877,,,1,,,,,5,,,1,,0,10
152-piv-o1877_x4,152,152-piv-o1877,,,1,,,,,2,,,1,,0,4
152-piv-mk4-mod0-early_x8-side,152,152-piv-mk4-mod0-early,,0,0,0,0,6,6,6,0,0,0,0,0,8
152-piv-mk4-mod0-early_x6,152,152-piv-mk4-mod0-early,,0,0,0,0,3,3,3,0,0,0,0,0,6
152-piv-cpi_x10,152,152-piv-cpi,,,2,,,,,3,,,2,,0,10
152-piv-ab-marki_x10,152,152-piv-ab-marki,,,1,,,,,5,,,1,,0,10
152-piv-ab-marki_x8,152,152-piv-ab-marki,,2,1,1,1,3,4,3,1,1,1,2,0,8
152-piv-ab-marki_x6-side,152,152-piv-ab-marki,,0,0,0,0,3,3,3,0,0,0,0,0,6
152-piv-ab-marki_x6,152,152-piv-ab-marki,,2,1,1,1,2,3,2,1,1,1,2,0,6
152-piv-ab-marki_x4-side,152,152-piv-ab-marki,,0,0,0,0,2,2,2,0,0,0,0,0,4
152-piv-ab-marki_x4-chase,152,152-piv-ab-marki,,,2,,,,,2,,,2,,0,4
152-piv-ab-marki_x2-side,152,152-piv-ab-marki,,0,0,0,0,1,1,1,0,0,0,0,0,2
152-piv-ab-marki_x2-chase-fore,152,152-piv-ab-marki,,2,1,1,1,1,1,1,0,0,0,0,0,2
152-p-pii_x6,152,152-p-pii,,,1,,,,,3,,,1,,0,6
152-p-mk6_x4,152,152-p-mk6,,2,1,1,1.5,2,2,2,1.5,1,1,2,0,4
152-p-mk13_x8,152,152-p-mk13,,4,2,3,4,4,4,4,4,3,2,4,0,8
152-p-mk13_x4,152,152-p-mk13,,4,3,2,2,2,2,2,1,0,0,0,0,4
152-p-armstrong-z_x6-niitaka,152,152-p-armstrong-z,,,2,,,,,4,,,2,,0,6
152-p-armstrong-z_x6,152,152-p-armstrong-z,,,1,,,,,3,,,1,,0,6
152-p-armstrong-z_x4-sides,152,152-p-armstrong-z,,0,0,0,2,2,2,2,2,0,0,0,0,4
152-p-armstrong-z_x4-allround,152,152-p-armstrong-z,,,2,,,,,3,,,1,,0,4
152-p-armstrong-z_x4,152,152-p-armstrong-z,,,1,,,,,2,,,1,,0,4
152-p-armstrong-z_ay,152,152-p-armstrong-z,,,1,,,,,2,,,1,,0,2
152-p-ab-marki_x4,152,152-p-ab-marki,,0,0,0,3,3,3,3,3,0,0,0,0,4
152-p-ab-marki_x2,152,152-p-ab-marki,,,0,,,,,1,,,1,,0,2
152-gs-qfc-markiii_x10,152,152-gs-qfc-markiii,,,1,,,,,5,,,1,,0,10
152-gs-qfc-markiii_x6-medea,152,152-gs-qfc-markiii,,,2,,,,,3,,,2,,0,6
152-gs-qfc-markiii_x1-aft,152,152-gs-qfc-markiii,,0,0,0,0,0,0,0,0,1,1,1,0,1
152-gs-pxii_x9,152,152-gs-pxii,,,1,,,,,5,,,3,,0,9
152-gs-pvii_x9,152,152-gs-pvii,,,4,,,,,5,,,3.5,,0,9
152-gs-pvii_x8,152,152-gs-pvii,,,3,,,,,5,,,3.5,,0,8
152-gs-pvii_x7,152,152-gs-pvii,,,3,,,,,5,,,3.5,,0,7
152-gs-pvii_abpsrxy,152,152-gs-pvii,,,3,,,,,6,,,2,,0,7
152-gs-pvii_abqrxy-alt,152,152-gs-pvii,,,2,,,,,6,,,1,,0,6
152-gs-pvii_abqrxy,152,152-gs-pvii,,,2,,,,,6,,,2,,0,6
152-gs-pvii_psrxy,152,152-gs-pvii,,,1,,,,,4,,,2,,0,5
152-gs-pvii_bqrxy,152,152-gs-pvii,,,1,,,,,5,,,2,,0,5
152-gs-pvii_aqrxy,152,152-gs-pvii,,,1,,,,,5,,,2,,0,5
152-gs-pvii_abrxy,152,152-gs-pvii,,,2,,,,,5,,,2,,0,5
152-gs-pvii_arxy,152,152-gs-pvii,,,1,,,,,4,,,2,,0,4
152-gs-pvii_psr,152,152-gs-pvii,,,1,,,,,2,,,0,,0,3
152-gs-pvii_axy,152,152-gs-pvii,,,1,,,,,3,,,2,,0,3
152-gs-pvii_ary,152,152-gs-pvii,,,1,,,,,3,,,1,,0,3
152-gs-pvii_aqy,152,152-gs-pvii,,,1,,,,,3,,,1,,0,3
152-gs-pvii_xy,152,152-gs-pvii,,,0,,,,,2,,,2,,0,2
152-gs-pvii_ay,152,152-gs-pvii,,,1,,,,,2,,,1,,0,2
152-gs-pvii_y,152,152-gs-pvii,,,0,,,,,1,,,1,,0,1
152-gs-pv_x8-wey,152,152-gs-pv,,,3,,,,,5,,,3,,0,8
152-gs-pv_x8-alt,152,152-gs-pv,,,1,,,,,4,,,0,,0,8
152-gs-pv_x6,152,152-gs-pv,,,0,,,,,3,,,0,,0,6
152-gs-pv_x4,152,152-gs-pv,,0,0,0,2,2,2,2,2,0,0,0,0,4
152-gs-pv_ay,152,152-gs-pv,,,1,,,,,2,,,1,,0,2
152-gs-pix_x2-side,152,152-gs-pix,,,1,,,,,1,,,1,,0,2
152-gs-pix_x2,152,152-gs-pix,,,1,,,,,1,,,0,,0,2
152-gs-piii_x11,152,152-gs-piii,,,3,,,,,6,,,2,,0,11
152-gs-piii_x10,152,152-gs-piii,,,2,,,,,6,,,2,,0,10
152-gs-piii_x8,152,152-gs-piii,,,1,,,,,4,,,1,,0,8
152-gs-piii_x6,152,152-gs-piii,,,0,,,,,3,,,0,,0,6
152-gs-piii_x4-side,152,152-gs-piii,,,0,,,,,2,,,0,,0,4
152-gs-piii_x4,152,152-gs-piii,,,1,,,,,2,,,1,,0,4
152-gs-piii_x2,152,152-gs-piii,,,0,,,,,1,,,0,,0,2
152-gs-piii_ay,152,152-gs-piii,,,1,,,,,2,,,1,,0,2
152-gs-piii_x1-aft,152,152-gs-piii,,,0,,,,,1,,,1,,0,1
152-gs-p1892_x12-alt,152,152-gs-p1892,,,2,,,,,7,,,2,,0,12
152-gs-p1892_x12,152,152-gs-p1892,,3,2,2,4,5,6,5,4,1,1,3,0,12
152-gs-p1892_x6-sides,152,152-gs-p1892,,0,0,0,3,3,3,3,3,0,0,0,0,10
152-gs-p1892_x10-f-a,152,152-gs-p1892,,2,1,1,4,4,5,4,4,1,2,2,0,10
152-gs-p1892_x8-sides,152,152-gs-p1892,,,0,,,4,4,4,,,0,,0,8
152-gs-p1892_x6-f-a,152,152-gs-p1892,,3,2,2,1,2,2,2,1,2,2,3,0,6
152-gs-p1892_x6-alt,152,152-gs-p1892,,,2,,,,,4,,,2,,0,6
152-gs-p1892_x6,152,152-gs-p1892,,,2,,,,,3,,,1,,0,6
152-gs-p1892_x4-sides,152,152-gs-p1892,,,0,,,2,2,2,,,0,,0,4
152-gs-p1892_x4-f-a,152,152-gs-p1892,,3,2,2,1,1,2,1,1,1,1,1,0,4
152-gs-p1892_x4,152,152-gs-p1892,,2,1,1,1,1,2,1,1,1,1,2,0,4
152-gs-p1892_x1-bow,152,152-gs-p1892,,1,1,1,1,0,0,0,0,0,0,0,0,1
152-gs-mk6-early_x12-alt,152,152-gs-mk6-early,,4,2,2,6,6,6,6,6,2,2,4,0,12
152-gs-mk6-early_x12,152,152-gs-mk6-early,,2,1,1,4,6,6,6,4,1,1,2,0,12
152-gs-mk6_x6,152,152-gs-mk6,,4,2,2,2,3,3,3,1,1,1,2,0,14
152-gs-mk6_x4,152,152-gs-mk6,,2,1,1,1,2,2,2,1,1,1,2,0,14
152-gs-mk6_x12-alt,152,152-gs-mk6,,4,2,2,6,6,6,6,6,2,2,4,0,12
152-gs-mk6_x12,152,152-gs-mk6,,2,1,1,4,6,6,6,4,1,1,2,0,12
152-gs-mk6_x3-psy,152,152-gs-mk6,,2,2,2,2,2,2,2,2,1,1,1,1,3
152-gs-mk6_x2-fore,152,152-gs-mk6,,2,2,2,1,1,1,1,1,0,0,0,0,2
152-gs-mk6_ay,152,152-gs-mk6,,1,1,1,1.5,2,2,2,1.5,1,1,1,0,2
152-gs-mk6_x1-a,152,152-gs-mk6,,1,1,1,1,1,1,1,0.5,0,0,0,0,1
152-gs-mk5_x6,152,152-gs-mk5,,3,2,3,4,4,4,4,4,3,2,3,0,6
152-gs-mk4-mod0-early_x12-alt,152,152-gs-mk4-mod0-early,,6,2,3,6,6,6,6,6,3,2,6,0,12
152-gs-mk4-mod0-early_x12,152,152-gs-mk4-mod0-early,,4,2,2,6,6,6,6,6,2,2,4,0,12
152-gs-mk4-mod0-early_x10,152,152-gs-mk4-mod0-early,,,2,,,,,5,,,2,,0,10
152-gs-mk4-mod0-early_x6-sides,152,152-gs-mk4-mod0-early,,6,0,3,3,3,3,3,3,3,0,6,0,6
152-gs-mk4-mod0-early_x6,152,152-gs-mk4-mod0-early,,2,1,1,3,3,3,3,3,1,1,2,0,6
152-gs-mk4-mod0-early_x6,152,152-gs-mk4-mod0-early,,2,2,1,3,3,3,3,3,1,2,2,0,6
152-gs-mk4-mod0-early_x4,152,152-gs-mk4-mod0-early,,2,1,2,2,2,2,2,2,2,1,2,0,4
152-gs-m1887_x6-side,152,152-gs-m1887,,0,0,0,3,3,3,3,3,0,0,0,0,6
152-gs-m1887_x6-alt,152,152-gs-m1887,,6,0,3,3,3,3,3,3,3,0,6,0,6
152-gs-m1887_x6,152,152-gs-m1887,,,3,,,,,3,,,2,,0,6
152-gs-cpxiii_abcpsrxyz,152,152-gs-cpxiii,,,4,,,,,8,,,4,,0,9
152-gs-cpxiii_b,152,152-gs-cpxiii,,,1,,,,,1,,,0,,0,1
152-gs-cpi_x12-royal-arthur,152,152-gs-cpi,,,3,,,,,6,,,1,,0,12
152-gs-cpi_x12-edgar,152,152-gs-cpi,,,2,,,,,7,,,2,,0,12
152-gs-cpi_x10-sponsons,152,152-gs-cpi,,,1,,,,,5,,,1,,0,10
152-gs-cpi_x6-naniwa,152,152-gs-cpi,,,0.5,,,,,3,,,0.5,,0,6
152-gs-cpi_x5,152,152-gs-cpi,,,2,,,,,3,,,2,,0,5
152-gs-cpi_x4-f-a,152,152-gs-cpi,,,2,,,,,2,,,2,,0,4
152-gs-cpi_x4,152,152-gs-cpi,,,2,,,,,3,,,1,,0,4
152-gs-cpi_x2,152,152-gs-cpi,,,1,,,,,2,,,1,,0,2
152-gs-cpi_ay,152,152-gs-cpi,,,1,,,,,2,,,1,,0,2
152-gs-ab-marki_x10,152,152-gs-ab-marki,,,1,,,,,5,,,1,,0,10
152-gs-ab-marki_x8,152,152-gs-ab-marki,,,0,,,,,4,,,0,,0,8
152-gs-ab-marki_x6-medea,152,152-gs-ab-marki,,,2,,,,,3,,,2,,0,6
152-gs-ab-marki_x4-sponsons,152,152-gs-ab-marki,,,1,,,,,2,,,1,,0,4
152-gs-ab-marki_x2,152,152-gs-ab-marki,,,0,,,,,1,,,0,,0,2
152-gs-ab-marki_x1-aft,152,152-gs-ab-marki,,0,0,0,0,0,0,0,0,1,1,1,0,1
152-gs-a91_x8,152,152-gs-a91,,,1,,,,,5,,,1,,0,8
152-gs-a91_x6-alt-2,152,152-gs-a91,,,2,,,,,4,,,2,,0,6
152-gs-a91_x6-alt,152,152-gs-a91,,,1,,,,,3,,,1,,0,6
152-gs-a91_x6,152,152-gs-a91,,,1,,,,,4,,,1,,0,6
152-gs-a91_x4-sides,152,152-gs-a91,,0,0,0,2,2,2,2,2,0,0,0,0,4
152-gs-a91_x4-alt-2,152,152-gs-a91,,,2,,,,,3,,,1,,0,4
152-gs-a91_x4-alt,152,152-gs-a91,,,2,,,,,2,,,2,,0,4
152-gs-a91_x4,152,152-gs-a91,,,1,,,,,2,,,1,,0,4
152-gs-a91_x2-fore,152,152-gs-a91,,,2,,,,,1,,,0,,0,2
152-gs-a91_ay,152,152-gs-a91,,,1,,,,,2,,,1,,0,2
152-gs-a91_x1-fore,152,152-gs-a91,,,1,,,,,1,,,0,,0,1
152-gs-41st-year-gg_x10,152,152-gs-41st-year-gg,,,2,,,,,6,,,2,,0,10
152-gs-41st-year-gg_x8,152,152-gs-41st-year-gg,,,2,,,,,5,,,2,,0,8
152-gs-41st-year-gg_x7,152,152-gs-41st-year-gg,,,2,,,,,4,,,1,,0,7
152-gs-41st-year-gg_x6,152,152-gs-41st-year-gg,,,2,,,,,4,,,2,,0,6
152-gs-41st-year-gg_ay,152,152-gs-41st-year-gg,,,1,,,,,2,,,1,,0,2
152-gs-41st-year_x4,152,152-gs-41st-year,,,1,,,,,4,,,1,,0,4
152-gs-41st-year_ay,152,152-gs-41st-year,,,1,,,,,2,,,1,,0,2
152-gs-41st-year_ay,152,152-gs-41st-year,,,1,,,,,2,,,1,,0,2
152-cp-p1892_x14,152,152-cp-p1892,,,2,,,,,8,,,2,,0,14
152-cp-p1892_x12,152,152-cp-p1892,,,3,,,,,6,,,3,,0,12
152-cp-p1892_x10-alt,152,152-cp-p1892,,,2,,,,,6,,,2,,0,10
152-cp-p1892_x10,152,152-cp-p1892,,,1,,,,,5,,,1,,0,10
152-cp-p1892_x8,152,152-cp-p1892,,,2,,,,,5,,,2,,0,8
152-cp-o1885_x14,152,152-cp-o1885,,,1,,,,,7,,,1,,0,14
152-cp-mk6_x12,152,152-cp-mk6,,2,1,1,4,6,6,6,4,1,1,2,0,12
152-cp-mk10_ay,152,152-cp-mk10,,1,1,1,1,2,2,2,1.5,1,1,1,0,2
152-cp-m1911_x6,152,152-cp-m1911,,,2,,,,,3,,,0,,0,6
152-c-vickers-markm-30_x14,152,152-c-vickers-markm-30,,,2,,,,,7,,,2,,0,14
152-c-vickers-markm-30_x12,152,152-c-vickers-markm-30,,,2,,,,,6,,,2,,0,12
152-c-vickers-markm-30_x8,152,152-c-vickers-markm-30,,,0,,,,,4,,,1,,0,8
152-c-vickers-markm-20_x16,152,152-c-vickers-markm-20,,,2,,,,,8,,,2,,0,16
152-c-qfc-markiii_x12,152,152-c-qfc-markiii,,,0,,,,,6,,,1,,0,12
152-c-qfc-markiii_x10-side,152,152-c-qfc-markiii,,,0,,,,,5,,,0,,0,10
152-c-qfc-markiii_x6-side,152,152-c-qfc-markiii,,,0,,,,,3,,,0,,0,6
152-c-qfc-markiii_x4,152,152-c-qfc-markiii,,0,0,0,3,3,3,3,3,0,0,0,0,4
152-c-pxii_x16,152,152-c-pxii,,,4,,,,,8,,,4,,0,16
152-c-pxii_x12,152,152-c-pxii,,,4,,,,,6,,,2,,0,12
152-c-pxi_x20,152,152-c-pxi,,,3,,,,,10,,,3,,0,20
152-c-pxi_x18,152,152-c-pxi,,,2,,,,,9,,,3,,0,18
152-c-px_x16,152,152-c-px,,,3,,,,,8,,,3,,0,16
152-c-pviii_x12,152,152-c-pviii,,,2,,,,,6,,,1,,0,12
152-c-pv_x10,152,152-c-pv,,,0,,,,,5,,,1,,0,10
152-c-pv_x4,152,152-c-pv,,,0,,,,,2,,,0,,0,4
152-c-pix_x16,152,152-c-pix,,,6,,,,,8,,,2,,0,16
152-c-pix_x14,152,152-c-pix,,,5,,,,,7,,,2,,0,14
152-c-pix_x12,152,152-c-pix,,,2,,,,,6,,,1,,0,14
152-c-pix_x12-rev,152,152-c-pix,,,4,,,,,6,,,2,,0,12
152-c-pix_x12-qe,152,152-c-pix,,,6,,,,,6,,,0,,0,12
152-c-pix_x10-res,152,152-c-pix,,,3,,,,,5,,,2,,0,10
152-c-pix_x8-war,152,152-c-pix,,,4,,,,,4,,,0,,0,8
152-c-pix_x8,152,152-c-pix,,,2,,,,,4,,,2,,0,8
152-c-piii_x16,152,152-c-piii,,,2,,,,,8,,,2,,0,16
152-c-piii_x12,152,152-c-piii,,,2,,,,,6,,,2,,0,12
152-c-piii_x10-alt,152,152-c-piii,,,2,,,,,5,,,2,,0,10
152-c-piii_x10,152,152-c-piii,,2,1,1,4,5,5,5,4,1,1,2,0,10
152-c-piii_x8-drake,152,152-c-piii,,,1,,,,,4,,,1,,0,8
152-c-piii_x8-cressy,152,152-c-piii,,,2,,,,,4,,,0,,0,8
152-c-piii_x8,152,152-c-piii,,,2,,,,,4,,,2,,0,8
152-c-piii_x6-devonshire,152,152-c-piii,,,0,,,,,3,,,2,,0,6
152-c-piii_x4,152,152-c-piii,,,1,,,,,2,,,1,,0,4
152-c-piii_x2,152,152-c-piii,,,0,,,,,1,,,1,,0,2
152-c-p1892_x16,152,152-c-p1892,,8,2,4,4,8,8,8,4,4,2,8,0,16
152-c-p1892_x12-rossiya,152,152-c-p1892,,6,1,3,5,6,6,6,5,3,1,6,0,12
152-c-p1892_x12-alt-2,152,152-c-p1892,,2,1,1,5,6,6,6,5,1,1,2,0,12
152-c-p1892_x12-alt,152,152-c-p1892,,,1,,,,,6,,,1,,0,12
152-c-p1892_x12,152,152-c-p1892,,4,1,2,5,6,6,6,5,2,1,4,0,12
152-c-p1892_x11,152,152-c-p1892,,5,3,3,5,5,5,5,5,2,2,4,0,11
152-c-p1892_x10-sides,152,152-c-p1892,,0,0,0,5,5,5,5,5,0,0,0,0,10
152-c-p1892_x10-alt,152,152-c-p1892,,2,1,1,5,5,5,5,5,0,0,0,0,10
152-c-p1892_x10,152,152-c-p1892,,4,2,2,5,5,5,5,5,2,2,4,0,10
152-c-p1892_x8-sides,152,152-c-p1892,,,0,,,,,4,,,0,,0,8
152-c-p1892_x8,152,152-c-p1892,,,1,,,,,4,,,1,,0,8
152-c-p1892_x6-sides,152,152-c-p1892,,,0,,,,,3,,,0,,0,6
152-c-p1892_x4-sides,152,152-c-p1892,,,0,,,,,2,,,0,,0,4
152-c-p1892_x4,152,152-c-p1892,,2,1,1,1,2,2,2,1,1,1,2,0,4
152-c-p1892_x2-sides,152,152-c-p1892,,,0,,,,,1,,,0,,0,2
152-c-o1877_x10,152,152-c-o1877,,,1,,,,,5,,,1,,0,10
152-c-mk6_x8,152,152-c-mk6,,0,0,0,4,4,4,4,4,0,0,0,0,8
152-c-mk6_x4,152,152-c-mk6,,0,0,0,2,2,2,2,2,0,0,0,0,4
152-c-mk13_x12,152,152-c-mk13,,4,2,2,4,6,6,6,5,4,4,8,0,12
152-c-mk13_x8-lex,152,152-c-mk13,,4,2,2,4,4,4,4,4,2,2,4,0,8
152-c-mk13_x8,152,152-c-mk13,,,4,,,,,4,,,4,,0,8
152-c-mk13_x7,152,152-c-mk13,,,4,,,,,4,,,3,,0,7
152-c-mk13_x6,152,152-c-mk13,,,4,,,,,3,,,2,,0,6
152-c-mk13_x4,152,152-c-mk13,,,2,,,,,2,,,2,,0,4
152-c-mk10_x16-alt,152,152-c-mk10,,10,2,5,5,8,8,8,3,3,1,6,0,16
152-c-mk10_x16,152,152-c-mk10,,,2,,,,,8,,,2,,0,16
152-c-mk10_x14,152,152-c-mk10,,,2,,,,,7,,,2,,0,14
152-c-mk10_x12-st-louis,152,152-c-mk10,,4,1,2,3,6,6,6,3,2,1,4,0,12
152-c-mk10_x12-alt,152,152-c-mk10,,,1,,,,,6,,,1,,0,12
152-c-mk10_x12,152,152-c-mk10,,4,0,2,2,6,6,6,4,4,0,8,0,12
152-c-mk10_x10-st-louis,152,152-c-mk10,,2,1,1,2,5,5,5,3,2,1,4,0,12
152-c-mk10_x10,152,152-c-mk10,,6,1,3,3,5,5,5,2,2,1,4,0,10
152-c-mk10_x6,152,152-c-mk10,,4,0,2,2,3,3,3,1,1,0,2,0,6
152-c-m1911_x16,152,152-c-m1911,,,4,,,,,8,,,4,,0,16
152-c-cpi_x16,152,152-c-cpi,,,2,,,,,8,,,2,,0,16
152-c-cpi_x12-maj,152,152-c-cpi,,,1,,,,,6,,,1,,0,12
152-c-cpi_x12,152,152-c-cpi,,,2,,,,,6,,,2,,0,12
152-c-cpi_x10-cent,152,152-c-cpi,,,2,,,,,5,,,2,,0,10
152-c-cpi_x10,152,152-c-cpi,,2,1,1,4,4,4,4,4,1,1,2,0,10
152-c-cpi_x6,152,152-c-cpi,,,1,,,,,3,,,1,,0,6
152-c-cpi_x4-side,152,152-c-cpi,,,0,,,,,2,,,0,,0,4
152-c-cpi_x4,152,152-c-cpi,,,1,,,,,2,,,1,,0,4
152-c-armstrong-z_x14-alt,152,152-c-armstrong-z,,,1,,,,,7,,,1,,0,14
152-c-armstrong-z_x14,152,152-c-armstrong-z,,,2,,,,,7,,,2,,0,14
152-c-armstrong-z_x10,152,152-c-armstrong-z,,4,1,2,3,5,5,5,3,2,1,4,0,10
152-c-armstrong-z_x8-alt,152,152-c-armstrong-z,,2,1,1,3,4,4,4,3,1,1,2,0,8
152-c-armstrong-z_x8,152,152-c-armstrong-z,,4,2,2,2,4,4,4,2,2,2,4,0,8
152-c-armstrong-z_x4-sides,152,152-c-armstrong-z,,,0,,,,,2,,,0,,0,4
152-c-armstrong-z_x4,152,152-c-armstrong-z,,2,1,1,1,2,2,2,1,1,1,2,0,4
152-c-ab-marki_x12,152,152-c-ab-marki,,,0,,,,,6,,,1,,0,12
152-c-ab-marki_x10-side,152,152-c-ab-marki,,0,0,0,0,5,5,5,0,0,0,0,0,10
152-c-ab-marki_x6-side,152,152-c-ab-marki,,0,0,0,0,3,3,3,0,0,0,0,0,6
152-c-ab-marki_x4,152,152-c-ab-marki,,,0,,,,,2,,,1,,0,4
152-c-a91_x12,152,152-c-a91,,2,1,1,5,6,6,6,5,1,1,2,0,12
152-c-a91_x10-sides,152,152-c-a91,,,0,,,,,5,,,0,,0,10
152-c-a91_x10,152,152-c-a91,,,1,,,,,5,,,1,,0,10
152-c-a91_x8-sides,152,152-c-a91,,,0,,,,,4,,,0,,0,8
152-c-a91_x8,152,152-c-a91,,2,1,1,3,4,4,4,3,1,1,2,0,8
152-c-a1918_x12,152,152-c-a1918,,,3,,,,,6,,,3,,0,12
152-c-41st-year-gg_x14,152,152-c-41st-year-gg,,,2,,,,,7,,,2,,0,14
152-c-41st-year-gg_x12-alt,152,152-c-41st-year-gg,,4,2,2,4,6,6,6,4,2,2,4,0,12
152-c-41st-year-gg_x12,152,152-c-41st-year-gg,,2,1,1,5,6,6,6,5,1,1,2,0,12
152-c-41st-year-gg_x10-alt,152,152-c-41st-year-gg,,2,1,1,5,5,5,5,5,1,1,2,0,10
152-c-41st-year-gg_x10,152,152-c-41st-year-gg,,,1,,,,,5,,,1,,0,10
152-c-41st-year-gg_x8-alt,152,152-c-41st-year-gg,,,2,,,,,4,,,2,,0,8
152-c-41st-year-gg_x8,152,152-c-41st-year-gg,,2,1,1,3,4,4,4,3,1,1,2,0,8
152-c-41st-year-30_x14,152,152-c-41st-year-30,,,2,,,,,7,,,2,,0,14
152-c-41st-year-30_x8,152,152-c-41st-year-30,,,0,,,,,4,,,1,,0,8
152-c-41st-year-20_x16,152,152-c-41st-year-20,,,2,,,,,8,,,2,,0,16
152-c-41st-year-20_x4-side,152,152-c-41st-year-20,,,0,,,,,2,,,0,,0,4
152-bg-mk4-mod1-early_x2-fa,152,152-bg-mk4-mod1-early,,1,1,1,1,1,2,1,1,1,1,1,0,2
152-bg-mk4-mod1_x6,152,152-bg-mk4-mod1,,3,2,3,3,3,4,3,3,3,2,3,0,6
152-bar-cpi_ay,152,152-bar-cpi,,,1,,,,,2,,,1,,0,2
152-ag-tripple_abcxy,152,152-ag-tripple,,,2,,,,,5,,,2,,0,5
152-ag-tripple_abxy,152,152-ag-tripple,,,2,,,,,4,,,2,,0,4
152-ag-rp10-markxxiv_aby,152,152-ag-rp10-markxxiv,,,2,,,,,3,,,1,,0,3
152-ag-pvii_a,152,152-ag-pvii,,,1,,,,,1,,,0,,0,1
152-ag-p1892_x6,152,152-ag-p1892,,3,2,2,2,3,3,3,2,2,2,3,0,6
152-ag-p1892_x4,152,152-ag-p1892,,,1,,,,,2,,,1,,0,4
152-ag-p1892_ay,152,152-ag-p1892,,,1,,,,,2,,,1,,0,2
152-ag-mk6_x12,152,152-ag-mk6,,,1,,,,,6,,,1,,0,12
152-ag-mk16_ay,152,152-ag-mk16,,,1,,,,,2,,,1,,0,2
152-ag-mk-5_abxy,152,152-ag-mk-5,,,2,,,,,4,,,2,,0,4
152-ag-mk-4_x6,152,152-ag-mk-4,,,2,,,,,3,,,2,,0,6
152-ag-mk-17_x4,152,152-ag-mk-17,,,2,,,,,2,,,0,,0,4
152-ag-markxxvi_ay,152,152-ag-markxxvi,,,1,,,,,2,,,1,,0,2
152-ag-markxxiii_abxy,152,152-ag-markxxiii,,,2,,,,,4,,,2,,0,4
152-ag-markxxiii_aby,152,152-ag-markxxiii,,,2,,,,,3,,,1,,0,3
152-ag-markxxii_abxy,152,152-ag-markxxii,,,2,,,,,4,,,2,,0,4
152-ag-markxxii_aby,152,152-ag-markxxii,,,2,,,,,3,,,1,,0,3
152-ag-markxxi_abxy,152,152-ag-markxxi,,,2,,,,,4,,,2,,0,4
152-ag-markxxi_aby,152,152-ag-markxxi,,,2,,,,,3,,,1,,0,3
152-ag-markxviii_x6,152,152-ag-markxviii,,,2,,,,,3,,,2,,0,6
152-ag-markxviii_a,152,152-ag-markxviii,,,1,,,,,1,,,0,,0,1
152-ag-marki_ay,152,152-ag-marki,,,1,,,,,2,,,1,,0,2
152-ag-m1936-dp_aby,152,152-ag-m1936-dp,,,2,,,,,3,,,1,,0,3
152-ag-m1934-twin_axy,152,152-ag-m1934-twin,,,1,,,,,3,,,2,,0,3
152-ag-m1934-twin_bx,152,152-ag-m1934-twin,,,1,,,,,2,,,1,,0,2
152-ag-m1934_x4,152,152-ag-m1934,,,1,,,,,2,,,1,,0,4
152-ag-m1934_ay,152,152-ag-m1934,,,1,,,,,2,,,1,,0,2
152-ag-m1930_aby,152,152-ag-m1930,,,2,,,,,3,,,1,,0,3
152-ag-m1926_abxy,152,152-ag-m1926,,,2,,,,,4,,,2,,0,4
152-ag-m1926_axy,152,152-ag-m1926,,,1,,,,,3,,,2,,0,3
152-ag-dp_abqrxy,152,152-ag-dp,,2,2,2,6,6,6,6,6,2,2,2,6,6
152-ag-bb-m1936-dp-planned_x5,152,152-ag-bb-m1936-dp-planned,,,1,,,,,3,,,3,,0,5
152-ag-bb-m1936-dp_x4,152,152-ag-bb-m1936-dp,,,0,,,,,3,,,3,,0,4
152-ag-bb-m1936-dp_x3,152,152-ag-bb-m1936-dp,,,0,,,,,2,,,3,,0,3
152-ag-41st-year_aby,152,152-ag-41st-year,,,2,,,,,3,,,1,,0,3
150-c-k10_x12,150,150-c-k10,,,1,,,,,6,,,1,,0,12
150-aswrl-ijn_x1-fore,150,,150-aswrl-ijn,1,1,1,1,1,1,1,0,0,0,0,0,1
149-piv-sk-l35_x16,149,149-piv-sk-l35,,,1,,,,,9,,,1,,0,16
149-piv-sk-l35_x12,149,149-piv-sk-l35,,,1,,,,,7,,,1,,0,12
149-piv-sk-l35_x10-alt,149,149-piv-sk-l35,,,0,,,,,6,,,0,,0,10
149-piv-sk-l35_x10,149,149-piv-sk-l35,,,1,,,,,6,,,1,,0,10
149-piv-sk-l35_x7,149,149-piv-sk-l35,,,1,,,,,3,,,0,,0,6
149-piv-rk-l25-c74_x6,149,149-piv-rk-l25-c74,,,0,,,,,3,,,0,,0,6
149-piv-rk-l22-c72_x16,149,149-piv-rk-l22-c72,,,1,,,,,8,,,0,,0,16
149-piv-rk-l22-c72_x14-alt,149,149-piv-rk-l22-c72,,,0,,,,,7,,,0,,0,14
149-piv-rk-l22-c72_x14,149,149-piv-rk-l22-c72,,,1,,,,,7,,,0,,0,14
149-piv-rk-l22-c72_x12,149,149-piv-rk-l22-c72,,,1,,,,,6,,,0,,0,12
149-piv-rk-l22-c72_x10-alt,149,149-piv-rk-l22-c72,,,0,,,,,5,,,0,,0,10
149-piv-rk-l22-c72_x10,149,149-piv-rk-l22-c72,,,1,,,,,5,,,0,,0,10
149-piv-rk-l22-c72_x8,149,149-piv-rk-l22-c72,,,0,,,,,4,,,0,,0,8
149-gs-tbs-kc36_x8,149,149-gs-tbs-kc36,,,3,,,,,6,,,3,,0,8
149-gs-sk-l35_x12,149,149-gs-sk-l35,,,1,,,,,6,,,1,,0,12
149-gs-sk-l35_x4,149,149-gs-sk-l35,,,1,,,,,2,,,1,,0,4
149-gs-sk-l35_y,149,149-gs-sk-l35,,0,0,0,0,1,1,1,1,1,1,1,0,1
149-gs-mpl-c13_x8-wiesbaden,149,149-gs-mpl-c13,,,2.5,,,,,5,,,3,,0,8
149-gs-mpl-c13_x8-emden,149,149-gs-mpl-c13,,,3,,,,,6,,,3,,0,8
149-gs-mpl-c13_x8-alt,149,149-gs-mpl-c13,,,3,,,,,4,,,3,,0,8
149-gs-mpl-c13_x8,149,149-gs-mpl-c13,,,2,,,,,5,,,2,,0,8
149-gs-mpl-c13_x7-alt,149,149-gs-mpl-c13,,,2,,,,,5,,,2,,0,7
149-gs-mpl-c13_x7,149,149-gs-mpl-c13,,,2,,,,,5,,,3,,0,7
149-gs-mpl-c13_x6,149,149-gs-mpl-c13,,,2,,,,,4,,,2,,0,6
149-gs-mpl-c13_x4,149,149-gs-mpl-c13,,,1,,,,,4,,,2,,0,4
149-gs-mpl-c13_ay,149,149-gs-mpl-c13,,,1,,,,,2,,,1,,0,2
149-gs-mpl-c13_x1,149,149-gs-mpl-c13,,,1,,,,,1,,,0,,0,1
149-cp-rk-l22-c72_x4,149,149-cp-rk-l22-c72,,,1,,,,,2,,,1,,0,4
149-cp-rk-l22-c72_x2-fore,149,149-cp-rk-l22-c72,,,1,,,,,1,,,0,,0,2
149-c-sk-l35_x6,149,149-c-sk-l35,,0,0,0,0,3,3,3,0,0,0,0,0,6
149-c-mpl36_x8,149,149-c-mpl36,,,1,,,,,4,,,0,,0,8
149-c-mpl-c13_x16,149,149-c-mpl-c13,,,3,,,,,8,,,2,,0,16
149-c-mpl-c06_x14-side,149,149-c-mpl-c06,,,1,,,,,7,,,1,,0,14
149-c-mpl-c06_x14,149,149-c-mpl-c06,,4,2,2,5,7,7,7,7,5,2,8,0,14
149-c-mpl-c06_x12-alt,149,149-c-mpl-c06,,2,1,1,5,5,5,5,5,1,1,2,0,12
149-c-mpl-c06_x12,149,149-c-mpl-c06,,,1,,,,,6,,,2,,0,12
149-c-mpl-c06_x10,149,149-c-mpl-c06,,,1,,,,,5,,,1,,0,10
149-c-mpl-c06_x8,149,149-c-mpl-c06,,2,0,1,3,4,4,4,3,2,0,3,0,8
149-c-mpl_x14,149,149-c-mpl,,,3,,,,,7,,,2,,0,14
149-c-mpl_x12-stack,149,149-c-mpl,,,2,,,,,6,,,2,,0,12
149-c-mpl_x12,149,149-c-mpl,,,4,,,,,6,,,4,,0,12
149-c-mpl_x8,149,149-c-mpl,,,3,,,,,4,,,3,,0,8
149-c-mpl_x6-alt,149,149-c-mpl,,2,1,1,2,3,3,3,2,1,1,2,0,6
149-c-mpl_x6,149,149-c-mpl,,,2,,,,,3,,,1,,0,6
149-c-mpl_x4,149,149-c-mpl,,2,1,1,1,2,2,2,1,1,1,2,0,4
149-c-mpl_x2-fore,149,149-c-mpl,,,1,,,,,1,,,0,,0,2
149-ag-mpl35_x4,149,149-ag-mpl35,,,1,,,,,2,,,1,,,4
149-ag-mpl28_x8,149,149-ag-mpl28,,,2,,,,,4,,,2,,,8
149-ag-mpl-turret_x6-alt,149,149-ag-mpl-turret,,,2,,,,,3,,,2,,0,6
149-ag-mpl-turret_x6,149,149-ag-mpl-turret,,,1,,,,,3,,,1,,0,6
149-ag-mpl-turret_x4-alt,149,149-ag-mpl-turret,,,2,,,,,2,,,1,,0,4
149-ag-mpl-turret_x4,149,149-ag-mpl-turret,,2,1,1,2,2,2,2,2,1,1,2,0,4
149-ag-drh-tr-c25_axy,149,149-ag-drh-tr-c25,,,1,,,,,3,,,2,,,3
149-ag-drh-lc34_x6,149,149-ag-drh-lc34,,,2,,,,,3,,,1,,,6
149-ag-drh-lc34_x4,149,149-ag-drh-lc34,,,1,,,,,2,,,1,,,4
149-ag-drh-lc34_abxy,149,149-ag-drh-lc34,,,2,,,,,4,,,2,,,4
149-ag-drh-lc34_axy,149,149-ag-drh-lc34,,,1,,,,,3,,,2,,,3
130-gs-p1913_x8,149,130-gs-p1913,,,3,,,,,4,,,3,,0,8
140-pi*_x11,140,140-pi*,,,3,,,,,6,,,2,,0,11
140-pgs-3rd-30-b_ay,140,140-pgs-3rd-30-b,,,1,,,,,2,,,1,,0,2
140-pgs-3rd-30_acpsqry,140,140-pgs-3rd-30,,,2,,,,,6,,,2,,0,7
140-pgs-3rd-30_acpsry,140,140-pgs-3rd-30,,,2,,,,,5,,,2,,0,6
140-pgs-3rd-30_ay,140,140-pgs-3rd-30,,,1,,,,,2,,,1,,0,2
140-pgs-3rd-25_acpsqry,140,140-pgs-3rd-25,,,2,,,,,6,,,2,,0,7
140-pgs-3rd-25_acpsry,140,140-pgs-3rd-25,,,2,,,,,5,,,2,,0,6
140-pgs-3rd-25_acpsr,140,140-pgs-3rd-25,,,2,,,,,4,,,1,,0,5
140-pgs-3rd-25_acps,140,140-pgs-3rd-25,,,2,,,,,3,,,1,,0,4
140-pgs-3rd-20_x4,140,140-pgs-3rd-20,,,0,,,,,2,,,0,,0,4
140-pgs-3rd-20_aqry,140,140-pgs-3rd-20,,,1,,,,,4,,,1,,0,4
140-pgs-3rd-20_x2,140,140-pgs-3rd-20,,,1,,,,,1,,,1,,0,2
140-pgs-3rd-20_ay,140,140-pgs-3rd-20,,,1,,,,,2,,,1,,0,2
140-gs-pi_x11,140,140-gs-pi,,,2,,,,,6,,,3,,0,11
140-gs-pi_x10-fur,140,140-gs-pi,,,1,,,,,5,,,0,,0,10
140-gs-pi_x10,140,140-gs-pi,,,3,,,,,6,,,3.5,,0,10
140-gs-pi_x6-hermes,140,140-gs-pi,,,0,,,,,3,,,0,,0,6
140-cpii_x12,140,140-cpii,,,3,,,,,6,,,0,,0,12
140-cpii_x10,140,140-cpii,,,2,,,,,5,,,0,,0,10
140-c-3rd-35_x18,140,140-c-3rd-35,,,2,,,,,9,,,2,,0,18
140-c-3rd-35_x16,140,140-c-3rd-35,,,2,,,,,8,,,2,,0,16
140-c-3rd-35_x12,140,140-c-3rd-35,,,2,,,,,6,,,2,,0,12
140-c-3rd-35_x10,140,140-c-3rd-35,,,0,,,,,5,,,0,,0,10
140-c-3rd-25_x20,140,140-c-3rd-25,,,3,,,,,10,,,2,,0,20
140-c-3rd-25_x16,140,140-c-3rd-25,,,2,,,,,8,,,2,,0,16
140-c-3rd-20_x18,140,140-c-3rd-20,,,4,,,,,9,,,2,,0,18
140-c-3rd-20_x16,140,140-c-3rd-20,,,3,,,,,8,,,2,,0,16
140-ag-3rd-35_abc,140,140-ag-3rd-35,,,2,,,,,3,,,0,,,3
140-ag-3rd-35_ay,140,140-ag-3rd-35,,,1,,,,,2,,,1,,,2
140-ag-3rd-30_bx,140,140-ag-3rd-30,,,1,,,,,2,,,1,,,2
139-gs-model-1893_x6,139,139-gs-model-1893,,,2,,,,,3,,,2,,0,6
139-gs-model-1893_x4,139,139-gs-model-1893,,2,1,1,1,2,2,2,1,1,1,2,0,4
139-gs-model-1893_ay,139,139-gs-model-1893,,,1,,,,,2,,,1,,0,2
139-gs-model-1893_fore,139,139-gs-model-1893,,,1,,,,,1,,,0,,0,1
139-ag-model-1893_x6,139,139-ag-model-1893,,,1,,,,,3,,,1,,0,6
139-ag-model-1893_x1-x,139,139-ag-model-1893,,0,0,0,0,1,1,1,1,1,1,2,0,1
139-piv-m1884_x17,138.6,139-piv-m1884,,,1,,,,,8,,,1,,0,17
139-piv-m1884_x16,138.6,139-piv-m1884,,,1,,,,,8,,,1,,0,16
139-piv-m1884_x14,138.6,139-piv-m1884,,,1,,,,,7,,,1,,0,14
139-piv-m1884_x12,138.6,139-piv-m1884,,2,1,1,1,4,4,4,1,1,1,2,0,12
139-piv-m1884_x11,138.6,139-piv-m1884,,,1,,,,,5,,,0,,0,11
139-piv-m1884_x10,138.6,139-piv-m1884,,,0,,,,,5,,,0,,0,10
139-piv-m1884_x8-side,138.6,139-piv-m1884,,,0,,,,,4,,,0,,0,8
139-piv-m1884_x4,138.6,139-piv-m1884,,,1,,,,,2,,,1,,0,4
139-piv-m1884_x3,138.6,139-piv-m1884,,,1,,,,,2,,,0,,0,3
139-piv-m1881_x22,138.6,139-piv-m1881,,,1,,,,,10,,,1,,0,22
139-piv-m1881_x20-side,138.6,139-piv-m1881,,,0,,,,,10,,,0,,0,20
139-piv-m1881_x18,138.6,139-piv-m1881,,2,1,1,1,7,7,7,1,1,1,2,0,18
139-piv-m1881_x17,138.6,139-piv-m1881,,,1,,,,,8,,,1,,0,17
139-piv-m1881_x16,138.6,139-piv-m1881,,,0,,,,,8,,,0,,0,16
139-piv-m1881_x14,138.6,139-piv-m1881,,,0,,,,,7,,,0,,0,14
139-piv-m1881_x12-form,138.6,139-piv-m1881,,,1,,,,,5,,,1,,0,12
139-piv-m1881_x12-alt,138.6,139-piv-m1881,,,0,,,,,5,,,2,,0,12
139-piv-m1881_x12,138.6,139-piv-m1881,,,1,,,,,4,,,1,,0,12
139-piv-m1881_x10-side,138.6,139-piv-m1881,,,0,,,,,5,,,0,,0,10
139-piv-m1881_x10,138.6,139-piv-m1881,,,1,,,,,3,,,2,,0,10
139-piv-m1881_x8,138.6,139-piv-m1881,,,1,,,,,3,,,1,,0,8
139-piv-m1881_x6-side,138.6,139-piv-m1881,,,0,,,,,3,,,0,,0,6
139-piv-m1881_x6,138.6,139-piv-m1881,,,1,,,,,2,,,1,,0,6
139-piv-m1881_x5,138.6,139-piv-m1881,,,0,,,,,3,,,1,,0,5
139-piv-m1881_x2,138.6,139-piv-m1881,,,1,,,,,1,,,1,,0,2
139-piv-m1870_x18,138.6,139-piv-m1870,,,0,,,,,9,,,2,,0,18
139-piv-m1870_x16-sides,138.6,139-piv-m1870,,,0,,,,,8,,,0,,0,16
139-piv-m1870_x15-alt,138.6,139-piv-m1870,,,1,,,,,8,,,1,,0,15
139-piv-m1870_x15,138.6,139-piv-m1870,,,1,,,,,7.5,,,1,,0,15
139-piv-m1870_x14-side,138.6,139-piv-m1870,,,0,,,,,7,,,0,,0,14
139-piv-m1870_x10,138.6,139-piv-m1870,,,1,,,,,5,,,0,,0,10
139-piv-m1870_x8-side,138.6,139-piv-m1870,,0,0,0,0,4,4,4,0,0,0,0,0,8
139-piv-m1870_x8-alt,138.6,139-piv-m1870,,,0,,,,,4,,,2,,0,8
139-piv-m1870_x8,138.6,139-piv-m1870,,,1,,,,,5,,,1,,0,8
139-piv-m1870_x7,138.6,139-piv-m1870,,,1,,,,,4,,,0,,0,6
139-piv-m1870_x6-side-aft,138.6,139-piv-m1870,,0,0,0,2,2,2,2,2,1,2,2,0,6
139-piv-m1870_x6-side,138.6,139-piv-m1870,,0,0,0,0,3,3,3,0,0,0,0,0,6
139-piv-m1870_x6-redoubt,138.6,139-piv-m1870,,0,0,0,2,3,3,3,3,1,0,2,0,6
139-piv-m1870_x6-alt,138.6,139-piv-m1870,,,0,,,,,3,,,2,,0,6
139-piv-m1870_x6,138.6,139-piv-m1870,,,1,,,,,3,,,1,,0,6
139-piv-m1870_x5-alt,138.6,139-piv-m1870,,,0,,,,,3,,,1,,0,5
139-piv-m1870_x5,138.6,139-piv-m1870,,,1,,,,,3,,,1,,0,5
139-piv-m1870_x4-side,138.6,139-piv-m1870,,0,0,0,0,2,2,2,0,0,0,0,0,4
139-piv-m1870_x2-stern,138.6,139-piv-m1870,,,0,,,,,1,,,2,,0,2
139-piv-m1870_x2-side,138.6,139-piv-m1870,,0,0,0,0,1,1,1,0,0,0,0,0,2
139-ct-model-1893_x8,138.6,139-ct-model-1893,,4,2,2,4,4,4,4,4,2,2,4,0,8
139-cp-model-1891_x14,138.6,139-cp-model-1891,,,2,,,,,7,,,2,,0,14
139-cp-model-1891_x2,138.6,139-cp-model-1891,,2,0,1,1,1,1,1,1,1,0,2,0,2
139-cp-m1884_x6,138.6,139-cp-m1884,,,1,,,,,3,,,1,,0,6
139-cp-m1884_x4,138.6,139-cp-m1884,,,1,,,,,2,,,1,,0,4
139-cp-m1881_x6-alt,138.6,139-cp-m1881,,,1,,,,,3,,,1,,0,6
139-cp-m1881_x4,138.6,139-cp-m1881,,,1,,,,,2,,,1,,0,4
139-cp-m1881_x2,138.6,139-cp-m1881,,,1,,,,,1,,,1,,0,2
139-c-model-1891_x8,138.6,139-c-model-1891,,4,2,2,2,4,4,4,2,2,2,4,0,8
139-c-model-1891_x4,138.6,139-c-model-1891,,2,1,1,1,2,2,2,1,1,1,2,0,4
139-c-m1910_x24,138.6,139-c-m1910,,,4,,,,,12,,,3,,0,24
139-c-m1910_x22-alt,138.6,139-c-m1910,,,3,,,,,11,,,3,,0,22
139-c-m1910_x22,138.6,139-c-m1910,,,2,,,,,11,,,2,,0,22
139-c-m1910_x18,138.6,139-c-m1910,,,0,,,,,9,,,2,,0,18
139-c-m1910_x14,138.6,139-c-m1910,,,0,,,,,7,,,0,,0,14
139-ag-model-1893_x8,138.6,139-ag-model-1893,,,2,,,,,4,,,2,,0,8
139-ag-model-1893_x,138.6,139-ag-model-1893,,,0,,,,,1,,,1,,0,1
139-ag-model-1887_x4,138.6,139-ag-model-1887,,,2,1,1,2,2,2,1,1,2,,0,4
135-ag-m1938-single_x8,135,135-ag-m1938-single,,,0,,,,,4,,,0,,,4
135-ag-m1938_abxy,135,135-ag-m1938,,,2,,,,,4,,,2,,,4
135-ag-m1938_axy,135,135-ag-m1938,,,1,,,,,3,,,2,,,3
135-ag-m1937-tripple_x4,135,135-ag-m1937-tripple,,,2,,,,,2,,,0,,,4
134-ag-rp10-marki*_x8,134,134-ag-rp10-marki*,,,2,,,,,4,,,2,,,8
134-ag-markii_abcxy,134,134-ag-markii,,,3,,,,,5,,,2,,,5
134-ag-markii_abxy,134,134-ag-markii,,,2,,,,,4,,,2,,,4
134-ag-marki_x8,134,134-ag-marki,,,2,,,,,4,,,2,,,8
134-ag-marki_x1-fantail,134,134-ag-marki,,,0,,,,,1,,,1,,,1
130-sm-bl-109a_x6,130,130-sm-bl-109a,,,3,,,,,4,,,1,,0,6
130-gs-p1913_x15,130,130-gs-p1913,,,4,,,,,8,,,4,,0,15
130-gs-p1913_x14,130,130-gs-p1913,,,2,,,,,8,,,2,,0,14
130-gs-p1913_x13,130,130-gs-p1913,,,2,,,,,7,,,1,,0,13
130-gs-p1913_x10-alt,130,130-gs-p1913,,,1,,,,,6,,,1,,0,10
130-gs-p1913_x10,130,130-gs-p1913,,,2,,,,,5,,,2,,0,10
130-gs-p1913_x8-sides,130,130-gs-p1913,,,0,,,,,4,,,0,,0,8
130-c-p1913_x24,130,130-c-p1913,,,6,,,,,12,,,2,,0,24
130-c-p1913_x20,130,130-c-p1913,,,4,,,,,10,,,4,,0,20
130-c-p1913_x18,130,130-c-p1913,,,4,,,,,9,,,4,,0,18
130-c-p1913_x4,130,130-c-p1913,,,1,,,,,2,,,1,,0,4
130-ag-p1913_ay,130,130-ag-p1913,,,1,,,,,2,,,1,,,2
130-ag-m1932-quad_x3,130,130-ag-m1932-quad,,,0,,,,,2,,,2,,,3
130-ag-m1932-double_x4,130,130-ag-m1932-double,,,2,,,,,4,,,2,,,4
130-ag-m1932-double_x2,130,130-ag-m1932-double,,,1,,,,,1,,,1,,,2
127-piv-vbi_x14,127,127-piv-vbi,,,0,,,,,7,,,0,,0,14
127-piv-vbi_x13,127,127-piv-vbi,,,1,,,,,7,,,0,,0,13
127-piv-vbi_x12,127,127-piv-vbi,,,0,,,,,6,,,0,,0,12
127-piv-vbi_x10,127,127-piv-vbi,,,0,,,,,5,,,0,,0,10
127-piv-vbi_x4,127,127-piv-vbi,,,0,,,,,2,,,0,,0,4
127-piv-mk5_x14,127,127-piv-mk5,,2,1,1,7,7,7,7,7,0,0,0,0,14
127-piv-mk1_x2-fore,127,127-piv-mk1,,2,1,1,1,1,1,1,0,0,0,0,0,2
127-p-p15-c_x10,127,127-p-p15-c,,6,1,3,5,5,5,5,5,2,0,4,0,10
127-p-p15-c_x8-ny,127,127-p-p15-c,,4,1,2,4,4,4,4,4,2,0,4,0,8
127-p-p15-c_x8-flo,127,127-p-p15-c,,4,0,2,4,4,4,4,4,2,0,4,0,8
127-p-p15-c_x8,127,127-p-p15-c,,,0,,,,,4,,,2,,0,8
127-p-p15-c_x6,127,127-p-p15-c,,2,0,1,3,3,3,3,3,2,0,4,0,6
127-p-p15-c_x4,127,127-p-p15-c,,0,0,0,2,2,2,2,2,2,0,4,0,4
127-p-p15_x22-nm,127,127-p-p15,,12,6,6,8.5,11,11,11,7.5,5,6,10,0,22
127-p-p15_x22,127,127-p-p15,,12,3,6,6,11,11,11,6,5,2,10,0,22
127-p-p15_x21_a,127,127-p-p15,,,5,,,,,10,,,5,,0,21
127-p-p15_x21,127,127-p-p15,,6,3,3,6,10,10,10,5.5,5,2,9,0,21
127-p-p15_x19,127,127-p-p15,,4,2,2,7,9,9,9,5.5,5,2,9,0,19
127-p-p15_x16,127,127-p-p15,,,4,,,,,8,,,4,,0,16
127-p-p15_x14-nm,127,127-p-p15,,8,4,4,5.5,7,7,7,4.5,3,3,6,0,14
127-p-p15_x14,127,127-p-p15,,8,1,4,7,7,7,7,7,3,0,6,0,14
127-p-p15_x12-standard-alt,127,127-p-p15,,6,3,3,3,6,6,5,3,3,3,6,0,12
127-p-p15_x12-standard,127,127-p-p15,,6,3,3,3,6,6,6,4,3,3,6,0,12
127-p-p15_x12-penn,127,127-p-p15,,8,4,4,5,6,6,6,3.5,2,2,8,0,12
127-p-p15_x12-nm,127,127-p-p15,,8,4,4,5,6,6,6,4,2,2,4,0,12
127-p-p15_x12-nev,127,127-p-p15,,4,2,2,5,6,6,6,3.5,1,0,2,0,12
127-p-p15_x12,127,127-p-p15,,8,5,4,5,6,6,6,4,2,2,8,0,12
127-p-p15_x10-nev,127,127-p-p15,,6,3,3,4,5,5,5,4,2,2,8,0,12
127-p-p15_x11,127,127-p-p15,,6,3,3,3,5,5,5,3,3,3,5,0,11
127-p-p15_x10-tenn,127,127-p-p15,,6,3,3,4,5,5,5,3.5,2,2,4,0,10
127-p-p15_x10-olympia,127,127-p-p15,,5,3,3,4.5,6,6,6,4.5,3,3,5,0,10
127-p-p15_x10-ny,127,127-p-p15,,4,2,2,2,5,5,5,3,3,3,6,0,10
127-p-p15_x10,127,127-p-p15,,6,3,3,3,5,5,5,3,2,2,4,0,10
127-p-p15_x9,127,127-p-p15,,4,2,2,2,4,4,4,3,3,3,5,0,9
127-p-p15_x8-ny,127,127-p-p15,,4,2,2,2,4,4,4,2,2,2,4,0,8
127-p-p15_x8-florida,127,127-p-p15,,4,2,2,2,4,4,4,3,2,2,4,0,8
127-p-p15_x8-col,127,127-p-p15,,4,1,2,3,4,4,4,3,2,2,4,0,8
127-p-p15_x6-wyo,127,127-p-p15,,2,1,1,1,3,3,3,2,2,2,4,0,6
127-p-p15_x6-ny-2,127,127-p-p15,,4,2,2,2,3,3,3,1,1,1,2,0,6
127-p-p15_x6-ny,127,127-p-p15,,2,1,1,1,3,3,3,2,2,2,4,0,6
127-p-p15_x6,127,127-p-p15,,6,3,3,3,3,3,3,1.5,0,0,0,0,6
127-p-p15_x4-corners,127,127-p-p15,,2,2,1,2,2,2,2,2,1,2,2,0,4
127-p-p15_x4-alt,127,127-p-p15,,,1,,,,,2,,,1,,0,4
127-p-p15_x4,127,127-p-p15,,,1,,,,,3,,,1,,0,4
127-p-p15_psy,127,127-p-p15,,,0,,,,,2,,,1,,0,3
127-p-p15_x2-sangamon,127,127-p-p15,,,0,,,,,1,,,1,,0,2
127-p-p15_x2-bogue,127,127-p-p15,,,0.5,,,,,1,,,2,,0,2
127-p-p15_x2-aft,127,127-p-p15,,,0,,,,,1,,,2,,0,2
127-p-p15_x1-aft-2,127,127-p-p15,,,0,,,,,0.5,,,1,,0,1
127-p-p15_x1-aft,127,127-p-p15,,,0,,,,,1,,,1,,0,1
127-p-mk5_x18,127,127-p-mk5,,2,2,1,8,9,9,9,8,1,2,2,0,18
127-p-mk5_x14,127,127-p-mk5,,0,0,0,7,7,7,7,7,0,0,0,0,14
127-p-mk5_x12,127,127-p-mk5,,4,2,2,5,6,6,6,5,2,2,4,0,12
127-p-mk5_x10,127,127-p-mk5,,4,2,2,4,5,5,5,4,2,2,4,0,10
127-p-mk5_x8-alt,127,127-p-mk5,,2,2,1,3,4,4,4,3,1,2,2,0,8
127-p-mk5_x8,127,127-p-mk5,,2,1,1,4,4,4,4,4,1,1,2,0,8
127-p-mk5_x6,127,127-p-mk5,,2,1,1,3,3,3,3,3,1,1,2,0,6
127-p-mk5_x4,127,127-p-mk5,,2,2,1,2,2,2,2,2,1,2,2,0,
127-p-mk24_x8-lexington,127,127-p-mk24,,,0,,,,,4,,,0,,,8
127-p-mk24_x8-essex,127,127-p-mk24,,,1,,,,,4,,,1,,,8
127-p-mk24_x8,127,127-p-mk24,,,2,,,,,4,,,2,,,8
127-p-mk24_x4-side,127,127-p-mk24,,,0,1,2,2,,2,2,1,1,,2.5,4
127-p-mk24_x4-port,127,127-p-mk24,,,0.5,,,,,2,,,0.5,,,4
127-p-mk24_x4-essex,127,127-p-mk24,,,2,,,,,2,,,2,,,4
127-p-mk24_x3-rxy,127,127-p-mk24,,0,0,0,2,3,3,3,2,2,2,2,3,3
127-p-mk24_x2-xy,127,127-p-mk24,,0,0,0,1.5,2,2,2,2,2,2,2,2,2
127-p-mk24_x2-sangamon,127,127-p-mk24,,,0,,,,,1,,,2,,,2
127-p-mk24_x2-port,127,127-p-mk24,,,0.5,,,,,1,,,0,,,2
127-p-mk24_x2-bogue,127,127-p-mk24,,,0.5,,,,,1,,,2,,,2
127-p-mk24_ay,127,127-p-mk24,,,1,,,1,,1,,,1,,,2
127-p-mk24_x1-aft,127,127-p-mk24,,,0,,,1,,1,1,1,1,,,1
127-p-mk21_x8,127,127-p-mk21,,,1,,,4,4,4,,,1,,,8
127-p-mk21_x3-rxy,127,127-p-mk21,,0,0,0,2,3,3,3,2,2,2,2,3,3
127-p-mk21_x3-qxy,127,127-p-mk21,,0,0,0,2,3,3,3,3,2,2,2,3,3
127-p-mk21_x2-xy,127,127-p-mk21,,0,0,0,1.5,2,2,2,2,2,2,2,2,2
127-p-mk21_x1-y,127,127-p-mk21,,0,0,0,1,1,1,1,1,1,1,1,1,1
127-p-mk19_x16,127,127-p-mk19,,8,4,6,6.5,8,8,8,7.5,4,3,8,8,16
127-p-mk19_x12,127,127-p-mk19,,2,0,1,6,6,6,6,6,1,0,2,6,12
127-p-mk19_x8-tenn-2,127,127-p-mk19,,6,2,3,4,4,4,4,3,1,2,2,4,8
127-p-mk19_x8-tenn,127,127-p-mk19,,4,2,2,3,4,4,4,4,3,4,6,4,8
127-p-mk19_x8-ranger-2,127,127-p-mk19,,,1,,,4,,4,,,1,,,8
127-p-mk19_x8-ranger,127,127-p-mk19,,,3,,,4,,4,,,3,,,8
127-p-mk19_x8-port-alt,127,127-p-mk19,,,0,,,4,,4,,,1,,,8
127-p-mk19_x8-port,127,127-p-mk19,,,0,,,4,,4,,,2,,,8
127-p-mk19_x8-penn,127,127-p-mk19,,6,4,3,4,4,4,4,3,2,2,4,4,8
127-p-mk19_x8-pen,127,127-p-mk19,,,2,,,4,,4,,,3,,,8
127-p-mk19_x8-orleans,127,127-p-mk19,,,2,,,4,,4,,,0,,,8
127-p-mk19_x8-nm-2,127,127-p-mk19,,,2,,,4,,4,,,1,,,8
127-p-mk19_x8-nm,127,127-p-mk19,,6,2,3,3.5,4,4,4,3.5,3,1,6,4,8
127-p-mk19_x8-brooklyn-alt,127,127-p-mk19,,,1,,,4,,4,,,0,,,8
127-p-mk19_x8-brooklyn,127,127-p-mk19,,,1,,,4,,4,,,1,,,8
127-p-mk19_x8,127,127-p-mk19,,4,3,3,3,4,4,4,3,2,2,4,4,8
127-p-mk19_x6-utah,127,127-p-mk19,,3,2,3,4,4,4,4,3,1,1,2,4,6
127-p-mk19_x4-wyo,127,127-p-mk19,,1,0.5,0.5,2,2,2,2,2,1,1,1,3,4
127-p-mk19_x4-nh,127,127-p-mk19,,,0,,,2,,2,,,1,,,4
127-p-m9_x10-no,127,127-p-m9,,7,2,4,6,6,6,6,6,4,2,7,0,10
127-p-m9_x10-denver,127,127-p-m9,,5,2,3,5,6,6,6,6,3,2,5,0,10
127-p-m9_x10,127,127-p-m9,,6,1,3,3,5,5,5,4,2,1,4,0,10
127-p-m9_x8-no,127,127-p-m9,,5,2,3,5,5,5,5,5,3,2,5,0,8
127-p-m9_x8-denver,127,127-p-m9,,3,1,2,4,5,5,5,5,3,2,5,0,8
127-p-m9_x8,127,127-p-m9,,6,1,3,3,4,4,4,3,1,0,2,0,8
127-p-m9_x4-sides,127,127-p-m9,,4,0,2,2,2,2,2,2,2,0,4,0,4
127-p-m9_x4-alt,127,127-p-m9,,2,1,1,1,2,2,2,2,1,1,2,0,4
127-p-m9_x4,127,127-p-m9,,2,1,1,1,2,2,2,1,1,1,2,0,4
127-p-m9_ay,127,127-p-m9,,,1,,,2,,2,,,1,,0,2
127-gs-vbi_x8,127,127-gs-vbi,,,2,,,4,,4,,,2,,,8
127-gs-p15_x4-alt,127,127-gs-p15,,4,1,1,2,2,2,2,2,1,1,2,0,4
127-gs-p15_x3,127,127-gs-p15,,,1,,,2,,2,,,0,,0,3
127-gs-p15_a,127,127-gs-p15,,,1,,,1,,1,,,0,,0,1
127-gs-mk5_x8,127,127-gs-mk5,,4,2,2,4,4,4,4,4,2,2,4,0,8
127-gs-mk5_x4,127,127-gs-mk5,,,2,,,2,,2,,,2,,0,4
127-gs-mk5_x3,127,127-gs-mk5,,1,1,1,2,2,2,2,2.5,2,2,2,0,3
127-gs-mk5_x2-aft,127,127-gs-mk5,,0,0,0,1,1,1,1,2,2,2,2,0,2
127-gs-mk5_ay,127,127-gs-mk5,,1,1,1,1.5,2,2,2,1.5,1,1,1,0,2
127-gs-mk21_x2-ab,127,127-gs-mk21,,2,2,2,2,2,2,2,2,0,0,0,2,2
127-gs-mk19_x8-tenn-2,127,127-gs-mk19,,6,2,3,4,4,4,4,3,1,2,2,4,8
127-gs-mk19_x8-tenn,127,127-gs-mk19,,4,2,2,2,4,4,4,4,3,2,6,4,8
127-gs-mk19_x8-penn,127,127-gs-mk19,,6,4,3,4,4,4,4,3,2,2,4,4,8
127-gs-a1_x8,127,127-gs-a1,,,3,,,4,,4,,,1,,,8
127-gs-a1_x6-alt,127,127-gs-a1,,,2,,,3,,3,,,2,,,6
127-gs-a1_x6,127,127-gs-a1,,,1,,,3,,3,,,2,,,6
127-gs-a1_x4-alt-2,127,127-gs-a1,,,1,,,2,,2,,,2,,,4
127-gs-a1_x4-alt,127,127-gs-a1,,,2,,,2,,2,,,1,,,4
127-gs-a1_x4,127,127-gs-a1,,,1,,,2,,2,,,1,,,4
127-gs-a1_x3,127,127-gs-a1,,,0.5,,,2,,2,,,1.5,,,3
127-gs-a1_x2,127,127-gs-a1,,,1,,,1,,1,,,2,,,2
127-gs-a1_ay,127,127-gs-a1,,,1,,,2,,2,,,1,,,2
127-gs-a1_x,127,127-gs-a1,,,0,,,1,,1,,,1,,,1
127-gs-a1_a,127,127-gs-a1,,,1,,,1,,1,,,0,,,1
127-cp-mk30-mod80_x4-fore,127,127-cp-mk30-mod80,,,2,,,,,2,,0,0,0,0,4
127-cp-mk30-mod80_xy,127,127-cp-mk30-mod80,,0,0,0,,,,2,,2,2,2,0,2
127-cp-mk30-mod80_x2-sangamon,127,127-cp-mk30-mod80,,0,0,0,,,,1,,2,2,2,0,2
127-cp-mk30-mod80_x2-bogue,127,127-cp-mk30-mod80,,,0.5,,,,,1,,2,2,2,0,2
127-cp-mk30-mod80_ay,127,127-cp-mk30-mod80,,1,1,1,,,,2,,1,1,1,0,2
127-cp-mk30-mod80_y,127,127-cp-mk30-mod80,,0,0,0,,,,1,1,1,1,1,0,1
127-cp-mk30-mod80_x1-aft-2,127,127-cp-mk30-mod80,,0,0,0,0,0,,1,1,1,1,1,0,1
127-cp-mk30-mod8_x3-curtis,127,127-cp-mk30-mod8,,,1.5,,,,,2,,,1,,,3
127-cp-mk30-mod1_x2-xy,127,127-cp-mk30-mod1,,0,0,0,2,2,2,2,2,2,2,2,2,2
127-cp-mk30-mod1_x2-rx,127,127-cp-mk30-mod1,,0,0,0,2,2,2,2,2,1,1,1,2,2
127-cp-mk30-mod1_x1-x,127,127-cp-mk30-mod1,,0,0,0,1,1,1,1,1,1,1,1,1,1
127-cp-a1_x8-shokaku,127,127-cp-a1,,,1,,,,,4,,,0,,,8
127-cp-a1_x8-shinano,127,127-cp-a1,,,1,,,,,4,,,0,,,8
127-cp-a1_x8-kaga,127,127-cp-a1,,,1,,,,,4,,,1,,,8
127-cp-a1_x6-soryu,127,127-cp-a1,,,1,,,,,3,,,0.5,,,6
127-cp-a1_x6-ryujo,127,127-cp-a1,,,2,,,,,3,,,1,,,6
127-cp-a1_x6-junyo,127,127-cp-a1,,,2,,,,,3,,,0,,,6
127-cp-a1_x4-zuiho,127,127-cp-a1,,,0,,,,,2,,,0,,,4
127-cp-a1_x4-ryujo,127,127-cp-a1,,,2,,,,,2,,,1,,,4
127-cp-a1_x4-chuyo,127,127-cp-a1,,,2,,,,,2,,,0,,,4
127-cp-a1_aqy,127,127-cp-a1,,,1,,,,,3,,,1.5,,3,3
127-cp-a1_aps,127,127-cp-a1,,,3,,,,,2,,,0,,,3
127-cp-a1_x2-ibuki,127,127-cp-a1,,,2,,,,,2,,,0,,2,2
127-cp-a1_x2-ay-yakumo,127,127-cp-a1,,1,1,1,1.5,2,2,2,1.5,1,1,1,2,2
127-cp-a1_x2-ay-izumo,127,127-cp-a1,,1,1,1,1,1,2,1,1,1,1,1,2,2
127-cp-a1_ay,127,127-cp-a1,,,1,,,,,2,,,1,,2,2
127-cp-a1_ab,127,127-cp-a1,,,2,,,,,2,,,0,,2,2
127-cp-a1_y,127,127-cp-a1,,,0,,,,,1,,,1,,1,1
127-cp-a1_r,127,127-cp-a1,,,0,,,,,1,,,0,,1,1
127-c-m9_x10,127,127-c-m9,,6,0,3,4,5,5,5,3,2,0,4,0,10
127-ag-mk42-late_x3-axy,127,127-ag-mk42-late,,1,1,1,3,3,3,3,3,2,2,2,3,3
127-ag-mk42-late_x2-xy,127,127-ag-mk42-late,,0,0,0,2,2,2,2,2,2,2,2,3,2
127-ag-mk42-late_x2-ay,127,127-ag-mk42-late,,1,1,1,2,2,2,2,2,1,1,1,2,2
127-ag-mk42_x3-axy,127,127-ag-mk42,,1,1,1,3,3,3,3,3,2,2,2,3,3
127-ag-mk42_x2-ay,127,127-ag-mk42,,1,1,1,2,2,2,2,2,1,1,1,2,2
127-ag-mk39_x18,127,127-ag-mk39,,2,0.5,1,9,9,9,9,9,1,0.5,2,9,18
127-ag-mk39_x10,127,127-ag-mk39,,2,0.5,1,5,5,5,5,5,1,0.5,2,5,10
127-ag-mk39_x8,127,127-ag-mk39,,4,2,2,4,4,4,4,4,1,2,2,4,8
127-ag-mk39_x6,127,127-ag-mk39,,3,0.5,1.5,3,3,3,3,3,1.5,1,3,3,6
127-ag-mk39_x4,127,127-ag-mk39,,3,0.5,1.5,2,2,2,2,2,1,0.5,2,2,4
127-ag-mk39_x3,127,127-ag-mk39,,2,0.5,1,1.5,1.5,1.5,1.5,1.5,0.5,0.5,1,1.5,3
127-ag-mk38-mod1_x3-aby-alt,127,127-ag-mk38-mod1,,2,2,2,2,3,3,3,3,1,1,1,3,3
127-ag-mk38-mod1_x3-aby,127,127-ag-mk38-mod1,,2,2,2,3,3,3,3,3,1,1,1,3,3
127-ag-mk38-mod1_x2-ay-alt,127,127-ag-mk38-mod1,,1,1,1,1,2,2,2,2,1,1,1,2,2
127-ag-mk38-mod1_x2-ay,127,127-ag-mk38-mod1,,1,1,1,2,2,2,2,2,1,1,1,2,2
127-ag-mk38-mod1_x2-ab,127,127-ag-mk38-mod1,,2,2,2,2,2,2,2,2,0,0,0,2,2
127-ag-mk38-mod1_x1-a,127,127-ag-mk38-mod1,,1,1,1,1,1,1,1,1,0,0,0,1,1
127-ag-mk32_abcpsxyz,127,127-ag-mk32,,3,3,3,7,7,7,7,7,4,4,5,7,8
127-ag-mk32_x6-fargo,127,127-ag-mk32,,3,3,2,3,4,4,4,3,2,3,3,4,6
127-ag-mk32_x6-cleveland,127,127-ag-mk32,,3,2,2,3,4,4,4,4,2,2,3,4,6
127-ag-mk32_x6,127,127-ag-mk32,,3,3,2,4,4,4,4,4,2,3,3,4,6
127-ag-mk32_abcxyz,127,127-ag-mk32,,3,3,3,6,6,6,6,6,3,3,3,6,6
127-ag-mk32_x5,127,127-ag-mk32,,2,2,1,3,3,3,3,3,2,3,3,3,5
127-ag-mk32_x4,127,127-ag-mk32,,2,1,1,2,2,2,2,2,1,1,2,2,4
127-ag-mk32_abxy,127,127-ag-mk32,,2,2,2,4,4,4,4,4,2,2,2,4,4
127-ag-mk32_axy,127,127-ag-mk32,,1,1,1,3,3,3,3,3,2,2,2,3,3
127-ag-mk32_ay,127,127-ag-mk32,,1,1,1,2,2,2,2,2,1,1,1,2,2
127-ag-mk30-mod0_x10-nm,127,127-ag-mk30-mod0,,10,3,5,5,5,5,5,4.5,3,4,6,5,10
127-ag-mk30-mod0_x5-abrxy,127,127-ag-mk30-mod0,,2,2,2,5,5,5,5,4,2,2,2,5,5
127-ag-mk30-mod0_x4-wich,127,127-ag-mk30-mod0,,3,3,2,2,3,3,3,3,2,1,1,3,4
127-ag-mk30-mod0_x4-curtis,127,127-ag-mk30-mod0,,4,3,3,3.5,3.5,3.5,3,3.5,1.5,1.5,1,3.5,4
127-ag-mk30-mod0_x4-abxy,127,127-ag-mk30-mod0,,2,2,2,4,4,4,4,4,2,2,2,4,4
127-ag-mk30-mod0_x3-axy,127,127-ag-mk30-mod0,,1,1,1,3,3,3,3,3,2,2,2,3,3
127-ag-mk30-mod0_x3-aby,127,127-ag-mk30-mod0,,2,2,2,3,3,3,3,3,1,1,1,3,3
127-ag-mk30-mod0_x3-abx,127,127-ag-mk30-mod0,,2,2,2,3,3,3,3,3,1,1,1,3,3
127-ag-mk30-mod0_x2-currituck,127,127-ag-mk30-mod0,,2,1,1,1.5,1.5,1.5,1,1.5,1.5,1.5,1,1.5,2
127-ag-mk30-mod0_x2-ay-fram,127,127-ag-mk30-mod0,,1,1,1,1,2,2,2,2,1,1,1,2,2
127-ag-mk30-mod0_x2-ay,127,127-ag-mk30-mod0,,1,1,1,2,2,2,2,2,1,1,1,2,2
127-ag-mk30-mod0_ry,127,127-ag-mk30-mod0,,0,0,0,2,2,2,2,2,1,1,1,2,2
127-ag-mk30-mod0_ab,127,127-ag-mk30-mod0,,2,2,2,2,2,2,2,2,0,0,0,2,2
127-ag-mk30-mod0_x1-x,127,127-ag-mk30-mod0,,0,0,1,1,1,1,1,1,1,1,1,1,1
127-ag-mk30-mod0_a,127,127-ag-mk30-mod0,,1,1,1,1,1,1,1,0,0,0,0,1,1
127-ag-mk28_x10,127,127-ag-mk28,,4,2,2,5,5,5,5,5,2,2,4,5,10
127-ag-mk28_x8-standard,127,127-ag-mk28,,4,2,2,3,4,4,4,3,2,2,4,4,8
127-ag-mk28_x8-penn,127,127-ag-mk28,,4,1,2,3,4,4,4,3,2,1,4,4,8
127-ag-mk28_x8,127,127-ag-mk28,,4,2,2,4,4,4,4,4,2,2,4,4,8
127-ag-mk28_x2-ay,127,127-ag-mk28,,1,1,1,2,2,2,2,2,1,1,,2,2
127-ag-mk28_x1-wyo,127,127-ag-mk28,,0,0,0,0.5,0.5,0.5,0.5,0.5,0.5,0.5,1,1,1
127-ag-mk25_x2-wyo,127,127-ag-mk25,,2,0.5,1,1,1,1,1,1,0,0,0,1,2
127-ag-mk25_x2-ab,127,127-ag-mk25,,2,2,2,2,2,2,2,2,0,0,,2,2
127-ag-mk22_x4-abxy,127,127-ag-mk22,,2,2,2,4,4,4,4,4,2,2,,4,4
127-ag-mk22_x3-aby,127,127-ag-mk22,,2,2,2,3,3,3,3,3,1,1,,3,3
127-ag-m1948_x8,127,127-ag-m1948,,,4,,,6,,6,,,4,,,8
127-ag-m1948_x4-fore,127,127-ag-m1948,,,4,,,3,,3,,,0,,,4
127-ag-a1-mod3_x6-alt,127,127-ag-a1-mod3,,,1,,,3,,3,,,1,,,6
127-ag-a1-mod3_x6,127,127-ag-a1-mod3,,,2,,,3,,3,,,2,,,6
121-car-ml-12pdr_x10-side,121,121-car-ml-12pdr,,,0,,,5,,5,,,0,,0,10
121-car-ml-12pdr_x10,121,121-car-ml-12pdr,,,0,,,4,,4,,,2,,0,10
121-car-ml-12pdr_x6-side,121,121-car-ml-12pdr,,0,0,0,0,3,3,3,0,0,0,0,0,6
121-car-ml-12pdr_x5,121,121-car-ml-12pdr,,,0,,,3,,3,,,1,,0,5
121-car-ml-12pdr_x4-side,121,121-car-ml-12pdr,,0,0,0,0,2,2,2,0,0,0,0,0,4
121-car-ml-12pdr_x2-side,121,121-car-ml-12pdr,,0,0,0,0,1,1,1,0,0,0,0,0,2
120-piv-armstrong-m_x4,120,120-piv-armstrong-m,,0,0,0,0,2,2,2,0,0,0,0,0,4
120-p-type41_x2,120,120-p-type41,,,1,,,2,,2,,,1,,,2
120-p-type41_ay,120,120-p-type41,,,1,,,2,,2,,,1,,,2
120-p-p1892_x10,120,120-p-p1892,,,0,,,5,,5,,,0,,0,10
120-p-p1892_x6,120,120-p-p1892,,0,0,0,2,3,3,3,3,1,1,2,0,6
120-p-armstrong-p_x12,120,120-p-armstrong-p,,,1,,,6,,6,,,0,,0,12
120-p-armstrong-p_x11,120,120-p-armstrong-p,,,1,,,6,,6,,,2,,0,11
120-p-10th-year-b2_x4,120,120-p-10th-year-b2,,,0,,,2,,2,,,1,,,4
120-p-10th-year-b_x6-taiyo,120,120-p-10th-year-b,,,2,,,3,,3,,,0,,,6
120-p-10th-year-b_x6,120,120-p-10th-year-b,,,1,,,3,,3,,,2,,,6
120-p-10th-year-b_x4-alt,120,120-p-10th-year-b,,,2,,,2,,2,,,2,,,4
120-p-10th-year-b_x4,120,120-p-10th-year-b,,,0,,,2,,2,,,1,,,4
120-p-10th-year-b_x2-shimane-maru,120,120-p-10th-year-b,,,0,,,1,,1,,,0,,,2
120-p-10th-year-b_ay,120,120-p-10th-year-b,,,1,,,2,,2,,,1,,,2
120-gs-type41_x10-tone,120,120-gs-type41,,,1,,,5,,5,,,2,,,10
120-gs-type41_x8-tone,120,120-gs-type41,,,1,,,4,,4,,,2,,,8
120-gs-p1892_x8,120,120-gs-p1892,,,2,,,5,,5,,,2,,0,8
120-gs-p1892_x22,120,120-gs-p1892,,6,3,3,8,11,11,11,8,2,2,4,0,8
120-gs-p1892_x6-alt,120,120-gs-p1892,,2,0,1,3,3,3,3,3,1,0,2,0,6
120-gs-p1892_x6,120,120-gs-p1892,,,2,,,,,4,,,2,,0,6
120-gs-mk3_x4,120,120-gs-mk3,,4,0,2,2,2,2,2,2,2,0,4,0,4
120-gs-m1891_x10-alt,120,120-gs-m1891,,,2,,,,,5,,,2,,0,10
120-gs-m1891_x10,120,120-gs-m1891,,,1,,,,,5,,,1,,0,10
120-gs-m1891_x8-alt,120,120-gs-m1891,,,1,,,,,4,,,1,,0,8
120-gs-m1891_x8,120,120-gs-m1891,,,0,,,,,4,,,2,,0,8
120-gs-m1891_x6-sides,120,120-gs-m1891,,,0,,,,,3,,,0,,0,6
120-gs-m1891_x6,120,120-gs-m1891,,,1,,,,,4,,,1,,0,6
120-gs-m1891_x4-fore,120,120-gs-m1891,,,2,,,,,2,,,0,,0,4
120-gs-m1891_x4,120,120-gs-m1891,,,1,,,,,2,,,1,,0,4
120-gs-m1891_x2-sides,120,120-gs-m1891,,,0,,,,,1,,,0,,0,2
120-gs-m1891_ay,120,120-gs-m1891,,,1,,,,,2,,,1,,0,2
120-gs-hontoria-m1883_x4,120,120-gs-hontoria-m1883,,,1,,,,,2,,,1,,0,4
120-gs-cpvi_x1-fore,120,120-gs-cpvi,,,1,,,,,1,,,0,,0,1
120-gs-bdi_x8,120,120-gs-bdi,,,2,,,,,4,,,2,,0,8
120-gs-bdi_x6-campania,120,120-gs-bdi,,,1,,,,,3,,,2,,0,6
120-gs-bdi_x6-alt-2,120,120-gs-bdi,,,2,,,,,3,,,2,,0,6
120-gs-bdi_x6-alt,120,120-gs-bdi,,2,0,1,1,3,3,3,3,3,2,4,0,6
120-gs-bdi_x6,120,120-gs-bdi,,,1,,,,,3,,,1,,0,6
120-gs-bdi_x4-f-a,120,120-gs-bdi,,2,0,1,1,2,2,2,2,2,2,2,0,4
120-gs-bdi_x4,120,120-gs-bdi,,2,1,1,2,2,2,2,2,1,2,2,0,4
120-gs-armstrong-p_x12,120,120-gs-armstrong-p,,4,2,2,4,6,6,6,4,2,2,4,0,12
120-gs-armstrong-p_x10-alt,120,120-gs-armstrong-p,,3,2,2,6,6,6,6,6,2,2,3,0,10
120-gs-armstrong-p_x10,120,120-gs-armstrong-p,,2,1,1,5,5,5,5,5,1,1,2,0,10
120-gs-armstrong-p_x8-yosh,120,120-gs-armstrong-p,,,0,,,,,4,,,1,,0,8
120-gs-armstrong-p_x8-izumi,120,120-gs-armstrong-p,,,1,,,,,5,,,1,,0,8
120-gs-armstrong-p_x8,120,120-gs-armstrong-p,,4,3,3,6,6,6,6,6,3,3,4,0,8
120-gs-armstrong-p_x6-suma,120,120-gs-armstrong-p,,,1,,,,,3,,,1,,0,6
120-gs-armstrong-p_x6-sides,120,120-gs-armstrong-p,,,0,,,,,3,,,0,,0,6
120-gs-armstrong-p_x6,120,120-gs-armstrong-p,,,1,,,,,4,,,1,,0,6
120-gs-armstrong-p_x4-diamond,120,120-gs-armstrong-p,,,2,,,,,3,,,2,,0,4
120-gs-armstrong-p_ay,120,120-gs-armstrong-p,,,1,,,,,2,,,1,,0,2
120-gs-10th-year-b2_x4,120,120-gs-10th-year-b2,,,0,,,,,2,,,1,,,4
120-gs-10th-year-b2_ay,120,120-gs-10th-year-b2,,,1,,,,,2,,,1,,,2
120-gs-10th-year-b2_a,120,120-gs-10th-year-b2,,,1,,,,,1,,,0,,,1
120-gs-10th-year-b_x4,120,120-gs-10th-year-b,,,0,,,,,2,,,1,,,4
120-cp-m1891_x4-illum,120,120-cp-m1891,,,1,,,,,2,,,1,,0,4
120-cp-m1889_x8,120,120-cp-m1889,,4,3,3,3,3,4,3,4,3,4,4,0,8
120-cp-ha-markxii_x16,120,120-cp-ha-markxii,,,2,,,,,8,,,2,,0,16
120-cp-ha-markxii_x6,120,120-cp-ha-markxii,,,2,,,,,3,,,2,,0,6
120-cp-ha-markxii_x4-albatross,120,120-cp-ha-markxii,,,1,,,,,3,,,2,,0,4
120-cp-ha-markxii_x2-fantail,120,120-cp-ha-markxii,,,0,,,,,2,,,1,,0,2
120-cp-ha-markxii_ab,120,120-cp-ha-markxii,,,2,,,,,2,,,0,,0,2
120-cp-elswick-cc_x4,120,120-cp-elswick-cc,,,1,,,,,2,,,1,,0,4
120-cp-bdi_x10,120,120-cp-bdi,,,1,,,,,5,,,1,,0,10
120-cp-bdi_x6,120,120-cp-bdi,,,1,,,,,3,,,1,,0,6
120-cp-bdi_x4-allround,120,120-cp-bdi,,2,2,1,2,2,2,2,2,1,2,2,0,4
120-cp-bdi_x4,120,120-cp-bdi,,0,0,0,0,2,2,2,1,1,2,2,0,4
120-cp-10th-year-a2_x6,120,120-cp-10th-year-a2,,,0,,,,,3,,,1,,0,6
120-car-rbl-40pdr-35cwt_x8-side,120,120-car-rbl-40pdr-35cwt,,,0,,,,,4,,,0,,0,8
120-car-rbl-40pdr-35cwt_x4-side,120,120-car-rbl-40pdr-35cwt,,,0,,,,,2,,,0,,0,4
120-car-rbl-40pdr-35cwt_x3,120,120-car-rbl-40pdr-35cwt,,2,1,1,0,0,0,0,0,1,1,1,0,3
120-car-rbl-40pdr-35cwt_x2,120,120-car-rbl-40pdr-35cwt,,0,0,0,0,1,1,1,0,0,0,0,0,2
120-car-m1870_x10,120,120-car-m1870,,,0,,,,,5,,,0,,0,10
120-car-m1870_x6,120,120-car-m1870,,,0,,,,,3,,,2,,0,6
120-car-m1870_x4,120,120-car-m1870,,,0,,,,,2,,,0,,0,4
120-c-vickers-bl_x18,120,120-c-vickers-bl,,,4,,,,,9,,,3,,0,18
120-c-vickers-bl_x12,120,120-c-vickers-bl,,,3,,,,,6,,,3,,0,12
120-c-type41_x12,120,120-c-type41,,,2,,,,,6,,,2,,0,12
120-c-type41_x2,120,120-c-type41,,,1,,,,,2,,,1,,0,2
120-c-p1905_x20,120,120-c-p1905,,,2,,,,,10,,,2,,0,20
120-c-p1905_x16,120,120-c-p1905,,,4,,,,,8,,,4,,0,16
120-c-p1905_x14,120,120-c-p1905,,,4,,,,,7,,,3,,0,14
120-c-p1905_x10,120,120-c-p1905,,,3,,,,,5,,,2,,0,10
120-c-p1892_x12,120,120-c-p1892,,4,2,2,4,6,6,6,4,2,2,4,0,12
120-c-p1892_x4,120,120-c-p1892,,,1,,,,,1,,,1,,0,4
120-c-elswick-cc_x18,120,120-c-elswick-cc,,,2,,,,,9,,,2,,0,18
120-c-armstrong-p_x4-sides,120,120-c-armstrong-p,,0,0,0,2,2,2,2,2,0,0,0,0,4
120-ag-vickers-bl_x4,120,120-ag-vickers-bl,,,1,1,2,2,,2,2,1,2,,0,4
120-ag-oto-m1933_x6,120,120-ag-oto-m1933,,,1,,,,,3,,,1,,,6
120-ag-10th-year-a2_x6,120,120-ag-10th-year-a2,,,0,,,,,3,,,1,,,6
120-aa-rocket_x12,120,,120-aa-rocket,,2,,,,,6,,,2,,6,12
120-aa-rocket_x8,120,,120-aa-rocket,,1,,,,,4,,,1,,4,8
120-aa-rocket_x6-zuiho,120,,120-aa-rocket,,0,,,,,3,,,0,,3,6
120-aa-rocket_x6,120,,120-aa-rocket,,2,,,,,3,,,0,,3,6
120-aa-rocket_x4,120,,120-aa-rocket,,0.5,,,,,2,,,0,,2,4
120-aa-rocket_x1-fore,120,,120-aa-rocket,,1,,,,,1,,,0,,1,1
114-gs-markiii-ud_x8,114,114-gs-markiii-ud,,,1,,,,,4,,,1,,,8
114-gs-markiii-ud_abxy,114,114-gs-markiii-ud,,,2,,,,,4,,,2,,,4
114-ag-markii-bd_x10,114,114-ag-markii-bd,,,3,,,,,5,,,2,,,10
114-ag-markii-bd_x8-implacable,114,114-ag-markii-bd,,,1,,,,,4,,,1,,,8
114-ag-markii-bd_x8-illustrious,114,114-ag-markii-bd,,,3,,,,,4,,,3,,,8
114-ag-markii-bd_x6-ark-royal,114,114-ag-markii-bd,,,0.5,,,,,3,,,1,,,6
114-ag-markii-bd_x4-centaur,114,114-ag-markii-bd,,,1,,,,,2,,,1,,,4
114-ag-markii-bd_x4-ark-royal,114,114-ag-markii-bd,,,0,,,,,2,,,1,,,4
114-ag-markii-bd_x4,114,114-ag-markii-bd,,,0,,,,,2,,,1,,,4
114-ag-markii-bd_x2-aft,114,114-ag-markii-bd,,,0,,,,,1,,,1,,,2
105-sm-dop-lc37_x8,105,105-sm-dop-lc37,,,2,,,,,4,,,2,,,8
105-sm-dop-lc37_x6-graf-zeppelin,105,105-sm-dop-lc37,,,2,,,,,6,,,3,,,6
105-sm-dop-lc37_x5-weser,105,105-sm-dop-lc37,,,2,,,,,5,,,3,,,5
105-sm-dop-lc37_x4-fore,105,105-sm-dop-lc37,,,2,,,,,2,,,0,,,4
105-sm-dop-lc37_x4-elbe,105,105-sm-dop-lc37,,,2,,,,,4,,,2,,,4
105-sm-dop-lc37_x4-aft,105,105-sm-dop-lc37,,,0,,,,,2,,,2,,,4
105-sm-dop-lc37_axy,105,105-sm-dop-lc37,,,1,,,,,3,,,2,,,3
105-sm-dop-lc37_ay,105,105-sm-dop-lc37,,,1,,,,,2,,,1,,,2
105-sm-dop-lc31_x8,105,105-sm-dop-lc31,,,2,,,,,4,,,2,,,8
105-sm-dop-lc31_x7,105,105-sm-dop-lc31,,,2,,,,,4,,,2,,,7
105-sm-dop-lc31_x6,105,105-sm-dop-lc31,,,1,,,,,3,,,2,,,6
105-sm-dop-lc31_x4-fore,105,105-sm-dop-lc31,,,2,,,,,2,,,0,,,4
105-sm-dop-lc31_x4-aft,105,105-sm-dop-lc31,,,0,,,,,2,,,2,,,4
105-sm-dop-lc31_x3,105,105-sm-dop-lc31,,,1,,,,,2,,,3,,,3
105-p-mpl-c30_x4,105,105-p-mpl-c30,,,2,,,,,3,,,2,,,4
105-gs-sk-l40_x10,105,105-gs-sk-l40,,,3,,,,,5,,,3,,,10
105-gs-sk-l40_x8,105,105-gs-sk-l40,,,3,,,,,4,,,2,,,8
105-gs-sk-l40_x6-training,105,105-gs-sk-l40,,,0,,,,,0,,,0,,,6
105-gs-sk-l40_x6-sides,105,105-gs-sk-l40,,,1,,,,,3,,,1,,,6
105-gs-sk-l40_x6,105,105-gs-sk-l40,,,3,,,,,3,,,2,,,6
105-gs-sk-l40_x2-f-a,105,105-gs-sk-l40,,,1,,,,,2,,,1,,,2
105-gs-sk-c11_x12,105,105-gs-sk-c11,,,3,,,,,6,,,3,,,12
105-gs-sk-c11_x10,105,105-gs-sk-c11,,,3,,,,,5,,,3,,,10
105-gs-sk-c11_x8-alt,105,105-gs-sk-c11,,,1,,,,,4,,,1,,,8
105-gs-sk-c11_x8,105,105-gs-sk-c11,,,2,,,,,5,,,2,,,8
105-gs-sk-c11_x4,105,105-gs-sk-c11,,,1,,,,,2,,,1,,,4
105-gs-sk-c11_ay,105,105-gs-sk-c11,,,1,,,,,2,,,1,,,2
105-gs-mpl-c91_x10,105,105-gs-mpl-c91,,,2,,,,,5,,,2,,,10
105-gs-mpl-c91_x8,105,105-gs-mpl-c91,,,1,,,,,4,,,0,,,8
105-gs-mpl-c91_x4,105,105-gs-mpl-c91,,,2,,,,,1.5,,,2,,,4
105-gs-mpl-c30_x6,105,105-gs-mpl-c30,,,3,,,,,5,,,3,,,6
105-cp-mpl-c91_x4,105,105-cp-mpl-c91,,,1,,,,,2,,,1,,,4
105-cp-mpl-c91_x2,105,105-cp-mpl-c91,,,1,,,,,2,,,1,,,2
105-cp-mpl-c32ge_x4-aft,105,105-cp-mpl-c32ge,,,0,,,,,2,,,4,,,4
105-cp-mpl-c32ge_x3-center,105,105-cp-mpl-c32ge,,,1,,,,,2.5,,,1,,,3
105-cp-mpl-c32ge_axy,105,105-cp-mpl-c32ge,,,1,,,,,3,,,2,,,3
105-cp-mpl-c32ge_ay,105,105-cp-mpl-c32ge,,,1,,,,,2,,,1,,,2
105-cp-mpl-c32ge_x1-fore,105,105-cp-mpl-c32ge,,,1,,,,,1,,,0,,,1
105-c-sk-c11_x6,105,105-c-sk-c11,,,1,,,,,3,,,1,,0,6
105-c-mpl-c91_x8,105,105-c-mpl-c91,,,0,,,,,4,,,0,,0,8
105-c-mpl-c91_x6,105,105-c-mpl-c91,,,0,,,,,3,,,0,,0,6
105-c-mpl-c91_x2-sides,105,105-c-mpl-c91,,,0,,,,,1,,,0,,0,2
102-piv-vbii_x8-side,102,102-piv-vbii,,,0,,,,,4,,,0,,0,8
102-piv-vbii_x7,102,102-piv-vbii,,2,1,1,0,3,3,3,0,1,1,1,0,7
102-piv-vbii_x6-side,102,102-piv-vbii,,,0,,,,,3,,,0,,0,6
102-p-pix_x9,102,102-p-pix,,,3,,,,,5,,,2,,,9
102-p-pix_x6,102,102-p-pix,,,1,,,,,3,,,1,,,6
102-p-pix_x2-sides,102,102-p-pix,,,0,,,,,1,,,0,,,2
102-p-pix_x1-aft-2,102,102-p-pix,,,0,,,,,1,,,1,,,1
102-p-pix_x1-aft,102,102-p-pix,,,0,,,,,0.5,,,1,,,1
102-p-mk4_x8,102,102-p-mk4,,4,2,2,2,4,4,4,2,2,2,4,0,8
102-p-mk4_x4-iowa,102,102-p-mk4,,2,1,1,1,2,2,2,1,2,2,2,0,6
102-p-mk4_x4,102,102-p-mk4,,,1,,,,,2,,,0,,0,4
102-p-mk4_x2-fore,102,102-p-mk4,,2,1,1,1,1,1,1,0,0,0,0,0,4
102-p-mk4_x2-ps,102,102-p-mk4,,,0,,,,,1,,,0,,0,2
102-p-mk14_apsy,102,102-p-mk14,,,1,,,,,3,,,1,,,4
102-p-mk14_ax,102,102-p-mk14,,,1,,,,,2,,,1,,,2
102-p-mk14_a,102,102-p-mk14,,,1,,,,,1,,,0,,,1
102-p-mk12_x16,102,102-p-mk12,,,6,,,,,10,,,6,,0,16
102-p-mk12_x8,102,102-p-mk12,,4,3,2,3,4,4,4,3,2,3,4,0,8
102-p-mk12_x4-alt,102,102-p-mk12,,,2,,,,,3,,,1,,0,4
102-p-mk12_x4,102,102-p-mk12,,,2,,,,,2,,,2,,0,4
102-p-mk12_apsy,102,102-p-mk12,,,1,,,,,3,,,1,,0,4
102-p-mk12_x3-archer,102,102-p-mk12,,,2,,,,,2,,,1,,0,3
102-p-mk12_psy,102,102-p-mk12,,,0,,,,,2,,,1,,0,3
102-p-mk12_psx,102,102-p-mk12,,,0,,,,,2,,,1,,0,3
102-p-mk12_aqx,102,102-p-mk12,,,1,,,,,3,,,1,,0,3
102-p-mk12_aps,102,102-p-mk12,,,2,,,,,2,,,0,,0,3
102-p-mk12_x2-aft,102,102-p-mk12,,,0,,,,,1,,,2,,0,2
102-p-mk12_qx,102,102-p-mk12,,,0,,,,,2,,,1,,0,2
102-p-mk12_ps,102,102-p-mk12,,,0,,,,,1,,,0,,0,2
102-p-mk12_x1-aft,102,102-p-mk12,,,0,,,,,1,,,1,,0,1
102-p-mk12_x,102,102-p-mk12,,,0,,,,,1,,,1,,0,1
102-p-m1914-aa_x4,102,102-p-m1914-aa,,,2,,,,,2,,,2,,,4
102-p-m1914_x4,102,102-p-m1914,,,2,,,,,2,,,1,,,4
102-gs-vbii_x8,102,102-gs-vbii,,,1,,,,,4,,,1,,0,8
102-gs-vbii_x6,102,102-gs-vbii,,,0,1,3,3,,3,3,1,0,,0,6
102-gs-ti-marki_x6,102,102-gs-ti-marki,,,2,,,,,4,,,2,,0,6
102-gs-ti-marki_x5,102,102-gs-ti-marki,,,2,,,,,4,,,3,,0,5
102-gs-ti-marki_x4-rr,102,102-gs-ti-marki,,,2,,,,,3,,,3,,0,4
102-gs-ti-marki_x3-rr,102,102-gs-ti-marki,,,2,,,,,2,,,2,,0,3
102-gs-pxi_x8,102,102-gs-pxi,,,4,,,,,4,,,2,,0,8
102-gs-pxi_x6-alt,102,102-gs-pxi,,,2,,,,,3,,,2,,0,6
102-gs-pxi_x6,102,102-gs-pxi,,,1,,,,,3,,,1.5,,0,6
102-gs-pxi_x4-arethusa,102,102-gs-pxi,,,1,,,,,2,,,0.5,,0,4
102-gs-pxi_x2-argus,102,102-gs-pxi,,,1,,,,,1,,,0,,0,2
102-gs-pxi_x1-aft,102,102-gs-pxi,,,0,,,,,1,,,1,,0,1
102-gs-pii_x10,102,102-gs-pii,,,1,,,,,5,,,1,,0,10
102-gs-pi_x12,102,102-gs-pi,,,2,,,,,7,,,2,,0,12
102-gs-pi_x8,102,102-gs-pi,,,2,,,,,4,,,2,,0,8
102-gs-pi_x6-side,102,102-gs-pi,,,0,,,,,3,,,0,,0,6
102-gs-pi_x6,102,102-gs-pi,,,2,,,,,3,,,2,,0,6
102-gs-pi_x4-side,102,102-gs-pi,,,0,,,,,2,,,0,,0,4
102-gs-mk4_x12,102,102-gs-mk4,,4,2,2,4,6,6,6,4,2,2,4,0,12
102-gs-mk4_x4,102,102-gs-mk4,,,1,,,,,2,,,1,,0,4
102-gs-mk12_ax,102,102-gs-mk12,,,1,,,,,2,,,1,,0,2
102-gs-mk12_a,102,102-gs-mk12,,,1,,,,,1,,,0,,0,1
102-gs-ha-markii_x4,102,102-gs-ha-markii,,,1,,,,,2,,,1,,,4
102-gs-ha-markii_x2-fore,102,102-gs-ha-markii,,,1,,,,,1,,,0,,,2
102-gs-cpi_x2,102,102-gs-cpi,,,1,,,,,1,,,0,,0,2
102-cp-twin-ha-markxix_x7,102,102-cp-twin-ha-markxix,,,1,,,,,4,,,3,,,7
102-cp-twin-ha-markxix_x6-furious,102,102-cp-twin-ha-markxix,,,1,,,,,4,,,1,,,6
102-cp-twin-ha-markxix_x6-edinburgh,102,102-cp-twin-ha-markxix,,,0,,,,,3,,,1,,,6
102-cp-twin-ha-markxix_x6,102,102-cp-twin-ha-markxix,,,1,,,,,3,,,2,,,6
102-cp-twin-ha-markxix_x5-minotaur,102,102-cp-twin-ha-markxix,,,0,,,,,3,,,2,,,5
102-cp-twin-ha-markxix_x4-rev,102,102-cp-twin-ha-markxix,,,1,,,,,2,,,2,,,4
102-cp-twin-ha-markxix_x4-london,102,102-cp-twin-ha-markxix,,,0,,,,,2,,,1,,,4
102-cp-twin-ha-markxix_x4-leander,102,102-cp-twin-ha-markxix,,,0,,,,,2,,,1,,,4
102-cp-twin-ha-markxix_x4-belfast,102,102-cp-twin-ha-markxix,,,0,,,,,2,,,0,,,4
102-cp-twin-ha-markxix_x4,102,102-cp-twin-ha-markxix,,,1,,,,,2,,,1,,,4
102-cp-twin-ha-markxix_arxy,102,102-cp-twin-ha-markxix,,,1,,,,,4,,,2,,,4
102-cp-twin-ha-markxix_aby,102,102-cp-twin-ha-markxix,,,2,,,,,3,,,1,,,3
102-cp-twin-ha-markxix_x2-fore,102,102-cp-twin-ha-markxix,,,1,,,,,1,,,0,,,2
102-cp-twin-ha-markxix_x2-aft-2,102,102-cp-twin-ha-markxix,,,0,,,,,1,,,2,,,2
102-cp-twin-ha-markxix_x2-aft,102,102-cp-twin-ha-markxix,,,0,,,,,1,,,1,,,2
102-cp-twin-ha-markxix_x1-aft-2,102,102-cp-twin-ha-markxix,,,0,,,,,0.5,,,1,,,1
102-cp-twin-ha-markxix_x1-aft,102,102-cp-twin-ha-markxix,,,0,,,,,1,,,1,,,1
102-cp-pii_x16-ind,102,102-cp-pii,,,4,3,6,7,,7,6,2,4,,0,16
102-cp-pii_x16-alt,102,102-cp-pii,,,2,,,,,8,,,3,,0,16
102-cp-pii_x16,102,102-cp-pii,,,2,,,,,8,,,2,,0,16
102-cp-pii_x14-belle,102,102-cp-pii,,,5,,,,,7,,,3,,0,14
102-cp-pii_x14,102,102-cp-pii,,,2,,,,,7,,,2,,0,14
102-cp-pii_x12-ind,102,102-cp-pii,,,2,1,4,5,,6,6,2,4,,0,12
102-cp-pii_x12-belle,102,102-cp-pii,,,4,,,,,6,,,3,,0,12
102-cp-pii_x12,102,102-cp-pii,,,2,,,,,6,,,2,,0,12
102-cp-pii_x10-boadicea,102,102-cp-pii,,,3,,,,,6,,,2,,0,10
102-cp-pii_x10-aft,102,102-cp-pii,,,0,,,,,5,,,3,,0,10
102-cp-pii_x10,102,102-cp-pii,,,4,,,,,5,,,2,,0,10
102-cp-pii_x8-turret,102,102-cp-pii,,,4,,,,,6,,,4,,0,8
102-cp-pii_x8-active,102,102-cp-pii,,,3,,,,,5,,,2,,0,8
102-cp-pii_x8,102,102-cp-pii,,,2,,,,,4,,,2,,0,8
102-cp-pii_x6-turret,102,102-cp-pii,,,2,,,,,4,,,4,,0,6
102-cp-pii_x6-boadicea,102,102-cp-pii,,,3,,,,,4,,,1,,0,6
102-cp-pii_x6-aft,102,102-cp-pii,,,0,,,,,3,,,2,,0,6
102-cp-pii_x6,102,102-cp-pii,,,2,,,,,4,,,2,,0,6
102-cp-pii_x2-y-turret,102,102-cp-pii,,,0,,,,,2,,,2,,0,2
102-cp-pii_x2-aft,102,102-cp-pii,,,0,,,,,1,,,1,,0,2
102-cp-pi*_x12,102,102-cp-pi*,,,4,5,5,5,,6,6,1,1,,0,12
102-cp-pi_x16-turret,102,102-cp-pi,,,5,6,8,9,,9,8,6,5,,0,16
102-cp-pi_x8,102,102-cp-pi,,,1,,,,,4,,,1,,0,8
102-cp-pi_x6,102,102-cp-pi,,,1,1,3,3,,3,3,1,1,,0,6
102-cp-pi_x2-f-a,102,102-cp-pi,,,1,,,,,2,,,1,,0,2
102-cp-ha-markiii_x10-coventry,102,102-cp-ha-markiii,,,3,,,,,7.5,,,5.5,,,10
102-cp-ha-markiii_x8-coventry,102,102-cp-ha-markiii,,,3,,,,,6.5,,,5,,,8
102-cp-ha-markiii_x8,102,102-cp-ha-markiii,,,1,,,,,4,,,1,,,8
102-cp-ha-markiii_x6-repulse,102,102-cp-ha-markiii,,,2,,,,,3,,,3,,,6
102-cp-ha-markiii_x6-kent,102,102-cp-ha-markiii,,,1,,,,,3,,,1,,,6
102-cp-ha-markiii_x6-furious,102,102-cp-ha-markiii,,,3,,,,,3,,,2,,,6
102-cp-ha-markiii_x6,102,102-cp-ha-markiii,,,1,,,,,4,,,2,,,6
102-cp-ha-markiii_abcxyz,102,102-cp-ha-markiii,,,3,,,,,6,,,2,,,6
102-cp-ha-markiii_x5-hawkins,102,102-cp-ha-markiii,,,2,,,,,4,,,3,,,5
102-cp-ha-markiii_x5-eagle,102,102-cp-ha-markiii,,,2,,,,,5,,,2,,,5
102-cp-ha-markiii_x4-rr,102,102-cp-ha-markiii,,,2,,,,,2,,,3,,,4
102-cp-ha-markiii_x4-repulse,102,102-cp-ha-markiii,,,2,,,,,2,,,2,,,4
102-cp-ha-markiii_x4-hermes,102,102-cp-ha-markiii,,,2,,,,,4,,,2,,,4
102-cp-ha-markiii_x4-hawkins-alt,102,102-cp-ha-markiii,,,0,,,,,3.5,,,0,,,4
102-cp-ha-markiii_x4-hawkins,102,102-cp-ha-markiii,,,0,,,,,3.5,,,1,,,4
102-cp-ha-markiii_x4-furious,102,102-cp-ha-markiii,,,2,,,,,2,,,2,,,4
102-cp-ha-markiii_x4-fore,102,102-cp-ha-markiii,,,4,,,,,2,,,1,,,4
102-cp-ha-markiii_x4-effingham,102,102-cp-ha-markiii,,,0,,,,,2,,,2,,,4
102-cp-ha-markiii_x4-argus,102,102-cp-ha-markiii,,,0,,,,,2,,,2,,,4
102-cp-ha-markiii_x4-admiral,102,102-cp-ha-markiii,,,1,,,,,3,,,3,,,4
102-cp-ha-markiii_x4,102,102-cp-ha-markiii,,,1,,,,,2,,,1,,,4
102-cp-ha-markiii_x3-hermes,102,102-cp-ha-markiii,,,2,,,,,3,,,1,,,3
102-cp-ha-markiii_x3-hawkins,102,102-cp-ha-markiii,,,0,,,,,2.5,,,1,,,3
102-cp-ha-markiii_x3-fore,102,102-cp-ha-markiii,,,3,,,,,2,,,0,,,3
102-cp-ha-markiii_x3-diomede,102,102-cp-ha-markiii,,,1,,,,,2,,,2,,,3
102-cp-ha-markiii_x3-archer,102,102-cp-ha-markiii,,,2,,,,,1.5,,,1,,,3
102-cp-ha-markiii_x3-adelaide,102,102-cp-ha-markiii,,,0,,,,,2,,,3,,,3
102-cp-ha-markiii_x2-sides,102,102-cp-ha-markiii,,,1,,,,,1,,,1,,,2
102-cp-ha-markiii_x2-hawkins,102,102-cp-ha-markiii,,,0,,,,,1.5,,,0,,,2
102-cp-ha-markiii_x2-fore,102,102-cp-ha-markiii,,,2,,,,,1,,,0,,,2
102-cp-ha-markiii_x2-caroline,102,102-cp-ha-markiii,,,0,,,,,2,,,0,,,2
102-cp-ha-markiii_x2-aft-alt,102,102-cp-ha-markiii,,,0,,,,,1,,,2,,,2
102-cp-ha-markiii_x2-aft,102,102-cp-ha-markiii,,,0,,,,,1,,,1,,,2
102-cp-ha-markiii_x2,102,102-cp-ha-markiii,,,0,,,,,1,,,0,,,2
102-cp-ha-markiii_x1-fore,102,102-cp-ha-markiii,,,1,,,,,1,,,0,,1,1
102-cp-ha-markiii_x1-fantail,102,102-cp-ha-markiii,,,0,,,,,1,,,1,,1,1
102-cp-ha-markiii_x1-aft-2,102,102-cp-ha-markiii,,,0,,,,,0.5,,,1,,1,1
102-cp-ha-markiii_x1,102,102-cp-ha-markiii,,,0,,,,,1,,,0,,1,1
102-cp-ha-markii_x2-x-turret,102,102-cp-ha-markii,,,0,,,,,1,,,0,,,2
102-cp-ha-markii_x2-fore-alt,102,102-cp-ha-markii,,,2,,,,,1,,,0,,,2
102-cp-ha-markii_x2-fore,102,102-cp-ha-markii,,,2,,,,,1,,,0,,,2
102-cp-ha-markii_x2-fantail,102,102-cp-ha-markii,,0,0,0,2,2,2,2,2,2,1,2,2,2
102-cp-ha-markii_x1-mid,102,102-cp-ha-markii,,0,0,0,1,1,1,1,1,0,0,0,1,1
102-cp-ha-markii_x1-fantail,102,102-cp-ha-markii,,0,0,0,1,1,1,1,1,1,1,1,1,1
102-cp-ha-markii_x1-aft,102,102-cp-ha-markii,,0,0,0,1,1,1,1,1,1,1,1,1,1
102-cp-ha-markii_x1,102,102-cp-ha-markii,,,1,,,,,1,,,1,,1,1
102-cp-b2_x4,102,102-cp-b2,,,1,,,,,2,,,1,,,4
102-cp-a1917_x8,102,102-cp-a1917,,,4,,,,,8,,,4,,,8
102-c-vickers-e_x20,102,102-c-vickers-e,,,2,,,,,10,,,2,,,20
102-c-vickers-e_x16,102,102-c-vickers-e,,,2,,,,,8,,,2,,,16
102-c-vickers-e_x12,102,102-c-vickers-e,,,2,,,,,6,,,2,,,12
102-c-pii_x16-alt,102,102-c-pii,,,3,,,,,8,,,3,,,16
102-c-pii_x16,102,102-c-pii,,,3,,,,,6,,,2,,,16
102-c-pii_x14,102,102-c-pii,,,3,,,,,7,,,2,,,14
102-c-pii_x12,102,102-c-pii,,,4,,,,,6,,,2,,,12
102-c-pii_x6,102,102-c-pii,,,2,,,,,3,,,0,,,6
102-c-mk4_x2-sides,102,102-c-mk4,,0,0,0,1,1,1,1,1,0,0,0,0,2
102-ag-twin-hala-bd-markxviii_x2,102,102-ag-twin-hala-bd-markxviii,,,0,,,,,1,,,1,,,2
100-sm-cm5_x6,100,100-sm-cm5,,,1,,,,,3,,,2,,,6
100-sm-cm5_x4,100,100-sm-cm5,,,0,,,,,2,,,2,,,4
100-piv-m1891_x10,100,100-piv-m1881,,0,0,0,5,5,5,5,5,0,0,0,0,10
100-piv-m1881_x6-side,100,100-piv-m1881,,,0,,,,,3,,,0,,0,6
100-p-m1881_x6-side,100,100-p-m1881,,0,0,0,0,3,3,3,0,0,0,0,0,6
100-p-m1881_x4-side,100,100-p-m1881,,0,0,0,0,2,2,2,0,0,0,0,0,4
100-p-m1881_x4,100,100-p-m1881,,,1,,,,,2,,,1,,0,4
100-p-m1881_x2-chase,100,100-p-m1881,,,1,,,,,1,,,0,,0,2
100-gs-m1937_x2-sides,100,100-gs-m1937,,,0,,,,,1,,,1,,,2
100-gs-m1931_x6,100,100-gs-m1931,,,1,,,,,3,,,2,,,6
100-gs-m1931_x3,100,100-gs-m1931,,,0,,,,,2,,,2,,,3
100-gs-m1927_x12,100,100-gs-m1927,,,5,,,,,6,,,5,,,12
100-gs-m1924_x8,100,100-gs-m1924,,,1,,,,,4,,,1,,,8
100-gs-m1924_x6-alt,100,100-gs-m1924,,,1,,,,,3,,,1,,,6
100-gs-m1924_x6,100,100-gs-m1924,,,1,,,,,3,,,0,,,6
100-gs-m1924_x5,100,100-gs-m1924,,3,2,2,3,3,3,3,4,3,2,4,5,5
100-gs-m1924_x4-alt,100,100-gs-m1924,,2,1,1,2,2,2,2,3,3,2,4,4,4
100-gs-m1924_x4,100,100-gs-m1924,,,1,,,,,2,,,1,,,4
100-gs-m1924_x3-alt,100,100-gs-m1924,,,1,,,,,2,,,2,,,3
100-gs-m1924_x3-alt,100,100-gs-m1924,,,1,,,,,2,,,2,,,3
100-gs-m1924_x3,100,100-gs-m1924,,,0,,,,,2,,,1,,,3
100-gs-m1924_x2-aft,100,100-gs-m1924,,,0,,,,,1,,,1,,,2
100-gs-m1924_x2,100,100-gs-m1924,,,1,,,,,1,,,1,,,2
100-gs-m1891_x10,100,100-gs-m1891,,,3,,,,,5,,,3,,,10
100-gs-m1891_x8,100,100-gs-m1891,,,2,,,,,5,,,2,,,8
100-gs-m1891_x7,100,100-gs-m1891,,,1,,,,,4,,,2,,,7
100-gs-m1891_x6,100,100-gs-m1891,,,1,,,,,3,,,1,,,6
100-gs-m1891_x5,100,100-gs-m1891,,,1,,,,,3,,,2,,,5
100-gs-m1891_x4,100,100-gs-m1891,,,1,,,,,2,,,1,,,4
100-gs-m1891_x2-f-a,100,100-gs-m1891,,,1,,,,,2,,,1,,,2
100-gs-m1891_x1-aft,100,100-gs-m1891,,,0,,,,,1,,,1,,,1
100-gs-b34usm_x8,100,100-gs-b34usm,,,0,,,,,4,,,0,,,8
100-gs-b34usm_x6,100,100-gs-b34usm,,,0,,,,,3,,,0,,,6
100-cp-m1931-bb_x6,100,100-cp-m1931-bb,,,2,,,,,3,,,2,,,6
100-cp-m1931-bb_x4,100,100-cp-m1931-bb,,,1,,,,,2,,,1,,,4
100-cp-m1891_x14-side,100,100-cp-m1891,,,0,,,,,7,,,0,,,14
100-cp-m1891_x10,100,100-cp-m1891,,,1,,,,,4,,,1,,,10
100-cp-m1891_x8,100,100-cp-m1891,,,2,,,,,4,,,2,,,8
100-cp-m1891_x6,100,100-cp-m1891,,,1,,,,,3,,,2,,,6
100-cp-m1891_x4,100,100-cp-m1891,,,1,,,,,2,,,1,,,4
100-cp-m1881_f-a,100,100-cp-m1881,,,1,,,,,2,,,1,,,2
100-cp-m1881_aft,100,100-cp-m1881,,,0,,,,,1,,,1,,,1
100-c-m1891_x8,100,100-c-m1891,,,2,,,,,4,,,2,,0,8
100-c-k10_x20,100,100-c-k10,,4,2,2,8,10,10,10,8,2,2,4,0,20
100-ag-type-a1_x4,100,100-ag-type-a1,,,1,,,,,2,,,0,,,4
100-ag-type-a_x6-taiho,100,100-ag-type-a,,,1,,,,,3,,,0,,,6
100-ag-type-a_x6-shinano,100,100-ag-type-a,,,2,,,,,3,,,2,,,6
100-ag-mz-14_x6,100,100-ag-mz-14,,,1,,,,,2,,,2,,,6
100-ag-mz-14_x4-alt,100,100-ag-mz-14,,,0,,,,,2,,,1,,,4
100-ag-mz-14_x4,100,100-ag-mz-14,,,0,,,,,2,,,2,,,4
100-ag-m1953_x8,100,100-ag-m1953,,,1,,,,,4,,,1,,,8
100-ag-m1937-bb_x6,100,100-ag-m1937-bb,,,2,,,,,3,,,2,,,6
100-ag-cad-m1945_x12,100,100-ag-cad-m1945,,,3,,,,,6,,,3,,,12
100-ag-b34_x8,100,100-ag-b34,,,0,,,,,4,,,2,,,8
100-ag-b34_x6,100,100-ag-b34,,,0,,,,,3,,,2,,,6
95-piv-rbl-20pdr-16cwt_x7,95,95-piv-rbl-20pdr-16cwt,,2,1,1,0,3,3,3,0,1,1,1,0,7
95-piv-rbl-20pdr-16cwt_x6-side,95,95-piv-rbl-20pdr-16cwt,,0,0,0,0,3,3,3,0,0,0,0,0,6
95-piv-rbl-20pdr-16cwt_x6-bow,95,95-piv-rbl-20pdr-16cwt,,,1,,,,,2,,,0,,0,6
95-piv-rbl-20pdr-16cwt_x6-alt,95,95-piv-rbl-20pdr-16cwt,,2,1,1,2,3,3,3,2,1,1,4,0,6
95-piv-rbl-20pdr-16cwt_x6,95,95-piv-rbl-20pdr-16cwt,,2,1,1,1,3,3,3,1,1,2,2,0,6
95-piv-rbl-20pdr-16cwt_x4-side,95,95-piv-rbl-20pdr-16cwt,,0,0,0,0,2,2,2,0,0,0,0,0,4
95-piv-rbl-20pdr-16cwt_x4,95,95-piv-rbl-20pdr-16cwt,,,1,,,,,2,,,1,,0,4
95-piv-rbl-20pdr-16cwt_x2,95,95-piv-rbl-20pdr-16cwt,,0,0,0,0,1,1,1,0,0,0,0,0,2
95-c-rbl-20pdr-16cwt_x4,95,95-c-rbl-20pdr-16cwt,,,0,,,,,2,,,0,,0,4
90-p-m1881_x4-side,90,90-p-m1881,,,0,,,,,2,,,0,,0,4
90-p-m1881_x2-side,90,90-p-m1881,,0,0,0,0,1,1,1,0,0,0,0,0,2
90-p-m1877_x4,90,90-p-m1877,,,1,,,,,2,,,1,,0,4
90-p-m1877_x2-fore,90,90-p-m1877,,,1,,,,,1,,,0,,0,2
90-gs-m1926-twin_x4-side,90,90-gs-m1926-twin,,,0,,,,,2,,,0,,,4
90-gs-m1926-twin_x4,90,90-gs-m1926-twin,,,2,,,,,2,,,2,,,4
90-gs-m1926-twin_x3,90,90-gs-m1926-twin,,,0,,,,,1,,,1,,,3
90-gs-m1926-twin_x1-aft,90,90-gs-m1926-twin,,,0,,,,,1,,,1,,,2
90-gs-m1926_x8,90,90-gs-m1926,,,2,,,,,4,,,3,,,8
90-gs-m1926_x2,90,90-gs-m1926,,,0,,,,,1,,,2,,,2
90-ag-m1938_x12,90,90-ag-m1938,,,3,,,,,6,,,3,,,12
90-ag-m1938_x10,90,90-ag-m1938,,,1,,,,,5,,,2,,,10
89-piv-l25-krupp_x6-side,89,89-piv-l25-krupp,,0,0,0,0,3,3,3,0,0,0,0,0,6
88-piv-sk-l30_x4,88,88-piv-sk-l30,,,1,,,,,2,,,2,,0,4
88-piv-sk-l30_x2,88,88-piv-sk-l30,,,0,,,,,1,,,2,,0,2
88-p-ubts-l_x1-center,88,88-p-ubts-l,,,0,,,,,1,,,0,,0,1
88-gs-mpl-c89_x18,88,88-gs-mpl-c89,,8,6,4,5,9,9,9,6,6,7,10,0,18
88-gs-mpl-c89_x14-alt-2,88,88-gs-mpl-c89,,4,3,3,5,7,7,7,5,3,3,4,0,14
88-gs-mpl-c89_x14-alt,88,88-gs-mpl-c89,,4,3,2,3,7,7,7,6,6,7,10,0,14
88-gs-mpl-c89_x14,88,88-gs-mpl-c89,,,3,,,,,7,,,4,,,14
88-gs-mpl-c89_x14,88,88-gs-mpl-c89,,,0,,,,,7,,,0,,,14
88-gs-mpl-c89_x12,88,88-gs-mpl-c89,,,3,,,,,6,,,3,,,12
88-gs-mpl-c89_x10-alt,88,88-gs-mpl-c89,,4,3,3,3,5,5,5,3,3,3,4,0,10
88-gs-mpl-c89_x10,88,88-gs-mpl-c89,,,2,,,,,5,,,2,,,10
88-gs-mpl-c89_x8-alt,88,88-gs-mpl-c89,,,1,,,,,4,,,4,,,8
88-gs-mpl-c89_x8,88,88-gs-mpl-c89,,,1,,,,,4,,,3,,,8
88-gs-mpl-c89_x5,88,88-gs-mpl-c89,,,0,,,,,3,,,1,,,5
88-gs-mpl-c89_x4-alt,88,88-gs-mpl-c89,,,2,,,,,2,,,2,,,4
88-gs-mpl-c89_x4,88,88-gs-mpl-c89,,,1,,,,,2,,,2,,,4
88-gs-mpl-c89_x2-fore,88,88-gs-mpl-c89,,,2,,,,,1,,,0,,,2
88-gs-mpl-c89_x2-aft,88,88-gs-mpl-c89,,,0,,,,,1,,,2,,,2
88-gs_x8,88,88-gs,,,1,,,,,4,,,1,,,8
88-gs_x6-aft,88,88-gs,,,0,,,,,3,,,4,,,6
88-gs_x4-side,88,88-gs,,,0,,,,,2,,,0,,,4
88-gs_x4-aft,88,88-gs,,,0,,,,,2,,,3,,,4
88-cp-mpl-c13_x8,88,88-cp-mpl-c13,,,2,,,,,4,,,4,,,8
88-cp-mpl-c13_x6,88,88-cp-mpl-c13,,,0,,,,,3,,,4,,,6
88-cp-mpl-c13_x4-fore,88,88-cp-mpl-c13,,,2,,,,,2,,,0,,,4
88-cp-mpl-c13_x4-center,88,88-cp-mpl-c13,,,0,,,,,2,,,1,,,4
88-cp-mpl-c13_x4-bayern,88,88-cp-mpl-c13,,0,0,0,0,2,2,2,2,2,2,4,2,4
88-cp-mpl-c13_x4-aft,88,88-cp-mpl-c13,,,0,,,,,2,,,4,,,4
88-cp-mpl-c13_x4,88,88-cp-mpl-c13,,,1,,,,,2,,,1,,,4
88-cp-mpl-c13_x4-aft-alt,88,88-cp-mpl-c13,,,0.5,,,,,3,,,2.5,,,3
88-cp-mpl-c13_x3-center,88,88-cp-mpl-c13,,,1,,,,,2.5,,,1,,,3
88-cp-mpl-c13_x3,88,88-cp-mpl-c13,,,1,,,,,2,,,3,,,3
88-cp-mpl-c13_x2-sides,88,88-cp-mpl-c13,,,0,,,,,1,,,0,,,2
88-cp-mpl-c13_x2-fore,88,88-cp-mpl-c13,,,2,,,,,1,,,0,,,2
88-cp-mpl-c13_x2-f-a,88,88-cp-mpl-c13,,,1,,,,,2,,,1,,,2
88-cp-mpl-c13_x2-center-alt,88,88-cp-mpl-c13,,,0,,,,,2,,,0.5,,,2
88-cp-mpl-c13_x2-center,88,88-cp-mpl-c13,,,0,,,,,2,,,0,,,2
88-cp-mpl-c13_x2-aft-alt,88,88-cp-mpl-c13,,,0,,,,,1,,,1,,1,2
88-cp-mpl-c13_x2-aft,88,88-cp-mpl-c13,,0,0,0,1,1,1,1,1,1,2,2,1,2
88-cp-mpl-c06_x16,88,88-cp-mpl-c06,,6,3,3,3,8,8,8,4,4,4,8,0,16
88-cp-mpl-c06_x6,88,88-cp-mpl-c06,,,1,,,,,3,,,1,,,6
88-cp-mpl-c06_x4-side,88,88-cp-mpl-c06,,,0,,,,,2,,,0,,,4
88-cp-mpl-c06_x4,88,88-cp-mpl-c06,,,0,,,,,2,,,2,,,4
88-cp-mpl-c06_x2-fore,88,88-cp-mpl-c06,,,2,,,,,1,,,0,,,2
88-cp-mpl-c06_x2-f-a,88,88-cp-mpl-c06,,,1,,,,,2,,,1,,,2
88-cp-mpl-c06_x2-aft,88,88-cp-mpl-c06,,,0,,,,,1,,,1,,,2
88-cp-mpl-c01_x8-nassau,88,88-cp-mpl-c01,,,2,,,,,3,,,4,,,8
88-cp-mpl-c01_x8,88,88-cp-mpl-c01,,,2,,,,,4,,,2,,,8
88-cp-mpl-c01_x6,88,88-cp-mpl-c01,,4,2,2,2,2,2,1,1,1,2,2,,6
88-cp-mpl-c01_x4-fore,88,88-cp-mpl-c01,,,2,,,,,2,,,0,,,4
88-cp-flak-lm41_ay,88,88-cp-flak-lm41,,,1,,,,,2,,,1,,,2
88-cp-doppl-c31_x4,88,88-cp-doppl-c31,,,2,,,,,2,,,3,,,4
88-cp-doppl-c31_x3,88,88-cp-doppl-c31,,,1,,,,,2,,,3,,,3
88-cp-doppl-c31_x2-aft,88,88-cp-doppl-c31,,,0,,,,,1,,,2,,,2
88-cp-doppl-c31_x1-aft,88,88-cp-doppl-c31,,,0,,,,,1,,,1,,,1
88-cp-doppl-c25_x1,88,88-cp-doppl-c25,,,0,,,,,1,,,1,,,1
88-cp_x10,88,88-cp,,,2,,,,,5,,,3,,,10
88-cp_x8-fore,88,88-cp,,,4,,,,,4,,,0,,,8
88-cp_x8,88,88-cp,,,2,,,,,4,,,4,,,8
88-cp_x4-training,88,88-cp,,,0,,,,,0,,,0,,,4
88-cp_x4-fore,88,88-cp,,,2,,,,,2,,,0,,,4
88-cp_x4-aft,88,88-cp,,,0,,,,,2,,,2,,,4
88-cp_x2-f-a,88,88-cp,,,1,,,,,2,,,1,,,2
88-cp_x2-aft,88,88-cp,,,0,,,,,1,,,2,,,2
88-c-mpl-c89_x4-fore,88,88-c-mpl-c89,,,2,,,,,2,,,0,,0,4
88-c-mpl-c89_x4,88,88-c-mpl-c89,,,1,,,,,2,,,1,,0,4
88-c-mpl-c01_x16,88,88-c-mpl-c01,,,4,,,,,8,,,4,,0,16
88-c-mpl-c01_x12-alt,88,88-c-mpl-c01,,,3,,,,,6,,,3,,0,12
88-c-mpl-c01_x12,88,88-c-mpl-c01,,,4,,,,,5,,,3,,0,12
88-c-mpl-c01_x10,88,88-c-mpl-c01,,,4,,,,,4,,,2,,0,10
88-c-mpl-c01_x8,88,88-c-mpl-c01,,,2,,,,,4,,,2,,0,8
88-c-mpl-c01_x6-fore,88,88-c-mpl-c01,,,2,,,,,3,,,0,,0,6
88-c-mpl-c01_x6,88,88-c-mpl-c01,,2,1,1,1,3,3,2,2,2,2,4,0,6
88-c-mpl-c01_x4-fore,88,88-c-mpl-c01,,,2,,,,,2,,,0,,0,4
88-c-mpl-c01_x4,88,88-c-mpl-c01,,,1,,,,,2,,,1,,0,4
88-c-mpl-c01_x2-fore,88,88-c-mpl-c01,,2,1,1,1,1,1,1,0,0,0,0,0,2
88-c_x10,88,88-c,,,3,,,,,5,,,2,,0,10
88-c_x4,88,88-c,,,1,,,,,2,,,1,,0,4
88-c_x2-fore,88,88-c,,,1,,,,,1,,,0,,0,2
87-piv-rk-l24-c82_x2,87,87-piv-rk-l24-c82,,,0,,,,,1,,,2,,0,2
87-cp-rk-l24-c82_x2,87,87-cp-rk-l24-c82,,,1,,,,,2,,,1,,,2
86-rs-l48_x4-aft,86,,86-rs-l48,,0,,,,,0,,,0,,,4
85-gs-90k_x8,85,85-gs-90k,,,0,,,,,4,,,2,,,8
76-p-6-marki_x1-aft,76.2,76-p-6-marki,,,0,,,,,1,,,1,,,1
76-p-6-marki_x1,76.2,76-p-6-marki,,,0,,,,,1,,,0,,,1
76-sg-mark-6_aps,76,76-sg-mark-6,,,1,,,,,2,,,1,,,3
76-p-v1909-aa_x4-turret,76,76-p-v1909-aa,,,1,,,,,4,,,1,,,4
76-p-v1909_x16-turret,76,76-p-v1909,,,6,,,,,10,,,6,,,16
76-p-v1909_x16-alt,76,76-p-v1909,,,4,,,,,8,,,5,,,16
76-p-v1909_x16,76,76-p-v1909,,,3,,,,,8,,,4,,,16
76-p-v1909_x13-turret,76,76-p-v1909,,,5,,,,,13,,,5,,,13
76-p-v1909_x12-turret,76,76-p-v1909,,,3,,,,,12,,,3,,,12
76-p-v1909_x8-alt,76,76-p-v1909,,,2,,,,,4,,,2,,,8
76-p-v1909_x8,76,76-p-v1909,,,4,,,,,4,,,5,,,8
76-p-v1909_x4-turret,76,76-p-v1909,,,1,,,,,4,,,1,,,4
76-p-rm-m1916_x6,76,76-p-rm-m1916,,,1,,,,,3,,,1,,,6
76-p-rm-m1916_x3-alt,76,76-p-rm-m1916,,,1,,,,,2,,,2,,,3
76-p-rm-m1916_x3,76,76-p-rm-m1916,,,2,,,,,2.5,,,1,,,3
76-p-rm-m1916_x2-f-a,76,76-p-rm-m1916,,,1,,,,,2,,,1,,,2
76-p-rm-m1916_x2,76,76-p-rm-m1916,,,0,,,,,1,,,1,,,2
76-p-piv_x27-turret,76,76-p-piv,,,7,,,,,16,,,9,,0,27
76-p-piv_x24-turret,76,76-p-piv,,,6,,,,,15,,,8,,0,24
76-p-piv_x24,76,76-p-piv,,6,4,3,9,9,12,9,9,3,6,6,0,24
76-p-piv_x22-turret,76,76-p-piv,,,5,,,,,13,,,7,,0,22
76-p-piv_x22,76,76-p-piv,,6,4,3,9,9,11,8,8,2,4,4,0,22
76-p-piv_x20,76,76-p-piv,,4,3,2,8,8,10,8,8,2,4,4,0,20
76-p-piv_x18-turret,76,76-p-piv,,,4,,,,,11,,,5,,0,18
76-p-piv_x18-nel,76,76-p-piv,,4,3,2,8,8,9,7,7,1,2,2,0,18
76-p-piv_x18-aga,76,76-p-piv,,4,3,2,8,8,9,7,7,1,2,2,0,18
76-p-piv_x16-minotaur,76,76-p-piv,,12,7,6,7,6,8,7,6,5,4,10,0,16
76-p-piv_x14,76,76-p-piv,,4,4,4,5,3,4,3,7,5,5,6,0,14
76-p-piv_x12-sent,76,76-p-piv,,,4,,,,,5,,,4,,0,12
76-p-piv_x10-sent,76,76-p-piv,,,4,,,,,4,,,4,,0,10
76-p-piv_x6-hawkins,76,76-p-piv,,,3,,,,,3,,,2,,0,6
76-p-piv_x4-vindictive,76,76-p-piv,,,1,,,,,2,,,0,,0,4
76-p-piv_x4-vindex,76,76-p-piv,,,1,,,,,2,,,2,,0,4
76-p-piv_x4-hawkins,76,76-p-piv,,,2,,,,,2,,,2,,0,4
76-p-pi_x16-hull,76,76-p-pi,,,2,,,,,8,,,2,,0,16
76-p-pi_x16,76,76-p-pi,,,2,,,,,6,,,1,,0,16
76-p-pi_x14,76,76-p-pi,,4,4,4,5,3,4,3,7,5,5,6,0,14
76-p-pi_x12-renown,76,76-p-pi,,2,1,1,1,5,6,5,1,1,1,2,0,12
76-p-pi_x12-imp,76,76-p-pi,,,2,,,,,4,,,1,,0,12
76-p-pi_x12-hull-alt,76,76-p-pi,,,1,,,,,6,,,1,,0,12
76-p-pi_x12-hull,76,76-p-pi,,,2,,,,,6,,,2,,0,12
76-p-pi_x12-drake,76,76-p-pi,,,3,,,,,6,,,1,,0,12
76-p-pi_x12-cressy,76,76-p-pi,,,1,,,,,6,,,3,,0,12
76-p-pi_x12,76,76-p-pi,,2,1,1,1,5,6,5,1,1,1,2,0,12
76-p-pi_x10-alt,76,76-p-pi,,,2,,,,,3,,,2,,0,10
76-p-pi_x10,76,76-p-pi,,,1,,,,,5,,,1,,0,10
76-p-pi_x8-cressy,76,76-p-pi,,,1,,,,,4,,,0,,0,8
76-p-pi_x6-drake,76,76-p-pi,,,3,,,,,3,,,1,,0,6
76-p-pi_x6,76,76-p-pi,,,1,,,,,3,,,1,,0,6
76-p-pi_x4-empress,76,76-p-pi,,,0,,,,,2,,,2,,0,4
76-p-pi_x4-ark-royal,76,76-p-pi,,,0,,,,,2,,,2,,0,4
76-p-pi_x4,76,76-p-pi,,,1,,,,,2,,,1,,0,4
76-p-pi_x2-sides,76,76-p-pi,,,0,,,,,1,,,0,,0,2
76-p-pi_x2,76,76-p-pi,,,1,,,,,1,,,0,,0,2
76-p-pi_x1-aft,76,76-p-pi,,,0,,,,,1,,,1,,0,1
76-p-mk7_x22,76,76-p-mk7,,8,3,4,10,11,11,11,10,4,3,8,0,22
76-p-mk7_x12_sc,76,76-p-mk7,,10,4,5,5,6,6,6,5,5,4,10,0,12
76-p-mk7_x12_ind,76,76-p-mk7,,6,4,4,6,8,8,8,6,4,2,6,0,12
76-p-mk7_x12,76,76-p-mk7,,,0,,,,,6,,,2,,0,12
76-p-mk7_x4,76,76-p-mk7,,2,1,1,1,2,2,2,1,1,1,2,0,4
76-p-mk7_x2-f-ps,76,76-p-mk7,,2,1,1,1,1,1,1,0,0,0,0,0,2
76-p-mk2_x22,76,76-p-mk2,,,1,,,,,11,,,2,,0,22
76-p-mk2_x20-alt,76,76-p-mk2,,6,5,4,7,10,10,9,6,3,6,6,0,20
76-p-mk2_x20,76,76-p-mk2,,6,5,4,7,10,10,10,6,3,6,6,0,20
76-p-mk2_x18-alt,76,76-p-mk2,,4,3,2,6,8,9,8,6,3,4,6,0,18
76-p-mk2_x18,76,76-p-mk2,,2,1,1,8,9,9,9,8,1,1,2,0,18
76-p-mk2_x14,76,76-p-mk2,,2,2,1,6,7,7,7,5,1,1,2,0,18
76-p-mk2_x12-vir-3,76,76-p-mk2,,4,1,2,2,4,6,5,3,3,3,6,0,12
76-p-mk2_x12-vir-2,76,76-p-mk2,,4,2,2,2,4,6,4,2,2,2,4,0,12
76-p-mk2_x12-vir,76,76-p-mk2,,4,1,2,2,4,6,4,2,2,2,4,0,12
76-p-mk2_x12-alt2,76,76-p-mk2,,,3,,,,,6,,,3,,0,12
76-p-mk2_x12-alt-3,76,76-p-mk2,,4,4,2,5,5,5,5,4,1,1,2,0,12
76-p-mk2_x12-alt,76,76-p-mk2,,,4,,,,,6,,,2,,0,12
76-p-mk2_x10-penn,76,76-p-mk2,,,1,,,,,5,,,2,,0,10
76-p-mk2_x10-alt,76,76-p-mk2,,2,1,1,4,5,5,5,4,1,1,2,0,10
76-p-mk2_x10,76,76-p-mk2,,4,3,2,3,4,5,4,2,1,2,2,0,10
76-p-mk2_x8-st-louis,76,76-p-mk2,,0,0,0,3,4,4,4,4,1,1,2,0,8
76-p-mk2_x8-alt-2,76,76-p-mk2,,6,5,3,3,2,3,2,1,1,2,2,0,8
76-p-mk2_x8-alt,76,76-p-mk2,,6,4,3,3,3,4,3,1,1,2,2,0,8
76-p-mk2_x8,76,76-p-mk2,,2,1,1,3,4,4,4,3,1,1,2,0,8
76-p-mk2_x6-alt,76,76-p-mk2,,4,2,2,2,2,3,3,1,1,2,2,0,8
76-p-mk2_x6-vir,76,76-p-mk2,,2,1,1,1,3,3,3,1,0,0,0,0,6
76-p-mk2_x6-tenn,76,76-p-mk2,,,1,,,,,3,,,2,,0,6
76-p-mk2_x6-sides,76,76-p-mk2,,0,0,0,3,3,3,3,3,0,0,0,0,6
76-p-mk2_x6-penn,76,76-p-mk2,,,1,,,,,3,,,0,,0,6
76-p-mk2_x6-chester,76,76-p-mk2,,,1,,,,,3,,,1,,0,6
76-p-mk2_x6,76,76-p-mk2,,2,1,1,2,2,3,2,2,1,2,2,0,6
76-p-mk2_apsry,76,76-p-mk2,,,2,,,,,4,,,1,,0,5
76-p-mk2_x4-sides,76,76-p-mk2,,0,0,0,2,2,2,2,2,0,0,0,0,4
76-p-mk2_x4,76,76-p-mk2,,,1,,,,,2,,,1,,0,4
76-p-mk2_apsy,76,76-p-mk2,,,2,,,,,3,,,1,,0,4
76-p-mk2_ry,76,76-p-mk2,,,0,,,,,2,,,1,,0,2
76-p-mk2_ay,76,76-p-mk2,,,1,,,,,2,,,1,,0,2
76-p-mk14_x2-sides,76,76-p-mk14,,,0,,,,,1,,,0,,,2
76-p-mk14_x2,76,76-p-mk14,,,0,,,,,2,,,1,,,2
76-p-mk14_y,76,76-p-mk14,,,0,,,,,1,,,1,,,1
76-p-mk14_x1-fore-2,76,76-p-mk14,,,1,,,,,1,,,0,,,1
76-p-mk14_x,76,76-p-mk14,,,0,,,,,1,,,1,,,1
76-p-markii_x14,76,76-p-markii,,,4,,,,,5,,,4,,0,14
76-p-marki_x14,76,76-p-marki,,,4,,,,,5,,,4,,0,14
76-p-ha_x2-aft,76,76-p-ha,,0,0,0,0,1,1,1,2,2,2,2,2,2
76-p-elswick-n_x6,76,76-p-elswick-n,,0,0,0,3,3,3,3,3,0,0,0,0,6
76-p-elswick-n_x1-aft,76,76-p-elswick-n,,0,0,0,0,1,1,1,1,1,1,1,0,1
76-p-a1917_x6-alt-2,76,76-p-a1917,,,2,,,,,3,,,4,,,6
76-p-a1917_x6-alt,76,76-p-a1917,,,3,,,,,4.5,,,3,,,6
76-p-a1917_x6,76,76-p-a1917,,,3,,,,,4,,,3,,,6
76-p-a1909_x24,76,76-p-a1909,,,5,,,,,13,,,7,,0,24
76-p-a1909_x20,76,76-p-a1909,,8,4,4,5,10,10,10,5,5,5,8,0,20
76-p-a1909_x16,76,76-p-a1909,,,2,,,,,8,,,4,,0,16
76-p-a1909_x13,76,76-p-a1909,,,4,,,,,13,,,3,,0,13
76-p-9pdr-armstrong_x2,76,76-p-9pdr-armstrong,,,1,,,,,2,,,1,,,2
76-p-41st-year_x20-alt,76,76-p-41st-year,,,4,,,,,9,,,4,,0,20
76-p-41st-year_x20,76,76-p-41st-year,,,3,,,,,9,,,3,,0,20
76-p-41st-year_x16-alt,76,76-p-41st-year,,,6,,,,,12,,,6,,0,16
76-p-41st-year_x16,76,76-p-41st-year,,8,4,5,5,8,8,8,5,5,5,8,0,16
76-p-41st-year_x12-alt,76,76-p-41st-year,,,4,,,,,8,,,4,,0,12
76-p-41st-year_x12,76,76-p-41st-year,,,4,,,,,6,,,4,,0,12
76-p-41st-year_x10,76,76-p-41st-year,,,3,,,,,5,,,2,,0,10
76-p-41st-year_x8-turret-top,76,76-p-41st-year,,,4,,,,,8,,,4,,0,8
76-p-41st-year_x8,76,76-p-41st-year,,,2,,,,,4,,,2,,0,8
76-p-41st-year_x4,76,76-p-41st-year,,,2,,,,,2,,,2,,0,4
76-p-41st-year_ay,76,76-p-41st-year,,,1,,,,,2,,,1,,0,2
76-p-3rd-year_x7,76,76-p-3rd-year,,,1,,,,,4,,,2,,,7
76-p-3rd-year_x4,76,76-p-3rd-year,,,1,,,,,2,,,1,,,4
76-p-3rd-year_x3,76,76-p-3rd-year,,,2,,,,,2,,,1,,,3
76-p-3rd-year_x2-side,76,76-p-3rd-year,,0,0,0,1,1,1,1,1,0,0,0,1,2
76-p-3rd-year_x2-kuma,76,76-p-3rd-year,,,0.5,,,,,1,,,0.5,,,2
76-p-3rd-year_x2-hosho,76,76-p-3rd-year,,,2,,,,,1.5,,,2,,,2
76-p-3rd-year_x2-ay,76,76-p-3rd-year,,1,1,1,1,2,2,2,1,1,1,1,2,2
76-p-3rd-year_ax,76,76-p-3rd-year,,,1,,,,,2,,,1,,,2
76-p-3rd-year_x1-midship,76,76-p-3rd-year,,,0,,,,,1,,,0,,,1
76-p-3rd-year_x1-aft,76,76-p-3rd-year,,0,0,0,0,1,1,1,1,1,1,1,1,1
76-gs-type-a_x2,76,76-gs-type-a,,,1,,,,,1,,,0,,,2
76-gs-pi_x8-hull,76,76-gs-pi,,,1,,,,,4,,,1,,,8
76-gs-pi_x6-sides,76,76-gs-pi,,,0,,,,,3,,,0,,,6
76-gs-pi_x4,76,76-gs-pi,,,1,,,,,2,,,1,,,4
76-gs-pi_x2,76,76-gs-pi,,,0,,,,,1,,,0,,,2
76-gs-mk2_aps,76,76-gs-mk2,,,2,,,,,2,,,0,,,3
76-gs-mk11_x1-fore,76,76-gs-mk11,,,1,,,,,1,,,0,,,1
76-gs-ha-viii_x2-top,76,76-gs-ha-viii,,,1,,,,,1,,,2,,,2
76-gs-ha-viii_x1-aft,76,76-gs-ha-viii,,,0,,,,,1,,,1,,,1
76-gs-ha-markii_x4,76,76-gs-ha-markii,,,2,,,,,2.5,,,2,,,4
76-gs-ha-markii_x1-fore,76,76-gs-ha-markii,,,1,,,,,1,,,0,,,1
76-gs-ha-markii_x1-aft,76,76-gs-ha-markii,,,0,,,,,1,,,1,,,1
76-gs-elswick-n_x12,76,76-gs-elswick-n,,,3,,,,,6,,,3,,,12
76-gs-a1909_x10,76,76-gs-a1909,,,1,,,,,5,,,1,,,10
76-gs-81k_x3,76,76-gs-81k,,,2,,,,,2,,,2,,,3
76-gs-81k_x2-aft,76,76-gs-81k,,,1,,,,,1,,,2,,,2
76-gs-45-pi_x10,76,76-gs-45-pi,,,2,,,,,5,,,3,,,10
76-gs-41st-year_x12-tsugaru,76,76-gs-41st-year,,,1,,,,,6,,,1,,0,12
76-gs-41st-year_x12-takasago,76,76-gs-41st-year,,2,1,1,5,6,6,6,6,2,2,4,0,12
76-gs-41st-year_x12-chitose,76,76-gs-41st-year,,2,1,1,6,6,6,6,6,1,1,2,0,12
76-gs-41st-year_x12-azuma,76,76-gs-41st-year,,4,2,2,5,6,6,6,5,2,2,2,0,12
76-gs-41st-year_x12-alt,76,76-gs-41st-year,,6,4,4,4,6,6,6,4,4,4,6,0,12
76-gs-41st-year_x12,76,76-gs-41st-year,,4,3,3,4,5,6,5,5,3,3,4,0,12
76-gs-41st-year_x10,76,76-gs-41st-year,,,1,,,,,5,,,1,,0,10
76-gs-41st-year_x8-tsushima,76,76-gs-41st-year,,,1,,,,,4,,,1,,0,8
76-gs-41st-year_x8-sides,76,76-gs-41st-year,,,0,,,,,4,,,0,,0,8
76-gs-41st-year_x8-azuma,76,76-gs-41st-year,,2,1,1,4,4,4,4,4,2,2,2,0,8
76-gs-41st-year_x8-alt,76,76-gs-41st-year,,4,3,3,3,4,4,4,3,3,3,4,0,8
76-gs-41st-year_x8,76,76-gs-41st-year,,2,2,2,3,3,4,3,4,2,2,2,0,8
76-gs-41st-year_x6-sides,76,76-gs-41st-year,,,0,,,,,3,,,0,,0,6
76-gs-41st-year_x4-sides,76,76-gs-41st-year,,,0,,,,,2,,,0,,0,4
76-gs-41st-year_x4-fore-aft,76,76-gs-41st-year,,2,2,2,1,1,2,1,1,2,2,2,0,4
76-gs-41st-year_x4-alt,76,76-gs-41st-year,,0,0,0,2,2,2,2,2,1,1,4,0,4
76-gs-41st-year_x4,76,76-gs-41st-year,,2,1,1,1,1,2,2,2,1,2,2,0,4
76-gs-41st-year_x2-sides,76,76-gs-41st-year,,,0,,,,,1,,,0,,0,2
76-gs-41st-year_x2-fore,76,76-gs-41st-year,,2,2,2,1,1,1,1,0,0,0,0,0,2
76-gs-34k_x8,76,76-gs-34k,,,0,,,,,4,,,0,,,8
76-gs-34k_x6-turret,76,76-gs-34k,,,3,,,,,6,,,3,,,6
76-gs-34k_x3-turret,76,76-gs-34k,,,0,,,,,3,,,3,,,3
76-gs-34k_x3-aft,76,76-gs-34k,,,0,,,,,2,,,3,,,3
76-gs-34k_x2-aft,76,76-gs-34k,,,0,,,,,1,,,2,,,2
76-cp-rm1916_x7,76,76-cp-rm1916,,,2,,,,,4,,,1,,,7
76-cp-rm1916_x2,76,76-cp-rm1916,,,1,,,,,2,,,1,,,2
76-cp-rm1916_x1-aft,76,76-cp-rm1916,,,0,,,,,1,,,1,,,1
76-cp-p1914-aa_x6-turret,76,76-cp-p1914-aa,,,3,,,,,6,,,3,,,6
76-cp-p1914-aa_x4-alt,76,76-cp-p1914-aa,,,1,,,,,3,,,3,,,4
76-cp-p1914-aa_x4-aft-2,76,76-cp-p1914-aa,,,0,,,,,3,,,4,,,4
76-cp-p1914-aa_x4-aft,76,76-cp-p1914-aa,,,0,,,,,2,,,4,,,4
76-cp-p1914-aa_x4,76,76-cp-p1914-aa,,2,2,1,1,2,2,2,1,1,2,2,2,4
76-cp-p1914-aa_x3-aft,76,76-cp-p1914-aa,,,0,,,,,3,,,3,,,3
76-cp-p1914-aa_x2-aft,76,76-cp-p1914-aa,,,0,,,,,1,,,2,,,2
76-cp-mk34_x2-allen-m-sumner,76,76-cp-mk34,,,1,1,1,1,,1,1,1,2,,1,2
76-cp-mk34_x2-aft,76,76-cp-mk34,,,0,,,,,1,,,2,,,2
76-cp-mk27_x20-midway,76,76-cp-mk27,,,4,,,,,9.5,,,3,,,20
76-cp-mk27_x18-midway,76,76-cp-mk27,,,2,,,,,9,,,3,,,18
76-cp-mk27_x15-essex,76,76-cp-mk27,,,5.5,,,,,6.5,,,5,,,15
76-cp-mk27_x14-lake-champlain,76,76-cp-mk27,,,4,,,,,6,,,4,,,14
76-cp-mk27_x13-oriskany,76,76-cp-mk27,,,4,,,,,5.5,,,4,,,13
76-cp-mk27_x12-ticonderoga,76,76-cp-mk27,,,3,,,,,5.5,,,5,,,12
76-cp-mk27_x12-quin,76,76-cp-mk27,,,3,,,,,7,,,3,,,12
76-cp-mk27_x12-lake-champlain,76,76-cp-mk27,,,2,,,,,5.5,,,4,,,12
76-cp-mk27_x12,76,76-cp-mk27,,,4,,,,,7,,,4,,,12
76-cp-mk27_x11-wor,76,76-cp-mk27,,,5,,,,,6,,,4,,,11
76-cp-mk27_x11-oriskany,76,76-cp-mk27,,,2,,,,,5,,,4,,,11
76-cp-mk27_x11-midway,76,76-cp-mk27,,,1,,,,,4.75,,,3.5,,,11
76-cp-mk27_x11,76,76-cp-mk27,,,3,,,,,6,,,4,,,11
76-cp-mk27_x10-wor,76,76-cp-mk27,,,4,,,,,5,,,4,,,10
76-cp-mk27_x10-midway,76,76-cp-mk27,,,1,,,,,4.5,,,3.5,,,10
76-cp-mk27_x10-essex,76,76-cp-mk27,,,3.5,,,,,5.5,,,5,,,10
76-cp-mk27_x10-balt,76,76-cp-mk27,,,4,,,,,6,,,4,,,10
76-cp-mk27_x10,76,76-cp-mk27,,,2,,,,,5,,,4,,,10
76-cp-mk27_x8-nn,76,76-cp-mk27,,,1,,,,,4,,,4,,,8
76-cp-mk27_x8,76,76-cp-mk27,,,3,,,,,4,,,3,,,8
76-cp-mk27_x7-juneau,76,76-cp-mk27,,,2,,,,,5,,,2,,,7
76-cp-mk27_x7-balt-alt,76,76-cp-mk27,,,4,,,,,4,,,2,,,7
76-cp-mk27_x7-balt,76,76-cp-mk27,,,2,,,,,4,,,4,,,7
76-cp-mk27_x6-illustrious,76,76-cp-mk27,,,1,,,,,3,,,1,,,6
76-cp-mk27_x6-essex,76,76-cp-mk27,,,1,,,,,2.25,,,2,,,6
76-cp-mk27_x6-balt,76,76-cp-mk27,,,2,,,,,3,,,3,,,6
76-cp-mk27_x5-essex,76,76-cp-mk27,,,1,,,,,1.75,,,2,,,5
76-cp-mk27_x4-illustrious,76,76-cp-mk27,,,1,,,,,2,,,1,,,4
76-cp-mk27_x4-essex,76,76-cp-mk27,,,0.5,,,,,1.5,,,2,,,4
76-cp-mk27_x4-bonaventure,76,76-cp-mk27,,,0.5,,,,,2,,,0.5,,,4
76-cp-mk27_x4,76,76-cp-mk27,,,2,,,,,2,,,2,,,4
76-cp-mk27_x3-gearing,76,76-cp-mk27,,0,0,0,1,2,2,2,2,2,2,3,2,3
76-cp-mk27_x3-fletcher,76,76-cp-mk27,,2,0,1,2,2,2,2,2,2,1,3,2,3
76-cp-mk27_x2-rx,76,76-cp-mk27,,0,0,0,2,2,2,2,2,1,1,1,2,2
76-cp-mk27_x2-fletcher,76,76-cp-mk27,,2,0,1,1.5,1.5,2,2,1.5,1,2,2,2,2
76-cp-mk27_x2-bx,76,76-cp-mk27,,1,1,1,2,2,2,2,2,1,1,1,2,2
76-cp-mk27_x2-br,76,76-cp-mk27,,1,1,1,1,2,2,2,1,0,0,0,2,2
76-cp-mk27_x2-bonaventure,76,76-cp-mk27,,,0,,,,,1,,,0.5,,,2
76-cp-mk27_x2-allen-m-sumner-alt,76,76-cp-mk27,,0,0,0,0.5,2,2,1.5,1.5,1.5,1.5,2,2,2
76-cp-mk27_x2-allen-m-sumner,76,76-cp-mk27,,0,0,0,1,2,2,2,2,1,1,2,2,2
76-cp-mk27_x1-x,76,76-cp-mk27,,0,0,0,0,1,1,1,1,1,1,1,1,1
76-cp-mk27_x1-r,76,76-cp-mk27,,0,0,0,0,1,1,1,1,0,0,0,1,1
76-cp-mk11_x10-wyo-3,76,76-cp-mk11,,6,3,4,4,5,5,5,4,2,2,4,5,10
76-cp-mk11_x10-wyo-2,76,76-cp-mk11,,8,4,5,5,5,5,5,3,1,2,2,5,10
76-cp-mk11_x10-wyo,76,76-cp-mk11,,6,5,4,4.5,5,5,5,4,3,3,6,5,10
76-cp-mk11_x10-turret-top,76,76-cp-mk11,,6,5,3,5,6,6,5,6,5,4,6,8,10
76-cp-mk11_x10-ny-2,76,76-cp-mk11,,6,2,3,5,5,5,5,4,1,2,2,5,10
76-cp-mk11_x10-ny,76,76-cp-mk11,,6,4,4,5,5,5,4,2,2,2,4,5,10
76-cp-mk11_x10,76,76-cp-mk11,,6,3,3,4,5,5,5,3,3,5,6,5,10
76-cp-mk11_x8-wyo-3,76,76-cp-mk11,,6,3,4,4,4,4,4,3,1,2,2,4,8
76-cp-mk11_x8-wyo-2,76,76-cp-mk11,,6,4,4,3.5,4,4,4,3,2,2,4,4,8
76-cp-mk11_x8-wyo,76,76-cp-mk11,,4,4,4,3,5,6,5,5,6,4,6,7,8
76-cp-mk11_x8-turret-top,76,76-cp-mk11,,4,3,2,4,4,4,4,5,5,4,6,5,8
76-cp-mk11_x8-tenn-2,76,76-cp-mk11,,6,2,3,4,4,4,4,3,1,2,2,4,8
76-cp-mk11_x8-tenn,76,76-cp-mk11,,4,2,2,3,4,4,4,4,3,4,6,4,8
76-cp-mk11_x8-omaha-alt,76,76-cp-mk11,,,0,,,,,4,,,0,,,8
76-cp-mk11_x8-omaha,76,76-cp-mk11,,,1,,,,,4.5,,,2,,,8
76-cp-mk11_x8-nm,76,76-cp-mk11,,6,1,3,3,4,4,4,4,4,3,6,4,8
76-cp-mk11_x8-nev,76,76-cp-mk11,,,2,,,,,6,,,3,,,8
76-cp-mk11_x8-flo,76,76-cp-mk11,,4,3,3,4,4,5,5,5,3,3,6,5,8
76-cp-mk11_x8,76,76-cp-mk11,,6,3,3,3,4,4,4,2,2,3,4,4,8
76-cp-mk11_x7-omaha,76,76-cp-mk11,,,0,,,,,4,,,2,,,7
76-cp-mk11_x6-wickes,76,76-cp-mk11,,,1,,,,,4,,,2,,,6
76-cp-mk11_x6-ranger,76,76-cp-mk11,,,3,,,,,3.5,,,3,,,6
76-cp-mk11_x6-omaha-alt,76,76-cp-mk11,,,0,,,,,4,,,3,,,6
76-cp-mk11_x6-omaha,76,76-cp-mk11,,,0,,,,,3,,,1,,,6
76-cp-mk11_x6-nev,76,76-cp-mk11,,2,2,2,1,2,3,3,3,2,0,4,5,6
76-cp-mk11_x5-lexington,76,76-cp-mk11,,,1,,,,,3,,,1,,,5
76-cp-mk11_x4-wyo-training,76,76-cp-mk11,,0,0,0,2,2,2,2,2,0.5,0.5,1,4,4
76-cp-mk11_x4-wyo,76,76-cp-mk11,,4,4,4,2,2,2,2,2,2,2,2,3,4
76-cp-mk11_x4-turret-top,76,76-cp-mk11,,0,0,0,1,2,2,2,3,3,2,4,3,4
76-cp-mk11_x4-tenn,76,76-cp-mk11,,2,2,2,2,2,2,2,2,2,2,2,2,4
76-cp-mk11_x4-sd,76,76-cp-mk11,,2,1,1,2,2,2,2,2,2,2,2,2,4
76-cp-mk11_x4-omaha,76,76-cp-mk11,,,0,,,,,2,,,1,,,4
76-cp-mk11_x4-ok,76,76-cp-mk11,,,0,,,,,3,,,2,,,4
76-cp-mk11_x4-oglala,76,76-cp-mk11,,,2,,,,,3,,,3,,,4
76-cp-mk11_x4-nm-alt-2,76,76-cp-mk11,,4,2,3,2,2,2,2,2,2,2,2,2,4
76-cp-mk11_x4-nm-alt,76,76-cp-mk11,,4,3,2,2,2,2,2,2,1,1,2,2,4
76-cp-mk11_x4-nm,76,76-cp-mk11,,2,1,1,1,2,2,2,2,3,3,4,2,4
76-cp-mk11_x4-nh,76,76-cp-mk11,,,1,,,,,2,,,2,,,4
76-cp-mk11_x4-nev,76,76-cp-mk11,,2,2,2,2,2,2,2,2,1,0,2,2,4
76-cp-mk11_x4-lex,76,76-cp-mk11,,3,2,2,3,3,3,3,3,2,2,3,3,4
76-cp-mk11_x4-fore-alt,76,76-cp-mk11,,,3,,,,,2,,,0,,,4
76-cp-mk11_x4-fore,76,76-cp-mk11,,,4,,,,,4,,,0,,,4
76-cp-mk11_x4-allround,76,76-cp-mk11,,,2,,,,,2,,,2,,,4
76-cp-mk11_x4,76,76-cp-mk11,,2,1,1,1.5,2,2,2,1,1,2,2,2,4
76-cp-mk11_apsy,76,76-cp-mk11,,,1,,,,,3,,,1,,,4
76-cp-mk11_apsx,76,76-cp-mk11,,,1,,,,,3,,,2,,,4
76-cp-mk11_psx,76,76-cp-mk11,,,0,,,,,2,,,2,,,3
76-cp-mk11_aps-2,76,76-cp-mk11,,,1,,,,,2,,,2,,,3
76-cp-mk11_aps,76,76-cp-mk11,,,1,,,,,2,,,0,,,3
76-cp-mk11_x2-turret-top,76,76-cp-mk11,,0,0,0,1,1,1,1,2,2,2,2,2,2
76-cp-mk11_x2-sides,76,76-cp-mk11,,,0,,,,,1,,,0,,,2
76-cp-mk11_x2-ps,76,76-cp-mk11,,0,0,0,1,1,1,1,1,0,0,0,2,2
76-cp-mk11_x2-penn,76,76-cp-mk11,,0,0,0,0,1,1,1,1,1,0,2,2,2
76-cp-mk11_x2-omaha,76,76-cp-mk11,,,1,,,,,1.5,,,1,,,2
76-cp-mk11_x2-nev,76,76-cp-mk11,,2,2,2,1,1,1,1,1,1,0,2,1,2
76-cp-mk11_x2-fore-alt,76,76-cp-mk11,,,2,,,,,0.5,,,0,,,2
76-cp-mk11_x2-fore,76,76-cp-mk11,,,2,,,,,1,,,0,,,2
76-cp-mk11_x2-f-ps,76,76-cp-mk11,,2,2,2,1,1,1,1,1,0,0,0,1,2
76-cp-mk11_x2-f-a,76,76-cp-mk11,,,1,,,,,2,,,1,,,2
76-cp-mk11_x2-crane-alt-2,76,76-cp-mk11,,2,2,2,1,1,1,1,1.5,2,2,2,2,2
76-cp-mk11_x2-crane-alt,76,76-cp-mk11,,2,2,1,1,2,2,1,1,2,2,2,1,2
76-cp-mk11_x2-crane,76,76-cp-mk11,,2,1.5,1.5,1,1,2,1,1,1,1.5,2,1,2
76-cp-mk11_x2-aroostook,76,76-cp-mk11,,,1,,,,,1.5,,,1,,,2
76-cp-mk11_x2-aft,76,76-cp-mk11,,0,0,0,0,1,1,1,1,1,2,2,1,2
76-cp-mk11_x2,76,76-cp-mk11,,,1,,,,,1,,,1,,,2
76-cp-mk11_x1-aft,76,76-cp-mk11,,0,0,0,1,1,1,1,1,1,1,1,1,2
76-cp-mk11_ay,76,76-cp-mk11,,,1,,,,,2,,,1,,2,2
76-cp-mk11_ax,76,76-cp-mk11,,,1,,,,,2,,,1,,2,2
76-cp-mk11_ab,76,76-cp-mk11,,,2,,,,,2,,,0,,2,2
76-cp-mk11_x,76,76-cp-mk11,,,0,,,,,1,,,1,,1,1
76-cp-mk11_a,76,76-cp-mk11,,,1,,,,,1,,,0,,1,1
76-cp-ha-markii_x4-vindictive,76,76-cp-ha-markii,,,0,,,,,2,,,0,,,4
76-cp-ha-markii_x4-hawkins,76,76-cp-ha-markii,,,0,,,,,2,,,2,,,4
76-cp-ha-markii_x4-furious,76,76-cp-ha-markii,,,0,,,,,3,,,3,,,4
76-cp-ha-markii_x4,76,76-cp-ha-markii,,,1,,,,,2,,,1,,,4
76-cp-ha-markii_x2-wing-turret,76,76-cp-ha-markii,,2,1,1,1.5,2,2,2,1.5,1,1,2,2,2
76-cp-ha-markii_x2-turret,76,76-cp-ha-markii,,,1,,,,,2,,,1,,,2
76-cp-ha-markii_x2-revenge,76,76-cp-ha-markii,,,1,,,,,1,,,1,,,2
76-cp-ha-markii_x2-midship,76,76-cp-ha-markii,,,0,,,,,2,,,0,,,2
76-cp-ha-markii_x2-furious,76,76-cp-ha-markii,,,0,,,,,1,,,1,,,2
76-cp-ha-markii_x2-forward,76,76-cp-ha-markii,,,1,,,,,1,,,0,,,2
76-cp-ha-markii_x2-fore,76,76-cp-ha-markii,,,2,,,,,1,,,0,,,2
76-cp-ha-markii_x2-fantail,76,76-cp-ha-markii,,,0,,,,,2,,,1,,,2
76-cp-ha-markii_x2-centerline,76,76-cp-ha-markii,,,0,,,,,2,,,1,,,2
76-cp-ha-markii_x2-belle,76,76-cp-ha-markii,,,1,,,,,2,,,2,,,2
76-cp-ha-markii_x2-aft-super,76,76-cp-ha-markii,,0,0,0,0,0,1,1,2,2,2,2,2,2
76-cp-ha-markii_x2,76,76-cp-ha-markii,,,0,,,,,1,,,1,,,2
76-cp-ha-markii_x1-turret-fore,76,76-cp-ha-markii,,1,1,1,1,1,1,1,1,0,0,0,1,1
76-cp-ha-markii_x1-mid,76,76-cp-ha-markii,,0,0,1,1,1,1,1,0,0,0,0,1,1
76-cp-ha-markii_x1-fantail,76,76-cp-ha-markii,,1,0,1,1,1,1,1,1,1,1,1,1,1
76-cp-ha-markii_x1-belle,76,76-cp-ha-markii,,,1,,,,,1,,,1,,1,1
76-cp-ha-markii_x1-aft-2,76,76-cp-ha-markii,,0,0,0,0,1,1,1,1,1,1,1,1,1
76-cp-ha-markii_x1-aft,76,76-cp-ha-markii,,0,0,0,1,1,1,1,1,1,1,1,1,1
76-cp-ha-markii_x1,76,76-cp-ha-markii,,,0,,,1,,1,,,0,,1,1
76-cp-41st-year_x7,76,76-cp-41st-year,,,2,,,,,4,,,3,,,7
76-cp-41st-year_x6,76,76-cp-41st-year,,,2,,,,,3,,,2,,,6
76-cp-41st-year_x4,76,76-cp-41st-year,,,1,,,,,2,,,1,,,4
76-cp-41st-year_x2-fore-2,76,76-cp-41st-year,,,1,,,,,1,,,0,,,2
76-cp-41st-year_x2,76,76-cp-41st-year,,,1,,,,,1,,,1,,,2
76-cp-41st-year_ax,76,76-cp-41st-year,,,1,,,,,2,,,1,,,2
76-cp-41st-year_x1-aft,76,76-cp-41st-year,,,0,,,,,1,,,1,,,1
76-car-rbl-12pdr-8cwt_x4,76,76-car-rbl-12pdr-8cwt,,,0,,,,,2,,,0,,,4
76-c-pi_x16,76,76-c-pi,,,1,,,,,7,,,1,,,16
76-c-mk2_x4,76,76-c-mk2,,0,0,0,2,2,2,2,2,0,0,0,0,4
76-c-elswick-n_x4-sides,76,76-c-elswick-n,,,0,,,,,2,,,0,,,4
76-c-41st-year_x8,76,76-c-41st-year,,,2,,,,,4,,,2,,,8
76-c-41st-year_x4,76,76-c-41st-year,,,1,,,,,2,,,1,,,4
76-at-compact_x1-x,76,76-at-compact,,0,0,0,1,1,1,1,1,1,1,1,1,1
76-ag-mmi-single_x3,76,76-ag-mmi-single,,,1,,,,,2,,,2,,,3
76-ag-mk37_x7,76,76-ag-mk37,,,2,,,,,3.5,,,4,,,7
76-ag-mk37_x4-abxy,76,76-ag-mk37,,2,2,2,4,4,4,4,4,2,2,2,4,4
76-ag-mk37_x2-bx,76,76-ag-mk37,,1,1,1,2,2,2,2,2,1,1,1,2,2
76-ag-mk37_x2-ay,76,76-ag-mk37,,1,1,1,2,2,2,2,2,1,1,1,2,2
76-ag-mk37_x1-b,76,76-ag-mk37,,1,1,1,1,1,1,1,1,0,0,0,1,1
76-ag-mk33_x4-abxy,76,76-ag-mk33,,2,2,2,4,4,4,4,4,2,2,2,4,4
76-ag-mk33_x2-ay,76,76-ag-mk33,,1,1,1,2,2,2,2,2,1,1,1,2,2
76-ag-mk33_x1-b,76,76-ag-mk33,,1,1,1,1,1,1,1,1,0,0,0,1,1
75-p-p1906_x20,75,75-p-p1906,,,2,,,,,10,,,2,,0,20
75-p-p1906_x16-alt,75,75-p-p1906,,4,3,2,5,7,8,7,6,4,4,6,0,16
75-p-p1906_x16,75,75-p-p1906,,,2,,,,,8,,,2,,0,16
75-p-p1906_x14-alt,75,75-p-p1906,,4,3,2,5,6,7,6,5,3,3,4,0,14
75-p-p1906_x8,75,75-p-p1906,,,1,,,,,4,,,1,,0,8
75-p-p1906_x6,75,75-p-p1906,,,0,,,,,3,,,1,,0,6
75-p-p1906_x4-fore-aft,75,75-p-p1906,,,1,,,,,1,,,1,,0,4
75-p-p1906_x4,75,75-p-p1906,,2,1,1,1,2,2,2,1,1,1,2,0,4
75-p-osz-m1911_x14,75,75-p-osz-m1911,,,2,,,,,7,,,2,,,14
75-p-osz-m1911_x8,75,75-p-osz-m1911,,,2,,,,,8,,,2,,,8
75-p-osz-m1911_x4-turret,75,75-p-osz-m1911,,2,1,1,,,,4,,,2,,,4
75-p-osz-m1911_x4,75,75-p-osz-m1911,,2,1,1,1,2,2,2,1,1,1,2,0,4
75-p-osz-m1911_x3,75,75-p-osz-m1911,,,2,,,,,3,,,1,,,3
75-p-m1908_x2-f-a,75,75-p-m1908,,,1,,,,,2,,,1,,,2
75-p-m1908_x2,75,75-p-m1908,,,0,,,,,1,,,1,,,2
75-p-m1897_x4,75,75-p-m1897,,,1,,,,,2,,,1,,0,4
75-p-m1897_x2-aft,75,75-p-m1897,,,0,,,,,1,,,1,,0,2
75-p-m1897_x2,75,75-p-m1897,,,1,,,,,1,,,1,,0,2
75-p-canet_x24,75,75-p-canet,,,0,,,,,12,,,1,,0,24
75-p-canet_x20,75,75-p-canet,,,0,,,,,10,,,1,,0,20
75-p-canet_x12-alt-3,75,75-p-canet,,,2,,,,,6,,,1,,0,12
75-p-canet_x12-alt,75,75-p-canet,,,2,,,,,6,,,2,,0,12
75-p-canet_x12,75,75-p-canet,,,1,,,,,6,,,1,,0,12
75-p-canet_x10-alt,75,75-p-canet,,,2,,,,,5,,,2,,0,10
75-p-canet_x10,75,75-p-canet,,,1,,,,,5,,,1,,0,10
75-p-canet_x16,75,75-p-canet,,4,2,2,6,8,8,8,6,2,2,4,0,8
75-p-canet_x4,75,75-p-canet,,,0,,,,,2,,,1,,0,4
75-gs-osz-m1911_x4,75,75-gs-osz-m1911,,4,2,1,1,2,2,2,1,1,2,2,0,4
75-gs-m1922_x8-alt,75,75-gs-m1922,,,0,,,,,4,,,2,,,8
75-gs-m1922_x8,75,75-gs-m1922,,,2,,,,,4,,,2,,,8
75-gs-m1922_x4-side,75,75-gs-m1922,,,0,,,,,2,,,1,,,4
75-gs-m1922_x4-aft,75,75-gs-m1922,,,0,,,,,2,,,4,,,4
75-gs-canet_x24,75,75-gs-canet,,6,5,4,4,11,12,12,4,1,1,2,0,24
75-gs-canet_x14-alt,75,75-gs-canet,,,3,,,,,7,,,2,,0,14
75-gs-canet_x14,75,75-gs-canet,,2,2,1,4,7,7,7,5,3,2,4,0,14
75-gs-canet_x12-alt,75,75-gs-canet,,,2,,,,,6,,,2,,0,12
75-gs-canet_x12,75,75-gs-canet,,6,4,4,6,6,6,5,5,0,0,0,0,12
75-gs-canet_x6,75,75-gs-canet,,2,2,2,2,3,3,3,1,0,0,0,0,6
75-gs-canet_x4-sides,75,75-gs-canet,,0,0,0,,2,2,2,,0,0,0,0,4
75-gs-canet_x4,75,75-gs-canet,,2,1,1,1,2,2,2,1,1,1,2,0,4
75-cp-osz-m1916_x4-turret,75,75-cp-osz-m1916,,3,2,2,3,3,3,3,2,2,1,2,3,4
75-cp-osz-m1916_x2-turret-2,75,75-cp-osz-m1916,,,1,,,,,2,,,1,,,2
75-cp-osz-m1916_x2-turret,75,75-cp-osz-m1916,,,0,,,,,2,,,1,,,2
75-cp-osz-m1916_x2-aft,75,75-cp-osz-m1916,,,0,,,,,1,,,2,,,2
75-cp-osz-m1916_x1-aft,75,75-cp-osz-m1916,,,0,,,,,1,,,1,,,1
75-cp-mark6_ax,75,75-cp-mark6,,,1,,,,,2,,,1,,,2
75-cp-m1922_x8,75,75-cp-m1922,,,2,,,,,4,,,2,,,8
75-cp-m1922_x7,75,75-cp-m1922,,,1,,,,,4,,,2,,,7
75-cp-m1922_x6-bearn,75,75-cp-m1922,,,1,,,,,3,,,1,,,6
75-cp-m1922_x6,75,75-cp-m1922,,,1,,,,,3,,,1,,,6
75-cp-m1922_x2-sides,75,75-cp-m1922,,,0,,,,,1,,,0,,,2
75-cp-m1922_x1-fore,75,75-cp-m1922,,,1,,,,,1,,,0,,,1
75-cp-m1918_x4,75,75-cp-m1918,,,1,,,,,2,,,1,,,4
75-cp-m1918_x2-center,75,75-cp-m1918,,,0,,,,,2,,,0,,,2
75-cp-m1918_x2-aft,75,75-cp-m1918,,,0,,,,,1.5,,,2,,,2
75-cp-m1918_x1-aft,75,75-cp-m1918,,,0,,,,,1,,,1,,,1
75-cp-ein-lc34_x1-aft,75,75-cp-ein-lc34,,,0,,,,,1,,,1,,,1
75-c-m1908_x16,75,75-c-m1908,,,2,,,,,8,,,2,,0,16
75-c-m1908_x16-danton,75,75-c-m1908,,,2,,,,,6,,,0,,0,12
75-c-m1906_x20,75,75-c-m1906,,4,2,2,8,10,10,10,8,2,2,4,0,20
75-c-m1906_x16,75,75-c-m1906,,0,0,0,8,8,8,8,8,0,0,0,0,16
75-c-m1906_x12-sides,75,75-c-m1906,,0,0,0,6,6,6,6,6,0,0,0,0,12
75-c-m1906_x12,75,75-c-m1906,,,0,,,,,5,,,1,,0,12
75-c-m1906_x6-sides,75,75-c-m1906,,0,0,0,3,3,3,3,3,0,0,0,0,10
75-c-m1906_x10,75,75-c-m1906,,,1,,,,,5,,,1,,0,10
75-c-m1906_x4-aft,75,75-c-m1906,,,0,,,,,2,,,1,,0,4
75-c-canet_x8-sides,75,75-c-canet,,,0,,,,,4,,,0,,0,8
66-p-sfk-l45_x12,66,66-p-sfk-l45,,,2,,,,,6,,,2,,0,12
66-p-sfk-l45_x10,66,66-p-sfk-l45,,,1,,,,,5,,,2,,0,10
66-p-l18-aa_x3,66,66-p-l18-aa,,,1,,,,,2,,,1,,,3
66-p-l18_x2-side,66,66-p-l18,,,0,,,,,1,,,0,,0,2
66-p-l18_x2,66,66-p-l18,,,1,,,,,2,,,1,,0,2
66-p-k16_x6-turret-alt,66,66-p-k16,,3,3,3,3,4,4,4,3,3,3,3,4,6
66-p-k16_x6-turret,66,66-p-k16,,3,3,3,4,2,2,2,4,3,3,3,6,6
66-p-k16_x3-turret,66,66-p-k16,,,1,,,,,3,,,2,,,3
66-p-k10_x12,66,66-p-k10,,,3,,,,,4,,,1,,0,12
66-p-g-bag_x4,66,66-p-g-bag,,,1,,,,,2,,,2,,0,4
66-p-g-bag_x2-aft,66,66-p-g-bag,,,0,,,,,1,,,2,,0,2
65-p-m1902-aa_x2,65,65-p-m1902-aa,,,1,,,,,1,,,1,,,2
65-p-m1902_x16-alt,65,65-p-m1902,,,3,,,,,7,,,2,,0,16
65-p-m1902_x16,65,65-p-m1902,,,2,,,,,7,,,2,,0,16
65-p-m1902_x13,65,65-p-m1902,,,2,,,,,6,,,3,,0,13
65-p-m1902_x10,65,65-p-m1902,,,2,,,,,5,,,2,,0,10
65-p-m1902_x8-alt,65,65-p-m1902,,,2,,,,,3,,,2,,0,8
65-p-m1902_x8,65,65-p-m1902,,,2,,,,,4,,,2,,0,8
65-p-m1888_x6,65,65-p-m1888,,,1,,,,,3,,,1,,0,6
65-p-m1888_x5,65,65-p-m1888,,,2,,,,,2,,,1,,0,5
65-p-m1888_x4-side,65,65-p-m1888,,0,0,0,2,2,2,2,2,0,0,0,0,4
65-p-m1888_x4-jaureguiberry,65,65-p-m1888,,2,0,1,2,2,2,2,2,1,0,2,0,4
65-p-m1888_x4-alt-3,65,65-p-m1888,,,2,,,,,2,,,1,,0,4
65-p-m1888_x4-alt-2,65,65-p-m1888,,,2,,,,,2,,,0,,0,4
65-p-m1888_x4-alt,65,65-p-m1888,,,1,,,,,2,,,3,,0,4
65-p-m1888_x4,65,65-p-m1888,,,1,,,,,2,,,1,,0,4
65-p-m1888_x3,65,65-p-m1888,,,1,,,,,1,,,1,,0,3
65-p-m1888_x2-side,65,65-p-m1888,,,0,,,,,1,,,0,,0,2
65-p-m1888_x2-chase,65,65-p-m1888,,,1,,,,,2,,,1,,0,2
65-cp-m1939_x12,65,65-cp-m1939,,,2,,,,,6,,,4,,,12
65-cp-m1939_x10,65,65-cp-m1939,,,2,,,,,5,,,4,,,10
63-p-p1916_x4-turret,63,63-p-p1916,,,2,,,,,4,,,2,,0,4
63-p-p1916_x4-alt,63,63-p-p1916,,,1,,,,,3,,,3,,0,4
63-p-p1916_x4,63,63-p-p1916,,,1,,,,,2,,,1,,0,4
63-p-p1916_x2-turret,63,63-p-p1916,,,0,,,,,2,,,1,,0,2
63-p-p1916_x2-aft,63,63-p-p1916,,0,0,0,0,1,1,1,1,1,2,2,0,2
57-p-nord-aa_x2-aft,57,57-p-nord-aa,,0,0,0,1,1,1,1,2,2,2,2,2,2
57-p-nord-aa_x2,57,57-p-nord-aa,,,1,,,,,1,,,1,,,2
57-p-n1885_x10,57,57-p-n1885,,,1,,,,,5,,,1,,0,10
57-p-n1885_x8,57,57-p-n1885,,1,1,1,4,3,3,3,3,1,1,1,0,8
57-p-n1885_x6-col,57,57-p-n1885,,4,2,2,2,3,3,3,3,0,0,0,0,6
57-p-n1885_x6-alt,57,57-p-n1885,,,1,,,,,3,,,1,,0,6
57-p-n1885_x6,57,57-p-n1885,,,1,,,,,3,,,1,,0,6
57-p-mk1_x22,57,57-p-mk1,,6,3,3,6,11,11,11,7,4,3,8,0,22
57-p-mk1_x20-ind,57,57-p-mk1,,4,1,2,4,8,10,10,7,4,4,6,0,20
57-p-mk1_x20-alt,57,57-p-mk1,,6,3,3,6,10,10,10,6,3,2,6,0,20
57-p-mk1_x20,57,57-p-mk1,,6,3,3,7,9,10,9,7,3,3,6,0,20
57-p-mk1_x16,57,57-p-mk1,,6,2,3,4,6,8,6,6,4,4,8,0,16
57-p-mk1_x10-no,57,57-p-mk1,,,3,,,,,5,,,2,,0,10
57-p-mk1_x10-ind,57,57-p-mk1,,4,1,2,4,5,6,6,4,2,1,4,0,10
57-p-mk1_x10,57,57-p-mk1,,4,2,2,3,3,5,3,3,2,2,4,0,10
57-p-mk1_x6-ind,57,57-p-mk1,,,1,,,,,3,,,0,,0,6
57-p-mk1_x4-hull,57,57-p-mk1,,2,1,1,1,2,2,2,1,1,1,2,0,4
57-p-mk1_x4-alt,57,57-p-mk1,,2,0,1,2,2,2,2,1,1,0,2,0,4
57-p-mk1_x4,57,57-p-mk1,,2,2,1,2,2,2,2,1,1,1,2,0,4
57-p-mk1_x2-sides,57,57-p-mk1,,0,0,0,1,1,1,1,1,0,0,0,0,2
57-p-mk1_x2-s,57,57-p-mk1,,0,0,0,1,1,1,1,1,1,1,2,0,2
57-p-markic-ha_x2-aft,57,57-p-markic-ha,,,0,,,,,1,,,2,,2,2
57-p-markic-ha_x1-top,57,57-p-markic-ha,,,1,,,,,1,,,1,,1,1
57-p-markic-ha_x1-aft-2,57,57-p-markic-ha,,,0,,,,,0.5,,,1,,1,1
57-p-markic-ha_x1-aft,57,57-p-markic-ha,,0,0,0,1,1,1,1,1,1,1,1,1,1
57-p-markic-ha_x1,57,57-p-markic-ha,,,0,,,,,1,,,0,,1,1
57-p-marki-recoil_x16,57,57-p-marki-recoil,,,1,,,,,8,,,1,,0,16
57-p-marki-recoil_x12-royal-arthur,57,57-p-marki-recoil,,,2,,,,,6,,,3,,0,12
57-p-marki-recoil_x12-edgar,57,57-p-marki-recoil,,,3,,,,,6,,,3,,0,12
57-p-marki-recoil_x12-alt-2,57,57-p-marki-recoil,,,1,,,,,6,,,1,,0,12
57-p-marki-recoil_x12-alt,57,57-p-marki-recoil,,,1,,,,,5,,,1,,0,12
57-p-marki-recoil_x12,57,57-p-marki-recoil,,,1,,,,,5,,,2,,0,12
57-p-marki-recoil_x10-hull,57,57-p-marki-recoil,,,1,,,,,5,,,1,,0,10
57-p-marki-recoil_x9-hull,57,57-p-marki-recoil,,,1,,,,,5,,,2,,0,9
57-p-marki-recoil_x9,57,57-p-marki-recoil,,2,2,1,3,4,4,4,3,2,3,3,0,9
57-p-marki-recoil_x8-side,57,57-p-marki-recoil,,,1,,,,,4,,,1,,0,8
57-p-marki-recoil_x8-alt,57,57-p-marki-recoil,,,1,,,,,3,,,1,,0,8
57-p-marki-recoil_x8,57,57-p-marki-recoil,,,4,,,,,2,,,4,,0,8
57-p-marki-recoil_x7,57,57-p-marki-recoil,,,1,,,,,3,,,2,,0,7
57-p-marki-recoil_x6-side,57,57-p-marki-recoil,,0,0,0,3,3,3,3,3,0,0,0,0,6
57-p-marki-recoil_x6-mast,57,57-p-marki-recoil,,,0,,,,,3,,,1,,0,6
57-p-marki-recoil_x6-alt,57,57-p-marki-recoil,,,2,,,,,3,,,2,,0,6
57-p-marki-recoil_x6,57,57-p-marki-recoil,,2,2,1,2,3,3,3,2,1,2,2,0,6
57-p-marki-recoil_x4-alt,57,57-p-marki-recoil,,,1,,,,,2,,,1,,0,4
57-p-marki-recoil_x4,57,57-p-marki-recoil,,2,0,1,1,2,2,2,2,1,2,2,0,4
57-p-marki-recoil_x3-hull,57,57-p-marki-recoil,,,1,,,,,1,,,0,,0,3
57-p-marki-recoil_x2,57,57-p-marki-recoil,,0,0,0,1,1,1,1,1,0,0,0,0,2
57-p-h_x10,57,57-p-h,,,2,,,,,5,,,2,,0,10
57-p-h_x9,57,57-p-h,,,2,,,,,5,,,1,,0,9
57-p-h_x6-side,57,57-p-h,,,0,,,,,3,,,0,,0,6
57-p-h_x6-alt-2,57,57-p-h,,,1,,,,,3,,,1,,0,6
57-p-h_x6-alt,57,57-p-h,,2,1,1,3,3,3,3,3,1,1,2,0,6
57-p-h_x6,57,57-p-h,,,4,,,,,3,,,3,,0,6
57-p-h_x4,57,57-p-h,,2,1,1,2,2,2,2,2,1,1,2,0,4
57-p-d-s-mark8_x7,57,57-p-d-s-mark8,,,2,,,,,5,,,2,,0,7
57-p-d-s-mark8_x6,57,57-p-d-s-mark8,,,1,,,,,3,,,1,,0,6
57-p-d-s-mark8_x5-alt,57,57-p-d-s-mark8,,,1,,,,,3,,,1,,0,5
57-p-d-s-mark8_x5,57,57-p-d-s-mark8,,,1,,,,,3,,,0.5,,0,5
57-p-d-s-mark8_x4-alt-2,57,57-p-d-s-mark8,,,2,,,,,3,,,1,,0,4
57-p-d-s-mark8_x4-alt,57,57-p-d-s-mark8,,,1,,,,,3,,,1,,0,4
57-p-d-s-mark8_x4,57,57-p-d-s-mark8,,,1,,,,,4,,,1,,0,4
57-p-d-s_x14,57,57-p-d-s,,6,1,3,5,7,7,7,5,3,2,6,0,14
57-p-d-s_x12-brooklyn,57,57-p-d-s,,4,2,1,5,5,6,6,6,4,4,4,0,12
57-p-d-s_x12,57,57-p-d-s,,5,3,3,6,5.5,5.5,5.5,6,2,2,3,0,12
57-p-d-s_x10,57,57-p-d-s,,4,2,2,5,5,5,5,5,1,1,2,0,10
57-p-d-s_x8-ny,57,57-p-d-s,,2,1,1,3,4,4,4,3,1,1,2,0,8
57-p-d-s_x8-columbia,57,57-p-d-s,,2,2,1,1,4,4,4,1,1,2,2,0,8
57-p-d-s_x8-alt,57,57-p-d-s,,2,1,1,4,4,4,4,4,1,1,2,0,8
57-p-d-s_x8,57,57-p-d-s,,4,2,2,3,4,4,4,3,2,2,4,0,8
57-p-d-s_x7,57,57-p-d-s,,5,2,3,4,4,4,4,3,0,0,0,0,8
57-p-d-s_x6,57,57-p-d-s,,,1,,,,,3,,,1,,0,6
57-p-d-s_x4-hull,57,57-p-d-s,,2,2,1,2,2,2,2,2,0,0,0,0,4
57-p-d-s_x4,57,57-p-d-s,,2,1,1,1,5,5,2,1,1,1,2,0,4
57-p-d-s_x2-sides,57,57-p-d-s,,0,0,0,1,1,1,1,1,0,0,0,0,2
57-p-d-s_x2-fore,57,57-p-d-s,,2,2,1,1,1,1,1,1,0,0,0,0,2
57-p-d-s_x2-aft-2,57,57-p-d-s,,0,0,0,1,1,1,1,1,1,1,2,0,2
57-p-d-s_x2-aft,57,57-p-d-s,,,0,,,,,1,,,1,,0,2
57-gs-mk1_x8,57,57-gs-mk1,,,1,,,,,4,,,1,,0,8
57-gs-mk1_x6,57,57-gs-mk1,,2,1,1,3,3,3,3,3,1,1,2,0,6
57-gs-mk1_x4-alt,57,57-gs-mk1,,0,0,0,1,2,2,2,1,0,0,0,0,4
57-gs-mk1_x4,57,57-gs-mk1,,2,1,1,1,2,2,2,1,1,2,2,0,4
57-gs-mk1_x2-aft-2,57,57-gs-mk1,,0,0,0,0,1,1,1,1,1,1,2,0,2
57-gs-mk1_x2-aft,57,57-gs-mk1,,0,0,0,1,1,1,1,1,1,0,2,0,2
57-gs-marki-recoil_x6-side,57,57-gs-marki-recoil,,,0,,,,,3,,,0,,0,6
57-gs-marki-recoil_x6-matsu,57,57-gs-marki-recoil,,,3,,,,,3,,,1,,0,6
57-gs-marki-recoil_x6-itsu,57,57-gs-marki-recoil,,,1,,,,,3,,,1,,0,6
57-gs-marki-recoil_x4-side,57,57-gs-marki-recoil,,,0,,,,,2,,,0,,0,4
57-gs-marki-recoil_x4-alt,57,57-gs-marki-recoil,,,0,,,,,2,,,2,,0,4
57-gs-marki-recoil_x4,57,57-gs-marki-recoil,,2,1,1,1,2,2,2,1,1,1,2,0,4
57-gs-marki-recoil_x2-f-a,57,57-gs-marki-recoil,,,1,,,,,2,,,1,,0,2
57-gs-marki-recoil_x2,57,57-gs-marki-recoil,,,0,,,,,1,,,0,,0,2
57-gs-marki-recoil_x6,57,57-gs-marki-recoil,,2,2,1,2,3,3,3,2,1,2,2,0,
57-gs-h_x4,57,57-gs-h,,,2,,,,,2,,,3,,0,4
57-gs-d-s_x4,57,57-gs-d-s,,2,1,1,1,2,2,2,1,1,1,2,0,2
57-at-sak-mark2_x1-b,57,57-at-sak-mark2,,1,1,1,1,1,1,1,1,0,0,0,1,1
57-ag-acad-m1948_x14,57,57-ag-acad-m1948,,,3,,,,,7,,,4,,,14
57-ag-acad-m1948_x10,57,57-ag-acad-m1948,,,3,,,,,6,,,3,,,10
57-ag-acad-m1948_x6,57,57-ag-acad-m1948,,,3,,,,,4,,,3,,,6
57-ag-acad-m1948_x5,57,57-ag-acad-m1948,,,1,,,,,4,,,3,,,5
52-p-sk-l55_x8,52,52-p-sk-l55,,,2,,,,,4,,,2,,,8
52-p-sk-l55_x4-center,52,52-p-sk-l55,,,0,,,,,2,,,0,,,4
52-p-sk-l55_x4,52,52-p-sk-l55,,,1,,,,,2,,,1,,,4
52-p-sk-l55_x2-training,52,52-p-sk-l55,,,0,,,,,0,,,0,,,2
52-p-sk-l55_x2-f-a,52,52-p-sk-l55,,,1,,,,,2,,,1,,,2
50-p-sk-l40-c92_x4,50,50-p-sk-l40-c92,,,1,,,,,2,,,1,,,4
50-gs-sk-l40-c92_x8,50,50-gs-sk-l40-c92,,,2,,,,,4,,,2,,,8
50-gs-sk-l40-c92_x2-sides,50,50-gs-sk-l40-c92,,,0,,,,,1,,,0,,,2
47-p-yamanouchi-mk1_x8-azuma,47,47-p-yamanouchi-mk1,,2,2,2,3,4,4,3,3,2,2,2,0,8
47-p-yamanouchi-mk1_x8-alt,47,47-p-yamanouchi-mk1,,2,1,1,4,4,4,4,4,1,1,2,0,8
47-p-yamanouchi-mk1_x8,47,47-p-yamanouchi-mk1,,4,2,2,3,4,4,4,3,2,2,4,0,8
47-p-yamanouchi-mk1_x6-sides,47,47-p-yamanouchi-mk1,,,0,,,,,3,,,0,,0,6
47-p-yamanouchi-mk1_x6,47,47-p-yamanouchi-mk1,,2,2,3,3,3,3,3,3,3,2,2,0,6
47-p-yamanouchi-mk1_x5,47,47-p-yamanouchi-mk1,,,3,,,,,3,,,2,,0,5
47-p-yamanouchi-mk1_x4-sides,47,47-p-yamanouchi-mk1,,0,0,0,2,2,2,2,2,0,0,0,0,4
47-p-yamanouchi-mk1_x4-azuma,47,47-p-yamanouchi-mk1,,2,2,1,1,2,2,2,1,1,2,2,0,4
47-p-yamanouchi-mk1_x4-allround,47,47-p-yamanouchi-mk1,,,2,,,,,2,,,2,,0,4
47-p-yamanouchi-mk1_x4,47,47-p-yamanouchi-mk1,,2,1,1,2,2,2,2,2,1,1,2,0,4
47-p-v1908_x4,47,47-p-v1908,,,2,,,,,2,,,1,,,4
47-p-v1908_x2,47,47-p-v1908,,,0,,,,,1,,,0,,,2
47-p-sfk-l44_x7,47,47-p-sfk-l44,,,2,,,,,4,,,1,,0,7
47-p-sfk-l44_x6,47,47-p-sfk-l44,,,2,,,,,3,,,2,,0,6
47-p-sfk-l44_x4,47,47-p-sfk-l44,,2,1,1,1,2,2,2,1,1,1,2,0,4
47-p-sfk-l44_x2-sides,47,47-p-sfk-l44,,,0,,,,,1,,,0,,0,2
47-p-sfk-l33_x4-mast,47,47-p-sfk-l33,,,1,,,,,2,,,1,,0,2
47-p-sfk-l33_x2-mast,47,47-p-sfk-l33,,,1,,,,,1,,,1,,0,2
47-p-sfk-l33_x2-fore,47,47-p-sfk-l33,,,1,,,,,1,,,0,,0,2
47-p-sfk-l33_x2-aft,47,47-p-sfk-l33,,,0,,,,,1,,,2,,0,2
47-p-revolver-m1885_x14,47,47-p-revolver-m1885,,,1,,,,,7,,,1,,0,14
47-p-revolver-m1885_x6,47,47-p-revolver-m1885,,,1,,,,,3,,,1,,0,6
47-p-revolver-m1885_x4,47,47-p-revolver-m1885,,2,1,1,2,2,2,2,2,1,1,2,0,4
47-p-revolver-m1885_x1,47,47-p-revolver-m1885,,,0,,,,,0,,,1,,0,1
47-p-mk1-gatling_x4,47,47-p-mk1-gatling,,2,1,1,2,2,2,2,2,1,1,2,0,2
47-p-mk1-gatling_x2,47,47-p-mk1-gatling,,0,0,0,1,1,1,1,1,0,0,0,0,2
47-p-mk1_x14,47,47-p-mk1,,9,7,7,7,6,7,5,4,3,3,5,0,14
47-p-mk1_x12-vir,47,47-p-mk1,,4,2,2,4,4,6,3,3,3,3,6,0,12
47-p-mk1_x12_mast,47,47-p-mk1,,,4,,,,,5,,,3,,0,12
47-p-mk1_x12,47,47-p-mk1,,0,0,0,2,5,6,6,4,4,2,6,0,12
47-p-mk1_x10-alt,47,47-p-mk1,,5,3,3,4,5,6,5,4,3,3,5,0,10
47-p-mk1_x10,47,47-p-mk1,,0,0,0,2,5,5,5,4,4,2,6,0,10
47-p-mk1_x8,47,47-p-mk1,,4,2,2,2,2,4,2,2,2,2,4,0,8
47-p-mk1_x6,47,47-p-mk1,,0,0,0,1,3,3,3,3,2,1,4,0,6
47-p-mk1_x4-alt,47,47-p-mk1,,0,0,0,1,2,2,2,2,1,0,2,0,4
47-p-mk1_x4,47,47-p-mk1,,0,0,0,1,2,2,2,1,0,0,0,0,4
47-p-markiv-ha_x3-empress,47,47-p-markiv-ha,,,2,,,,,2,,,0,,,3
47-p-markiv-ha_x2-fantail,47,47-p-markiv-ha,,0,0,0,1,1,2,1,2,2,2,2,2,2
47-p-markiv-ha_x2-aft,47,47-p-markiv-ha,,,0,,,,,1,,,2,,2,2
47-p-markiv-ha_x1-fantail,47,47-p-markiv-ha,,0,0,0,1,1,1,1,1,1,1,1,1,1
47-p-markiii-ha_x2-turret-mid,47,47-p-markiii-ha,,2,0,1,1,1,1,1,1,1,0,2,1,2
47-p-markiii-ha_x2-turret,47,47-p-markiii-ha,,1,1,1,2,2,2,2,2,1,1,1,2,2
47-p-markiii-ha_x2-empress,47,47-p-markiii-ha,,,2,,,,,1.5,,,2,,2,2
47-p-markiii-ha_x2-aft,47,47-p-markiii-ha,,,0,,,,,1,,,2,,2,2
47-p-markiii-ha_x2,47,47-p-markiii-ha,,,1,,,,,1,,,1,,2,2
47-p-markiii-ha_x1-aft,47,47-p-markiii-ha,,,0,,,,,1,,,1,,1,1
47-p-marki-la_x18,47,47-p-marki-la,,,4,,,,,7,,,5,,0,18
47-p-marki-la_x14,47,47-p-marki-la,,9,7,7,7,6,7,5,4,3,3,5,0,14
47-p-marki-la_x12,47,47-p-marki-la,,,3,,,,,6,,,3,,0,12
47-p-marki-la_x10,47,47-p-marki-la,,5,3,3,4,5,6,5,4,3,3,5,0,10
47-p-marki-la_x4-wey,47,47-p-marki-la,,,0,,,,,2,,,3,,0,4
47-p-marki-la_x4-turret,47,47-p-marki-la,,2,2,2,2,2,2,2,2,2,2,2,0,4
47-p-marki-la_x4-leander,47,47-p-marki-la,,,0,,,,,2,,,2,,0,4
47-p-marki-la_x4-edinburgh,47,47-p-marki-la,,,0,,,,,2,,,1,,0,4
47-p-marki-la_x4-boadicea,47,47-p-marki-la,,,1,,,,,2,,,2,,0,4
47-p-marki-la_x4,47,47-p-marki-la,,,3,,,,,3,,,1,,0,4
47-p-marki-la_x2-turret,47,47-p-marki-la,,1,1,1,2,2,2,2,2,1,1,1,0,2
47-p-marki-la_x2-mast,47,47-p-marki-la,,,1,,,,,1,,,1,,0,2
47-p-marki-la_x2-aft,47,47-p-marki-la,,0,0,0,,,1,1,1,1,1,2,0,2
47-p-marki-la_x2,47,47-p-marki-la,,,0,,,,,1,,,0,,0,2
47-p-marki_x26,47,47-p-marki,,13,7,8,8,10,14,10,8,8,7,13,0,26
47-p-marki_x24,47,47-p-marki,,13,7,8,7,9,13,9,7,8,7,13,0,24
47-p-marki_x16,47,47-p-marki,,8,4,4,4,5,8,5,4,4,4,8,0,24
47-p-marki_x22,47,47-p-marki,,,10,,,,,10,,,7,,0,22
47-p-marki_x20-alt,47,47-p-marki,,11,6,7,6,8,11,7,6,7,6,11,0,20
47-p-marki_x20,47,47-p-marki,,,3,,,,,8,,,4,,0,20
47-p-marki_x18-alt,47,47-p-marki,,,2,,,,,10,,,1,,0,18
47-p-marki_x16-mast,47,47-p-marki,,,4,,,,,4,,,4,,0,16
47-p-marki_x16-blake,47,47-p-marki,,,5,,,,,7,,,5,,0,16
47-p-marki_x14-nelson,47,47-p-marki,,4,4,3,5,7,7,7,5,3,4,4,0,14
47-p-marki_x14-alt,47,47-p-marki,,,2,,,,,8,,,1,,0,14
47-p-marki_x12-turret,47,47-p-marki,,,5,,,,,6,,,3,,0,12
47-p-marki_x12-renown,47,47-p-marki,,,3,3,3,5,,5,3,3,3,,0,12
47-p-marki_x12-mast-alt-2,47,47-p-marki,,,2,2,6,6,,6,5,2,2,,0,12
47-p-marki_x12-mast-alt,47,47-p-marki,,,2,,,,,3,,,2,,0,12
47-p-marki_x12-mast,47,47-p-marki,,,2,,,,,4,,,2,,0,12
47-p-marki_x12-barfleur,47,47-p-marki,,,4,,,,,4,,,4,,0,12
47-p-marki_x12,47,47-p-marki,,,3,,,,,3,,,3,,0,12
47-p-marki_x11,47,47-p-marki,,4,3,4,3,4,4,4,4,4,5,5,0,11
47-p-marki_x10-side,47,47-p-marki,,,0,,,,,5,,,0,,0,10
47-p-marki_x10-mast,47,47-p-marki,,,2,,,,,3,,,2,,0,10
47-p-marki_x10-alt-2,47,47-p-marki,,4,2,2,5,5,5,5,5,2,2,2,0,10
47-p-marki_x10-alt,47,47-p-marki,,,3,,,,,2,,,3,,0,10
47-p-marki_x10,47,47-p-marki,,,3,,,,,3,,,3,,0,10
47-p-marki_x9-mast,47,47-p-marki,,,2,,,,,4,,,2,,0,9
47-p-marki_x9-chicago,47,47-p-marki,,4,0,2,4,4,4,4,3,3,1,5,0,9
47-p-marki_x9,47,47-p-marki,,,4,,,,,4,,,4,,0,9
47-p-marki_x8-turret,47,47-p-marki,,3,3,2,4,5,5,5,4,2,3,3,0,8
47-p-marki_x8-neptune,47,47-p-marki,,3,2,3,3,4,4,4,3,3,2,3,0,8
47-p-marki_x8-mast,47,47-p-marki,,4,1,2,2,2,4,2,2,2,1,4,0,8
47-p-marki_x8-hull-alt,47,47-p-marki,,,0,,,,,4,,,1,,0,8
47-p-marki_x8-hull,47,47-p-marki,,,1,,,,,4,,,1,,0,8
47-p-marki_x8-alt,47,47-p-marki,,4,2,2,4,4,4,4,4,2,2,4,0,8
47-p-marki_x8,47,47-p-marki,,,3,,,,,2,,,3,,0,8
47-p-marki_x7,47,47-p-marki,,,2,,,,,2,,,2,,0,7
47-p-marki_x6-mast,47,47-p-marki,,,1,,,,,2,,,1,,0,6
47-p-marki_x6-hull-alt,47,47-p-marki,,,2,,,,,4,,,2,,0,6
47-p-marki_x6,47,47-p-marki,,2,2,1,2,3,3,3,2,1,2,2,0,6
47-p-marki_x5-edgar,47,47-p-marki,,,2,,,,,2,,,2,,0,5
47-p-marki_x4-turret,47,47-p-marki,,3,3,2,2,3,3,3,2,2,2,3,0,4
47-p-marki_x4-newark,47,47-p-marki,,2,1,1,2,2,2,2,2,1,1,2,0,4
47-p-marki_x4-mast-stack,47,47-p-marki,,2,2,2,2,2,4,2,2,2,2,2,0,4
47-p-marki_x4-mast,47,47-p-marki,,2,2,2,2,2,2,2,2,2,2,2,0,4
47-p-marki_x4-hull,47,47-p-marki,,2,1,1,1,2,2,2,1,1,1,2,0,4
47-p-marki_x4,47,47-p-marki,,,2,,,,,2,,,2,,0,4
47-p-marki_x3-mast,47,47-p-marki,,,1,,,,,1,,,1,,0,3
47-p-marki_x3-hull-alt,47,47-p-marki,,,1,,,,,1,,,2,,0,3
47-p-marki_x3-hull,47,47-p-marki,,,0,,,,,1,,,1,,0,3
47-p-marki_x3,47,47-p-marki,,,0,,,,,2,,,3,,0,3
47-p-marki_x2-turret,47,47-p-marki,,1,1,1,2,2,2,2,2,1,1,1,0,2
47-p-marki_x2-sides,47,47-p-marki,,0,0,0,1,1,1,1,1,0,0,0,0,2
47-p-marki_x2-mast-alt,47,47-p-marki,,,1,,,,,1,,,1,,0,2
47-p-marki_x2-kongo,47,47-p-marki,,,1,,,,,2,,,1,,0,2
47-p-marki_x2-aft,47,47-p-marki,,0,0,0,0,1,1,1,1,1,1,2,0,2
47-p-marki_x2,47,47-p-marki,,,0,,,,,1,,,2,,0,2
47-p-marki_x1-aft,47,47-p-marki,,,0,,,,,1,,,1,,0,1
47-p-m1902-la_x26,47,47-p-m1902-la,,,4,,,,,12,,,3,,,25
47-p-m1902-la_x24-alt,47,47-p-m1902-la,,,5,,,,,12,,,5,,,24
47-p-m1902-la_x24,47,47-p-m1902-la,,,6,,,,,12,,,6,,,24
47-p-m1902-la_x18,47,47-p-m1902-la,,,6,,,,,9,,,3,,,18
47-p-m1902-la_x10-side,47,47-p-m1902-la,,,0,,,,,5,,,0,,,10
47-p-m1902-la_x10,47,47-p-m1902-la,,,2,,,,,5,,,2,,,10
47-p-m1902-la_x8-alt,47,47-p-m1902-la,,,3,,,,,4,,,3,,,8
47-p-m1902-la_x8,47,47-p-m1902-la,,,2,,,,,4,,,2,,,8
47-p-m1902-la_x7,47,47-p-m1902-la,,,3,,,,,6,,,2,,,7
47-p-m1902-la_x5-turret-top,47,47-p-m1902-la,,,2,,,,,5,,,2,,,5
47-p-m1902-la_x4-fore-alt,47,47-p-m1902-la,,,3,,,,,2,,,0,,,4
47-p-m1902-la_x4-fore,47,47-p-m1902-la,,,2,,,,,2,,,0,,,4
47-p-m1902-la_x4,47,47-p-m1902-la,,,1,,,,,2,,,1,,,4
47-p-m1902-la_x2,47,47-p-m1902-la,,,1,,,,,1,,,0,,,2
47-p-m1902-ha_x8,47,47-p-m1902-ha,,,2,,,,,4,,,2,,,8
47-p-m1902-ha_x7,47,47-p-m1902-ha,,,1,,,,,4,,,3,,,7
47-p-m1902-ha_x6,47,47-p-m1902-ha,,,1,,,,,2,,,2,,,6
47-p-m1902-ha_x4-fore,47,47-p-m1902-ha,,,2,,,,,2,,,0,,,4
47-p-m1902-ha_x4-aft,47,47-p-m1902-ha,,,0,,,,,2,,,3,,,4
47-p-m1902-ha_x4,47,47-p-m1902-ha,,,1,,,,,2,,,1,,,4
47-p-m1902-ha_x2-fore,47,47-p-m1902-ha,,,1,,,,,1,,,0,,,2
47-p-m1902-ha_x2-aft,47,47-p-m1902-ha,,,0,,,,,1,,,1,,,2
47-p-m1902-ha_x2,47,47-p-m1902-ha,,,1,,,,,1,,,1,,,2
47-p-m1886_x8,47,47-p-m1886,,2,1,1,3,3,4,4,4,3,4,4,0,8
47-p-m1886_x2,47,47-p-m1886,,0,0,0,1,1,1,1,1,0,0,0,0,2
47-p-m1885_x24,47,47-p-m1885,,,6,,,,,12,,,6,,0,24
47-p-m1885_x22,47,47-p-m1885,,,2,,,,,11,,,3,,0,22
47-p-m1885_x20-alt,47,47-p-m1885,,,2,,,,,10,,,3,,0,20
47-p-m1885_x20,47,47-p-m1885,,,2,,,,,10,,,2,,0,20
47-p-m1885_x18-alt,47,47-p-m1885,,,6,,,,,9,,,3,,0,18
47-p-m1885_x18,47,47-p-m1885,,,4,,,,,7,,,4,,0,18
47-p-m1885_x16-alt,47,47-p-m1885,,,4,,,,,6,,,3,,0,16
47-p-m1885_x16,47,47-p-m1885,,,5,,,,,6,,,4,,0,16
47-p-m1885_x15-mast,47,47-p-m1885,,,3,,,,,4,,,4,,0,15
47-p-m1885_x14-side,47,47-p-m1885,,,1,,,,,7,,,1,,0,14
47-p-m1885_x14-balanced,47,47-p-m1885,,,3,,,,,5,,,4,,0,14
47-p-m1885_x14-alt-2,47,47-p-m1885,,,2,,,,,7,,,3,,0,14
47-p-m1885_x14-alt,47,47-p-m1885,,,3,,,,,7,,,2,,0,14
47-p-m1885_x14,47,47-p-m1885,,,5,,,,,7,,,5,,0,14
47-p-m1885_x14,47,47-p-m1885,,,5,,,,,5,,,4,,0,14
47-p-m1885_x12-mast-alt,47,47-p-m1885,,,3,,,,,4,,,3,,0,12
47-p-m1885_x12-mast,47,47-p-m1885,,,2,,,,,6,,,2,,0,12
47-p-m1885_x12-henry,47,47-p-m1885,,4,4,4,3,6,6,6,3,3,3,,0,12
47-p-m1885_x12-cm,47,47-p-m1885,,,2,,,,,4,,,2,,0,12
47-p-m1885_x12-c,47,47-p-m1885,,,1,,,,,4,,,4,,0,12
47-p-m1885_x12-balanced,47,47-p-m1885,,,3,,,,,4,,,3,,0,12
47-p-m1885_x12-alt-3,47,47-p-m1885,,,5,,,,,6,,,4,,0,12
47-p-m1885_x12-alt-2,47,47-p-m1885,,6,3,3,4,4,6,4,4,3,3,6,0,12
47-p-m1885_x12-alt,47,47-p-m1885,,,5,,,,,6,,,5,,0,12
47-p-m1885_x12,47,47-p-m1885,,,3,,,,,6,,,3,,0,12
47-p-m1885_x12,47,47-p-m1885,,,3,,,,,5,,,2,,0,12
47-p-m1885_x10-milan,47,47-p-m1885,,,2,,,,,5,,,3,,0,10
47-p-m1885_x10-alt-6,47,47-p-m1885,,,4,,,,,5,,,2,,0,10
47-p-m1885_x10-alt-5,47,47-p-m1885,,,4,,,,,4,,,2,,0,10
47-p-m1885_x10-alt-4,47,47-p-m1885,,,4,,,,,5,,,4,,0,10
47-p-m1885_x10-alt-3,47,47-p-m1885,,,5,,,,,6,,,2,,0,10
47-p-m1885_x10-alt-2,47,47-p-m1885,,,1,,,,,5,,,1,,0,10
47-p-m1885_x10-alt,47,47-p-m1885,,,3,,,,,5,,,3,,0,10
47-p-m1885_x10,47,47-p-m1885,,,3,,,,,2,,,3,,0,10
47-p-m1885_x9-mast,47,47-p-m1885,,,3,,,,,2,,,2,,0,9
47-p-m1885_x9,47,47-p-m1885,,,2,,,,,5,,,2,,0,9
47-p-m1885_x9,47,47-p-m1885,,,5,,,,,4,,,2,,0,9
47-p-m1885_x8-wings,47,47-p-m1885,,,1,,,,,4,,,1,,0,8
47-p-m1885_x8-mast,47,47-p-m1885,,,2,,,,,2,,,2,,0,8
47-p-m1885_x8-alt-2,47,47-p-m1885,,4,2,2,3,3,4,3,3,2,2,4,0,8
47-p-m1885_x8-alt,47,47-p-m1885,,,3,,,,,5,,,2,,0,8
47-p-m1885_x8,47,47-p-m1885,,,3,,,,,4,,,3,,0,8
47-p-m1885_x8,47,47-p-m1885,,,1,,,,,4,,,1,,0,8
47-p-m1885_x7,47,47-p-m1885,,,2,,,,,4,,,3,,0,7
47-p-m1885_x7,47,47-p-m1885,,,1,,,,,3,,,2,,0,7
47-p-m1885_x6-turret-top,47,47-p-m1885,,,2,,,,,4,,,2,,0,6
47-p-m1885_x6-alt-2,47,47-p-m1885,,4,2,2,3,3,4,3,3,2,3,,0,6
47-p-m1885_x6-alt,47,47-p-m1885,,,3,,,,,3,,,1,,0,6
47-p-m1885_x6,47,47-p-m1885,,,1,,,,,3,,,1,,0,6
47-p-m1885_x6,47,47-p-m1885,,,1,,,,,3,,,1,,0,6
47-p-m1885_x5-spit,47,47-p-m1885,,,2,,,,,1,,,1,,0,5
47-p-m1885_x5,47,47-p-m1885,,,2,,,,,3,,,2,,0,5
47-p-m1885_x4-split,47,47-p-m1885,,,1,,,,,1,,,1,,0,4
47-p-m1885_x4-side,47,47-p-m1885,,,0,,,,,2,,,0,,0,4
47-p-m1885_x4-alt,47,47-p-m1885,,,2,,,,,2,,,2,,0,4
47-p-m1885_x4,47,47-p-m1885,,,1,,,,,2,,,1,,0,4
47-p-m1885_x4,47,47-p-m1885,,,1,,,,,2,,,1,,0,4
47-p-m1885_x3,47,47-p-m1885,,,2,,,,,2,,,1,,0,3
47-p-m1885_x2-side,47,47-p-m1885,,0,0,0,1,1,1,1,1,0,0,0,0,2
47-p-m1885_x2-fore-2,47,47-p-m1885,,,1,,,,,1,,,0,,0,2
47-p-m1885_x2-fore,47,47-p-m1885,,,2,,,,,1,,,0,,0,2
47-p-m1885_x2,47,47-p-m1885,,,1,,,,,1,,,1,,0,2
47-p-m1885_x1,47,47-p-m1885,,,0,,,,,1,,,1,,0,1
47-p-h_x6-alt,47,47-p-h,,,3,,,,,4,,,3,,0,6
47-p-h_x6,47,47-p-h,,,3,,,,,3,,,3,,0,6
47-p-h_x2-side,47,47-p-h,,,0,,,,,1,,,0,,0,2
47-p-d-s_x12-st-louis,47,47-p-d-s,,6,4,3,5,6,6,6,4,3,4,6,0,12
47-p-d-s_x12,47,47-p-d-s,,,2,,,,,4,,,2,,0,12
47-p-d-s_x8-st-louis-2,47,47-p-d-s,,2,2,1,3,4,4,4,3,2,4,4,0,8
47-p-d-s_x8-st-louis,47,47-p-d-s,,4,4,2,3,4,4,4,3,2,4,4,0,8
47-p-d-s_x8,47,47-p-d-s,,,3,,,,,4,,,3,,0,8
47-p-d-s_x4-mast,47,47-p-d-s,,,1,,,,,2,,,1,,0,4
47-p-d-s_x4-hull,47,47-p-d-s,,,1,,,,,2,,,1,,0,4
47-p-d-s_x4,47,47-p-d-s,,,2,,,,,2,,,2,,0,4
47-p-d-s_x2-sides,47,47-p-d-s,,,0,,,,,1,,,0,,0,2
47-p-d-s_x2-mast-alt,47,47-p-d-s,,,1,,,,,1,,,1,,0,2
47-p-aa_x2-aft,47,47-p-aa,,0,0,0,1,1,1,1,1,2,2,2,2,2
47-p-aa_x2,47,47-p-aa,,0,0,0,1,1,1,1,1,2,2,2,2,2
47-p-aa_x1-turret,47,47-p-aa,,,0,,,,,1,,,0,,,1
47-p-1_x24,47,47-p-1,,,2,,,,,6,,,4,,0,20
47-p-1_x20-rossia,47,47-p-1,,6,3,4,4,9,10,10,3,2,2,4,0,20
47-p-1_x20-mast-alt,47,47-p-1,,6,4,3,7,8,10,8,8,6,6,8,0,20
47-p-1_x20-mast,47,47-p-1,,,4,,,,,8,,,5,,0,20
47-p-1_x20-hull-2,47,47-p-1,,,2,,,,,9,,,3,,0,20
47-p-1_x20,47,47-p-1,,8,5,4,8,10,10,10,8,4,5,8,0,20
47-p-1_x16-hull,47,47-p-1,,4,1,3,5,6,8,7,6,5,5,6,0,16
47-p-1_x16,47,47-p-1,,,4,,,,,8,,,2,,0,16
47-p-1_x12-alt-4,47,47-p-1,,2,1,1,3,6,6,6,3,1,1,2,0,12
47-p-1_x12-alt-3,47,47-p-1,,,3,,,,,6,,,2,,0,12
47-p-1_x12-alt,47,47-p-1,,,2,,,,,6,,,2,,0,12
47-p-1_x12,47,47-p-1,,,1,,,,,6,,,1,,0,12
47-p-1_x10-aft,47,47-p-1,,,0,,,,,4,,,2,,0,10
47-p-1_x10,47,47-p-1,,,1,,,,,5,,,3,,0,10
47-p-1_x8-hull-3,47,47-p-1,,,1,,,,,4,,,3,,0,8
47-p-1_x8-hull-2,47,47-p-1,,,3,,,,,4,,,3,,0,8
47-p-1_x8-hull,47,47-p-1,,,1,,,,,4,,,1,,0,8
47-p-1_x8-borodino,47,47-p-1,,2,1,1,4,4,4,4,4,0,0,0,0,8
47-p-1_x8-andrei,47,47-p-1,,4,4,4,3,3,4,3,3,4,4,4,0,8
47-p-1_x8,47,47-p-1,,,2,,,,,4,,,2,,0,8
47-p-1_x7,47,47-p-1,,,2,,,,,4,,,2,,0,7
47-p-1_x6-pamiat,47,47-p-1,,4,2,2,3,3,3,3,2,1,1,2,0,6
47-p-1_x6-mast,47,47-p-1,,3,2,2,2,2,3,2,2,2,2,3,0,6
47-p-1_x6-hull-5,47,47-p-1,,,1,,,,,3,,,1,,0,6
47-p-1_x6-hull-3,47,47-p-1,,,2,2,2,3,3,3,2,1,1,2,0,6
47-p-1_x6-hull-2,47,47-p-1,,2,2,1,2,2,2,2,1,1,2,2,0,6
47-p-1_x6-hull,47,47-p-1,,,1,,,,,3,,,2,,0,6
47-p-1_x6,47,47-p-1,,,2,,,,,2,,,1,,0,6
47-p-1_x4-sides,47,47-p-1,,,0,,,,,2,,,0,,0,4
47-p-1_x4-rurik,47,47-p-1,,2,2,1,2,2,2,2,1,0,0,0,0,4
47-p-1_x4-hull,47,47-p-1,,,2,,,,,2,,,2,,0,4
47-p-1_x4-aft,47,47-p-1,,,0,,,,,2,,,2,,0,4
47-p-1_x4,47,47-p-1,,,1,,,,,2,,,1,,0,4
47-p-1_x2-fore,47,47-p-1,,2,2,1,1,1,1,1,0,0,0,0,0,2
47-p-1_x2-aft,47,47-p-1,,0,0,0,0,0,0,0,0,1,2,2,0,2
47-p-1_x2,47,47-p-1,,,1,,,,,1,,,0,,0,2
47-gs-marki_x22,47,47-gs-marki,,,5,,,,,11,,,3,,0,22
47-gs-marki_x14-hull,47,47-gs-marki,,4,2,2,6,7,7,7,6,1,1,2,0,14
47-gs-marki_x13,47,47-gs-marki,,4,4,4,6,7,8,6,5,4,4,4,0,13
47-gs-marki_x10-suma,47,47-gs-marki,,,1,,,,,5,,,1,,0,10
47-gs-marki_x10,47,47-gs-marki,,,3,,,,,5,,,3,,0,10
47-gs-marki_x8-saien,47,47-gs-marki,,4,2,2,2,2,4,2,2,2,2,4,0,8
47-gs-marki_x8-miyako,47,47-gs-marki,,,2,,,,,4,,,1,,0,8
47-gs-marki_x8,47,47-gs-marki,,,3,,,,,4,,,3,,0,8
47-gs-marki_x6-sides-alt,47,47-gs-marki,,,1,,,,,3,,,1,,0,6
47-gs-marki_x6-f-a,47,47-gs-marki,,,3,,,,,2,,,3,,0,6
47-gs-marki_x6,47,47-gs-marki,,,1,,,,,3,,,1,,0,6
47-gs-marki_x5-oshima,47,47-gs-marki,,,2,,,,,3,,,2,,0,5
47-gs-marki_x4-tatsuta,47,47-gs-marki,,,1,,,,,2,,,0,,0,4
47-gs-marki_x2-fore,47,47-gs-marki,,2,1,1,1,1,1,1,0,0,0,0,0,2
47-gs-marki_x2-f-a,47,47-gs-marki,,,1,,,,,2,,,1,,0,2
47-gs-marki_x2-aft,47,47-gs-marki,,0,0,0,0,1,1,1,1,1,1,1,0,2
47-gs-marki_x2,47,47-gs-marki,,,0,,,,,1,,,0,,0,2
45-cp-21k_x9,45,45-cp-21k,,,1,,,,,5,,,3,,,9
45-cp-21k_x6-turret,45,45-cp-21k,,,0,,,,,6,,,0,,,6
45-cp-21k_x6-fore,45,45-cp-21k,,,3,,,,,4,,,3,,,6
45-cp-21k_x6,45,45-cp-21k,,,1,,,,,3,,,0,,,6
45-cp-21k_x4-turret,45,45-cp-21k,,,0,,,,,4,,,0,,,4
45-cp-21k_x4-sides,45,45-cp-21k,,,0,,,,,2,,,0,,,4
45-cp-21k_x4,45,45-cp-21k,,,1,,,,,2,,,2,,,4
45-cp-21k_x3-fore,45,45-cp-21k,,,3,,,,,2,,,0,,,3
45-cp-21k_x2-aft,45,45-cp-21k,,,0,,,,,1,,,2,,,2
45-ag-sm-20-zif_x6-alt,45,45-ag-sm-20-zif,,,2,,,,,4,,,3,,,6
45-ag-sm-20-zif_x6,45,45-ag-sm-20-zif,,,2,,,,,4,,,2,,,6
40-ta-staag-markii_x11-centaur,40,40-ta-staag-markii,,,0,,,,,5,,,2,,,11
40-ta-staag-markii_x3,40,40-ta-staag-markii,,,1,,,,,2,,,1,,,3
40-ta-staag-markii_x1,40,40-ta-staag-markii,,,1,,,,,1,,,0,,,1
40-t-mk3_x8-suffren,40,40-t-mk3,,,2,,,,,4,,,5,,,6
40-t-mk3_x8,40,40-t-mk3,,,4,,,,,5,,,4,,,6
40-t-mk3_x6,40,40-t-mk3,,,2,,,,,3,,,3,,,6
40-t-mk3_x3-sims,40,40-t-mk3,,2,0,1,2,2,2,2,1.5,1,0,2,3,3
40-t-mk3_x2-gearing,40,40-t-mk3,,0,0,0,1,1,1,1,2,2,2,2,2,2
40-t-mk3_x2-fore,40,40-t-mk3,,,2,,,,,1,,,1,,,2
40-t-mk3_x2-allen-m-sumner,40,40-t-mk3,,2,0,1,1,1,1,1,2,2,2,2,2,2
40-t-mk3_x2-aft,40,40-t-mk3,,,0,,,,,1,,,2,,,2
40-t-mk3_x1-fore,40,40-t-mk3,,,1,,,,,1,,,0,,,1
40-t-mk2_x23-lexington,40,40-t-mk2,,,2,,,,,15,,,1,,,23
40-t-mk2_x21,40,40-t-mk2,,,4,,,,,10,,,3,,,21
40-t-mk2_x20,40,40-t-mk2,,9,6,8,9,11,11,11,10,8,8,13,12,20
40-t-mk2_x19-midway,40,40-t-mk2,,,2,,,,,9.5,,,3,,,19
40-t-mk2_x19,40,40-t-mk2,,8,4,5,8,10,10,10,10,7,5,11,11,19
40-t-mk2_x18-ticonderoga,40,40-t-mk2,,,5,,,,,9.5,,,7,,,18
40-t-mk2_x18-sd,40,40-t-mk2,,,6,5,8,10,10,10,11,8,8,,13,18
40-t-mk2_x18,40,40-t-mk2,,7,6,7,8,10,10,10,9,7,8,13,11,18
40-t-mk2_x17-sd,40,40-t-mk2,,,6,5,8,10,10,10,11,6,6,,12,17
40-t-mk2_x17-essex,40,40-t-mk2,,,4,,,,,9,,,6.5,,,17
40-t-mk2_x16-sd-2,40,40-t-mk2,,,6,,,,,10,,,6,,,16
40-t-mk2_x16-sd,40,40-t-mk2,,,5,4,7,9,9,9,10,6,6,,11,16
40-t-mk2_x16-essex,40,40-t-mk2,,,3,,,,,8.5,,,5.5,,,16
40-t-mk2_x16-boxer,40,40-t-mk2,,,3,,,,,8.5,,,5,,,16
40-t-mk2_x16,40,40-t-mk2,,7,4,5,6,9,9,9,9,6,6,11,9,16
40-t-mk2_x15-sd,40,40-t-mk2,,,3,2,7,8,8,8,10,6,7,,8,15
40-t-mk2_x15-princeton,40,40-t-mk2,,,3.5,,,,,8,,,5.5,,,15
40-t-mk2_x15-nc,40,40-t-mk2,,,4,3,7,8,8,8,9,5,5,,9,15
40-t-mk2_x15,40,40-t-mk2,,6,2,4,5,8,8,8,8,7,3,9,8,15
40-t-mk2_x14-tenn,40,40-t-mk2,,7,4,4,7,8,8,8,6,4,4,7,8,14
40-t-mk2_x14-r,40,40-t-mk2,,,3,,,,,7,,,4,,,14
40-t-mk2_x14-alaska,40,40-t-mk2,,,4,5,7,8,8,8,7,6,5,,10,14
40-t-mk2_x14,40,40-t-mk2,,,4,3,6,7,7,7,8,4,4,,8,14
40-t-mk2_x13-princeton,40,40-t-mk2,,,1.5,,,,,7.5,,,5.5,,,13
40-t-mk2_x13-nc,40,40-t-mk2,,,3,2,6,7,,7,8,5,5,,8,13
40-t-mk2_x13-col,40,40-t-mk2,,7,4,4,5,7,7,6,4.5,4,4,6,7,13
40-t-mk2_x13-bh,40,40-t-mk2,,,3,,,,,7,,,4,,,13
40-t-mk2_x13,40,40-t-mk2,,,2,,,,,7,,,7,,,13
40-t-mk2_x12-sd-3,40,40-t-mk2,,,4,4,5,7,7,7,7,6,6,,8,12
40-t-mk2_x12-sd-2,40,40-t-mk2,,,3,3,5,7,7,7,7,5,5,,8,12
40-t-mk2_x12-sd,40,40-t-mk2,,,3,3,4,6,6,6,6,4,4,,7,12
40-t-mk2_x12-nm,40,40-t-mk2,,5,4,3,4.5,6,7,7,6,4,4,5,7,12
40-t-mk2_x12-bh,40,40-t-mk2,,,4,,,,,7,,,6,,,12
40-t-mk2_x11-ticonderoga,40,40-t-mk2,,,3.5,,,,,6,,,4.5,,,11
40-t-mk2_x11-pitts,40,40-t-mk2,,,4,,,,,5,,,3,,,11
40-t-mk2_x11-essex,40,40-t-mk2,,,2.5,,,,,6,,,5,,,11
40-t-mk2_x11-boxer,40,40-t-mk2,,,3.5,,,,,6,,,4.5,,,11
40-t-mk2_x8-ny,40,40-t-mk2,,4,4,3,2.5,3,3,2,2,1,1,2,3,10
40-t-mk2_x10-ticonderoga,40,40-t-mk2,,,4,,,,,5.5,,,4,,,10
40-t-mk2_x10-tenn-2,40,40-t-mk2,,5,3,3,5.5,6,6,5,4,4,4.5,5,6,10
40-t-mk2_x10-tenn,40,40-t-mk2,,5,4,4,5.5,6,6,5,4,4,4,5,6,10
40-t-mk2_x10-sd,40,40-t-mk2,,,3,3,4,6,6,6,6,4,4,,7,10
40-t-mk2_x10-penn,40,40-t-mk2,,4,3,2,5,5,5,5,4,3,4,6,5,10
40-t-mk2_x10-ny,40,40-t-mk2,,4,4,2,3.5,5,5,5,4.5,4,3,6,6,10
40-t-mk2_x10-nm-2,40,40-t-mk2,,10,4,6,5,5,5,5,4.5,4,4,4,5,10
40-t-mk2_x10-nm,40,40-t-mk2,,4,3,3,5,5,5,5,4.5,3,5,6,5,10
40-t-mk2_x10-essex,40,40-t-mk2,,,3.5,,,,,6,,,4,,,10
40-t-mk2_x10-enterprise,40,40-t-mk2,,,3,,,,,6.5,,,1.5,,,10
40-t-mk2_x10-col,40,40-t-mk2,,5,3,3,5,6,6,6,4,4,5,5,6,10
40-t-mk2_x10-bh,40,40-t-mk2,,,2.5,,,,,5.5,,,4.5,,,10
40-t-mk2_x10,40,40-t-mk2,,,2,2,4,5,5,5,6,3,3,,6,10
40-t-mk2_x9-ticonderoga,40,40-t-mk2,,,1.5,,,,,5.5,,,4.5,,,9
40-t-mk2_x9-lexington,40,40-t-mk2,,,1,,,,,5,,,1,,,9
40-t-mk2_x9-boxer,40,40-t-mk2,,,1.5,,,,,5.5,,,4.5,,,9
40-t-mk2_x9-wyo,40,40-t-mk2,,2,2,2,4.5,5,5,5,4.5,4,5,7,5,8
40-t-mk2_x8-wyo,40,40-t-mk2,,2,2,2,4,4,4,4,3.5,3,4,6,4,8
40-t-mk2_x8-ticonderoga,40,40-t-mk2,,,2,,,,,5,,,4,,,8
40-t-mk2_x8-nev-alt,40,40-t-mk2,,5,3,3,4,5,5,5,3,3,4,5,6,8
40-t-mk2_x8-nev,40,40-t-mk2,,5,3,3,4,5,5,5,3,3,3,5,5,8
40-t-mk2_x8-macon,40,40-t-mk2,,,2,,,,,3,,,3,,,8
40-t-mk2_x8-essex,40,40-t-mk2,,,3.5,,,,,5,,,3.5,,,8
40-t-mk2_x8-col,40,40-t-mk2,,2,2,1,2.5,4,4,4,4,3,3,6,4,8
40-t-mk2_x7-randolph,40,40-t-mk2,,,1,,,,,4.5,,,4,,,7
40-t-mk2_x7-pen,40,40-t-mk2,,,3,,,,,4,,,3,,,7
40-t-mk2_x7-boxer,40,40-t-mk2,,,1.5,,,,,4.5,,,4.5,,,7
40-t-mk2_x6-sd,40,40-t-mk2,,,1,1,2,3,3,3,4,3,3,,4,6
40-t-mk2_x6-ranger,40,40-t-mk2,,,4,,,,,4,,,2,,,6
40-t-mk2_x6-port,40,40-t-mk2,,,1,,,,,3,,,4,,,6
40-t-mk2_x6-pen,40,40-t-mk2,,4,2,2,3,3,3,3,3,2,2,4,3,6
40-t-mk2_x6-no,40,40-t-mk2,,,1,,,,,3,,,4,,,6
40-t-mk2_x6-la-gal,40,40-t-mk2,,,2,,,,,3,,,4,,,6
40-t-mk2_x6-juneau,40,40-t-mk2,,,1,,,,,4,,,2,,,6
40-t-mk2_x6-fargo,40,40-t-mk2,,,3,,,,,3,,,2,,,6
40-t-mk2_x6-enterprise,40,40-t-mk2,,,2,,,,,4.5,,,1.5,,,6
40-t-mk2_x6-col,40,40-t-mk2,,2,1,1,2,3,3,3,2.5,2,1,4,3,6
40-t-mk2_x6-balt,40,40-t-mk2,,,1,,,,,3,,,1,,,6
40-t-mk2_x6,40,40-t-mk2,,,1,,,,,3,,,3,,,6
40-t-mk2_x5-saipan,40,40-t-mk2,,,2,,,,,1.5,,,2,,,5
40-t-mk2_x5-nh,40,40-t-mk2,,,2,,,,,3,,,3,,,5
40-t-mk2_x5-curtis,40,40-t-mk2,,,2,,,,,3,,,1,,,5
40-t-mk2_x4-wich,40,40-t-mk2,,,2,,,,,2,,,2,,,4
40-t-mk2_x4-st-louis,40,40-t-mk2,,,0,,,,,2,,,3,,,4
40-t-mk2_x4-sd,40,40-t-mk2,,,2,1,1,2,2,2,2,2,2,,3,4
40-t-mk2_x4-san-giorgio,40,40-t-mk2,,,1,,,,,2.5,,,3,,,4
40-t-mk2_x4-port,40,40-t-mk2,,,1,,,,,2,,,2,,,4
40-t-mk2_x4-enterprise,40,40-t-mk2,,,2,,,,,3.5,,,1.5,,,4
40-t-mk2_x4-emile,40,40-t-mk2,,,2,,,,,2,,,3,,,4
40-t-mk2_x4-denver,40,40-t-mk2,,,1,,,,,2,,,0,,,4
40-t-mk2_x4-curtis,40,40-t-mk2,,,2,,,,,2.5,,,2,,,4
40-t-mk2_x4-atlanta,40,40-t-mk2,,,0,,,,,3,,,3,,,4
40-t-mk2_x4-a-ps,40,40-t-mk2,,0,0,0,2,2,2,2,2,2,4,4,2,4
40-t-mk2_x3-saipan,40,40-t-mk2,,,0,,,,,1,,,2,,,3
40-t-mk2_x3-porter-2,40,40-t-mk2,,,1,1,2,2,2,2,2,1,1,,3,3
40-t-mk2_x3-porter,40,40-t-mk2,,,1,1,2,2,2,2,3,1,1,,3,3
40-t-mk2_x3-currituck-alt,40,40-t-mk2,,,2,,,,,3,,,1,,,3
40-t-mk2_x3-currituck,40,40-t-mk2,,,1,,,,,2,,,2,,,3
40-t-mk2_x3-commencement-bay,40,40-t-mk2,,,1,,,,,2,,,2,,,3
40-t-mk2_x3-allen-m-sumner-2,40,40-t-mk2,,0,0,0,2,2,2,2,2,2,2,,3,3
40-t-mk2_x3-allen-m-sumner,40,40-t-mk2,,0,0,0,1,2,2,2,2,1.5,1.5,,3,3
40-t-mk2_x2-sides,40,40-t-mk2,,,0,,,,,1,,,0,,,2
40-t-mk2_x2-no,40,40-t-mk2,,,0,,,,,1,,,2,,,2
40-t-mk2_x2-mahan,40,40-t-mk2,,0,0,0,1,1,1,1,2,2,2,2,2,2
40-t-mk2_x2-laffey,40,40-t-mk2,,0,0,0,1,1,1,1,1,1,1,2,2,2
40-t-mk2_x2-gearing,40,40-t-mk2,,0,0,0,1,1.5,1.5,1.5,1.5,1.5,1.5,2,2,2
40-t-mk2_x2-fletcher,40,40-t-mk2,,2,0,1,1,1,1,1,1,1,1,,1,2
40-t-mk2_x2-f-ps,40,40-t-mk2,,,1,,,,,1,,,0,,2,2
40-t-mk2_x2-f-a-2,40,40-t-mk2,,,1,,,,,2,,,1,,2,2
40-t-mk2_x2-f-a,40,40-t-mk2,,,1,,,,,1,,,1,,2,2
40-t-mk2_x2-currituck,40,40-t-mk2,,,1,,,,,2,,,1,,2,2
40-t-mk2_x2-brooklyn,40,40-t-mk2,,,0,,,,,1,,,2,,2,2
40-t-mk2_x2-allen-m-sumner-2,40,40-t-mk2,,0,0,0,0.5,1.5,1.5,1.5,1.5,1.5,1.5,2,2,2
40-t-mk2_x2-allen-m-sumner,40,40-t-mk2,,0,0,0,1,1,1,1,1,1.5,1.5,2,2,2
40-t-mk2_x2-aft,40,40-t-mk2,,,0,,,,,1,,,2,,2,2
40-t-mk2_x2-a-ps,40,40-t-mk2,,0,0,0,1,1,1,1,1,1,2,2,1,2
40-t-mk2_x1-x,40,40-t-mk2,,0,0,0,0,1,1,1,1,1,1,1,1,1
40-t-mk2_x1-gearing,40,40-t-mk2,,0,0,0,0.5,0.5,0.5,0.5,0.5,0.5,1,1,1,1
40-t-mk2_x1-fore,40,40-t-mk2,,1,1,1,1,1,1,1,,0,0,0,1,1
40-t-mk2_x1-b,40,40-t-mk2,,1,1,1,1,1,1,1,1,0,0,0,1,1
40-t-mk2_x1-aft,40,40-t-mk2,,0,0,0,0,1,1,1,1,1,1,1,1,1
40-t-mk1_x14,40,40-t-mk1,,,1,,,,,7,,,1,,,14
40-t-mk1_x12-commencement-bay,40,40-t-mk1,,,2.5,,,,,7,,,0,,,12
40-t-mk1_x10-sangamon-alt,40,40-t-mk1,,,2,,,,,5,,,3,,,10
40-t-mk1_x10-sangamon,40,40-t-mk1,,,2,,,,,5,,,1,,,10
40-t-mk1_x10-saipan,40,40-t-mk1,,,0,,,,,5,,,0,,,10
40-t-mk1_x10-independence,40,40-t-mk1,,,2,,,,,5,,,3,,,10
40-t-mk1_x10-bogue-alt,40,40-t-mk1,,,4,,,,,6,,,3,,,10
40-t-mk1_x10-bogue,40,40-t-mk1,,,4,,,,,7,,,5,,,10
40-t-mk1_x9-independence,40,40-t-mk1,,,2,,,,,4.5,,,3,,,9
40-t-mk1_x8-sangamon,40,40-t-mk1,,,2,,,,,4,,,1,,,8
40-t-mk1_x8-independence,40,40-t-mk1,,,2,,,,,4,,,3,,,8
40-t-mk1_x8-enterprise,40,40-t-mk1,,,3,,,,,4,,,2,,,8
40-t-mk1_x8-cleveland,40,40-t-mk1,,,3,,,,,4,,,5,,,8
40-t-mk1_x8-casablanca-alt,40,40-t-mk1,,,2,,,,,4,,,1,,,8
40-t-mk1_x8-casablanca,40,40-t-mk1,,,1,,,,,4,,,1,,,8
40-t-mk1_x8-bogue-alt,40,40-t-mk1,,,4,,,,,6,,,4,,,8
40-t-mk1_x8-bogue,40,40-t-mk1,,,2.5,,,,,5,,,3,,,8
40-t-mk1_x5-enterprise,40,40-t-mk1,,,1,,,,,2.5,,,2,,,8
40-t-mk1_x7-sangamon,40,40-t-mk1,,,2,,,,,3.5,,,1,,,7
40-t-mk1_x7-atlanta,40,40-t-mk1,,,1,,,,,4,,,3,,,7
40-t-mk1_x6-st-louis,40,40-t-mk1,,,3,,,,,3,,,3,,,6
40-t-mk1_x6-cleveland-alt-3,40,40-t-mk1,,,2,,,,,3,,,2,,,6
40-t-mk1_x6-cleveland-alt-2,40,40-t-mk1,,,2,,,,,3,,,4,,,6
40-t-mk1_x6-cleveland-alt,40,40-t-mk1,,,3,,,,,3,,,3,,,6
40-t-mk1_x6-cleveland,40,40-t-mk1,,,1,,,,,3,,,1,,,6
40-t-mk1_x6-brooklyn,40,40-t-mk1,,,1,,,,,3,,,3,,,6
40-t-mk1_x6-bogue,40,40-t-mk1,,,4,,,,,4,,,2,,,6
40-t-mk1_x5-omaha,40,40-t-mk1,,,3,,,,,4,,,2,,,5
40-t-mk1_x5-fletcher,40,40-t-mk1,,,2,2,4,4,4,4,4,2,2,,3,5
40-t-mk1_x5-atlanta,40,40-t-mk1,,,1,,,,,3,,,3,,,5
40-t-mk1_x4-wright,40,40-t-mk1,,,1,,,,,2,,,1,,,4
40-t-mk1_x4-wich,40,40-t-mk1,,,1,,,,,3,,,2,,,4
40-t-mk1_x4-tangier,40,40-t-mk1,,,1,,,,,2,,,2,,,4
40-t-mk1_x4-sims,40,40-t-mk1,,2,0,1,2,2,2,2,2,2,1,,3.5,4
40-t-mk1_x4-sangamon,40,40-t-mk1,,,2,,,,,2,,,2,,,4
40-t-mk1_x4-porter,40,40-t-mk1,,4,1,2,3,3,3,3,2,2,2,,3.5,4
40-t-mk1_x4-port,40,40-t-mk1,,,0,,,,,2,,,3,,,4
40-t-mk1_x4-nm,40,40-t-mk1,,4,3,3,2,2,2,2,2,1,2,2,2,4
40-t-mk1_x4-nh,40,40-t-mk1,,,0,,,,,2,,,4,,,4
40-t-mk1_x4-laffey,40,40-t-mk1,,2,0,1,2,2,2,2,2,2,2,,3.5,4
40-t-mk1_x4-juneau,40,40-t-mk1,,,2,,,,,2,,,2,,,4
40-t-mk1_x4-gearing,40,40-t-mk1,,2,0,1,2,2,2,2,2,2,3,,3,4
40-t-mk1_x4-fletcher,40,40-t-mk1,,0,0,0,4,4,4,4,4,2,2,,3,4
40-t-mk1_x4-currituck,40,40-t-mk1,,,3,,,,,2.25,,,2,,,4
40-t-mk1_x4-col,40,40-t-mk1,,2,1,1,2,2,2,2,1.5,1,2,2,2,4
40-t-mk1_x4-cleveland-alt,40,40-t-mk1,,,1,,,,,2,,,1,,,4
40-t-mk1_x4-cleveland-aft,40,40-t-mk1,,,0,,,,,2,,,4,,,4
40-t-mk1_x4-cleveland,40,40-t-mk1,,,1,,,,,2,,,3,,,4
40-t-mk1_x4-brooklyn,40,40-t-mk1,,,1,,,,,2,,,2,,,4
40-t-mk1_x4-bogue,40,40-t-mk1,,,2,,,,,3,,,2,,,4
40-t-mk1_x4-benham,40,40-t-mk1,,0,0,0,2,2,2,2,2,2,2,,4,4
40-t-mk1_x4-bearn,40,40-t-mk1,,,1,,,,,2.5,,,3,,,4
40-t-mk1_x4-barnegat,40,40-t-mk1,,,2,,,,,2,,,1,,,4
40-t-mk1_x4-attacker,40,40-t-mk1,,,2,,,,,2,,,2,,,4
40-t-mk1_x4-aft,40,40-t-mk1,,,0,,,,,2,,,3,,,4
40-t-mk1_x4,40,40-t-mk1,,,1,,,,,2,,,1,,,4
40-t-mk1_x3-somers,40,40-t-mk1,,,1,2,2,2,2,2,1,1,1,,3,3
40-t-mk1_x3-porter,40,40-t-mk1,,,1,2,2,2,2,2,1,1,1,,3,3
40-t-mk1_x3-omaha,40,40-t-mk1,,,1,,,,,3,,,2,,,3
40-t-mk1_x3-fletcher-3,40,40-t-mk1,,2,2,1,2,2,2,2,2,1,1,,2,3
40-t-mk1_x3-fletcher-2,40,40-t-mk1,,0,0,0,3,3,3,3,3,1,1,,2,3
40-t-mk1_x3-fletcher,40,40-t-mk1,,0,0,0,3,3,3,3,3,2,2,,2,3
40-t-mk1_x3-currituck,40,40-t-mk1,,,2,,,,,1.25,,,2,,,3
40-t-mk1_x3-col,40,40-t-mk1,,3,1,2,2,2,2,1,0,0,0,0,2,3
40-t-mk1_x3-atlanta,40,40-t-mk1,,,1,,,,,2,,,2,,,3
40-t-mk1_x2-wing,40,40-t-mk1,,0,0,0,1,1,1,1,1,0,0,0,1,2
40-t-mk1_x2-tangier,40,40-t-mk1,,,1,,,,,1,,,1,,,2
40-t-mk1_x2-sides,40,40-t-mk1,,,0,,,,,1,,,0,,,2
40-t-mk1_x2-san-giorgio,40,40-t-mk1,,,2,,,,,1.5,,,0,,,2
40-t-mk1_x2-porter-3,40,40-t-mk1,,2,0,1,1,1,1,1,1,1,1,2,2,2
40-t-mk1_x2-porter-2,40,40-t-mk1,,0,0,0,1,1,1,1,2,0,0,0,2,2
40-t-mk1_x2-porter,40,40-t-mk1,,0,0,0,1,1,1,1,2,1,1,1,2,2
40-t-mk1_x2-port,40,40-t-mk1,,,0,,,,,1,,,0,,,2
40-t-mk1_x2-mahan-2,40,40-t-mk1,,0,0,0,1,1,1,1,1,0,0,0,2,2
40-t-mk1_x2-mahan,40,40-t-mk1,,0,0,0,1,1,1,1,1.5,2,2,2,2,2
40-t-mk1_x2-laffey,40,40-t-mk1,,2,0,1,1,1,1,1,1,1,0,2,2,2
40-t-mk1_x2-illustrious,40,40-t-mk1,,,0,,,,,1,,,1,,,2
40-t-mk1_x2-gearing,40,40-t-mk1,,2,0,1,1,1,1,1,1,1,0,2,1,2
40-t-mk1_x2-fore,40,40-t-mk1,,2,2,,,,,1,,,0,,,2
40-t-mk1_x2-fletcher-2,40,40-t-mk1,,0,0,0,1,1,1,1,1,1,1,2,1,2
40-t-mk1_x2-fletcher,40,40-t-mk1,,0,0,0,2,2,2,2,2,1,1,2,2,2
40-t-mk1_x2-farragut,40,40-t-mk1,,0,0,0,1,1,1,1,2,2,2,2,2,2
40-t-mk1_x2-f-ps,40,40-t-mk1,,,1,,,,,1,,,0,,,2
40-t-mk1_x2-f-a,40,40-t-mk1,,,1,,,,,2,,,1,,,2
40-t-mk1_x2-currituck,40,40-t-mk1,,,2,,,,,1,,,1,,1,2
40-t-mk1_x2-col,40,40-t-mk1,,2,0,1,1,1,1,1,0,0,0,0,1,2
40-t-mk1_x2-brooklyn,40,40-t-mk1,,,2,,,,,1,,,0,,1,2
40-t-mk1_x2-allen-m-sumner-alt,40,40-t-mk1,,0,0,0,1,1,1,1,1,0,0,0,1,2
40-t-mk1_x2-allen-m-sumner,40,40-t-mk1,,2,0,1,1,1,1,1,1,1,1,2,1,2
40-t-mk1_x2-aft-alt,40,40-t-mk1,,2,0,1,1,1,1,1,2,2,2,2,2,2
40-t-mk1_x2-aft,40,40-t-mk1,,0,0,0,1,1,1,1,2,2,2,2,2,2
40-t-mk1_x2-a-ps,40,40-t-mk1,,,0,,,,,1,,,1,,2,2
40-t-mk1_x1-w,40,40-t-mk1,,0,0,0,1,1,1,1,1,1,1,1,1,1
40-t-mk1_x1-r,40,40-t-mk1,,0,0,0,1,1,1,1,1,0,0,0,1,1
40-t-mk1_x1-port,40,40-t-mk1,,,0,,,,,0.5,,,1,,,1
40-t-mk1_x1-mid,40,40-t-mk1,,,0,,,,,1,,,0,,1,1
40-t-mk1_x1-farragut,40,40-t-mk1,,0,0,0,0,1,1,1,1,1,1,1,1,1
40-t-mk1_x1-f,40,40-t-mk1,,1,1,1,1,1,1,1,1,0,0,0,1,1
40-t-mk1_x1-aft,40,40-t-mk1,,,0,,,,,1,,,1,,1,1
40-p-markii_x8,40,40-p-markii,,,3,,,,,4,,,3,,,8
40-p-markii_x4-kent,40,40-p-markii,,,2,,,,,2,,,1,,,4
40-p-markii_x4-hawkins,40,40-p-markii,,,0,,,,,2,,,4,,,4
40-p-markii_x4-furious,40,40-p-markii,,,1,,,,,2,,,1,,,4
40-p-markii_x4-fore,40,40-p-markii,,,1,,,,,2,,,0,,,4
40-p-markii_x4-fiji,40,40-p-markii,,,2,,,,,2,,,0,,,4
40-p-markii_x4-ceres,40,40-p-markii,,,1,,,,,3,,,3,,,4
40-p-markii_x4-belfast,40,40-p-markii,,,0,,,,,2,,,1,,,4
40-p-markii_x4-athene,40,40-p-markii,,,1.5,,,,,2,,,1,,,4
40-p-markii_x4,40,40-p-markii,,,1,,,,,2,,,2,,,4
40-p-markii_x3-enterprise,40,40-p-markii,,,1,,,,,2,,,2,,,3
40-p-markii_x2-wing-turret,40,40-p-markii,,,1.5,1,1,2,2,2,1,1,1.5,,2,2
40-p-markii_x2-sides,40,40-p-markii,,,1,,,,,1,,,1,,,2
40-p-markii_x2-montgomery-2,40,40-p-markii,,,0,,,,,1,,,1,,,2
40-p-markii_x2-montgomery,40,40-p-markii,,,0,,,,,2,,,2,,,2
40-p-markii_x2-hawkins,40,40-p-markii,,,0,,,,,1,,,2,,,2
40-p-markii_x2-fore,40,40-p-markii,,,1,,,,,2,,,0,,,2
40-p-markii_x2-fantail,40,40-p-markii,,,0,,,,,2,,,2,,,2
40-p-markii_x2-empress,40,40-p-markii,,,2,,,,,1.5,,,2,,,2
40-p-markii_x2-clare,40,40-p-markii,,,0,,,,,2,,,2,,,2
40-p-markii_x2-belmont,40,40-p-markii,,,0,,,,,1,,,2,,,2
40-p-markii_x2-aft-alt,40,40-p-markii,,,0,,,,,1,,,1,,,2
40-p-markii_x2-aft,40,40-p-markii,,,0,,,,,1,,,2,,,2
40-p-markii_x2,40,40-p-markii,,,1,,,,,1,,,1,,,2
40-gs-sak40-350_x10,40,40-gs-sak40-350,,,2..5,,,,,7,,,3,,,10
40-gs-sak40-350_x8,40,40-gs-sak40-350,,,1.5,,,,,5,,,2,,,8
40-gs-sak40-350_x1-fore,40,40-gs-sak40-350,,1,1,1,1,1,1,1,0,0,0,0,1,1
40-cp-vt-1915_x2,40,40-cp-vt-1915,,,1,,,,,1,,,1,,,2
40-cp-v1917_x12,40,40-cp-v1917,,,3,,,,,6,,,3,,,12
40-cp-v1917_x4-trento,40,40-cp-v1917,,,1,,,,,3,,,3,,,4
40-cp-v1917_x4-sides,40,40-cp-v1917,,,0,,,,,2,,,0,,,4
40-cp-v1917_x4-aft,40,40-cp-v1917,,,0,,,,,2,,,2,,,4
40-cp-v1917_x2-sides,40,40-cp-v1917,,,0,,,,,1,,,0,,,2
40-cp-v1917_x2-aft,40,40-cp-v1917,,,0,,,,,1,,,2,,,2
40-cp-v1917_x1-aft,40,40-cp-v1917,,,0,,,,,1,,,1,,,1
40-cp-v1917_x1,40,40-cp-v1917,,,0,,,,,1,,,0,,,1
40-cp-v1914_x2-sides,40,40-cp-v1914,,0,0,0,1,1,1,1,1,0,0,0,1,2
40-cp-v1914_x1-turret,40,40-cp-v1914,,,0,,,,,1,,,0,,1,1
40-cp-v1914_x1-aft,40,40-cp-v1914,,,0,,,,,1,,,1,,1,1
40-cp-toadstool_x10,40,40-cp-toadstool,,,3,,,,,5,,,4,,,10
40-cp-rp50-markvi_x10,40,40-cp-rp50-markvi,,,2,,,,,6,,,5,,,10
40-cp-rp50-markvi_x9,40,40-cp-rp50-markvi,,,2,,,,,5,,,4,,,9
40-cp-rp50-markvi_x8,40,40-cp-rp50-markvi,,,1.5,,,,,5,,,2,,,8
40-cp-rp50-markvi_x7,40,40-cp-rp50-markvi,,,1,,,,,4.5,,,2,,,7
40-cp-rp50-markvi_x6,40,40-cp-rp50-markvi,,,1.5,,,,,3.5,,,1,,,6
40-cp-rp50-markvi_x4,40,40-cp-rp50-markvi,,,0,,,,,2,,,1,,,4
40-cp-rp50-markvi_x2,40,40-cp-rp50-markvi,,,1,,,,,2,,,1,,,2
40-cp-rp50-markvi_x1-port,40,40-cp-rp50-markvi,,,0,,,,,0.5,,,1,,,1
40-cp-rp50-markvi_x1-aft,40,40-cp-rp50-markvi,,,0,,,,,1,,,1,,,1
40-cp-rp-markii_x4-ontario,40,40-cp-rp-markii,,,1,,,,,3,,,1,,,4
40-cp-rp-markii_x4,40,40-cp-rp-markii,,,2,,,,,2,,,1,,,4
40-cp-rp-markii_x3,40,40-cp-rp-markii,,,1,,,,,2,,,1,,,3
40-cp-rp-markii_x2,40,40-cp-rp-markii,,,0,,,,,1,,,1,,,2
40-cp-markxv_x2-fore,40,40-cp-markxv,,,2,,,,,1,,,0,,,2
40-cp-markviii_x5,40,40-cp-markviii,,,1,,,,,3,,,2,,,5
40-cp-markviii_x5,40,40-cp-markviii,,,1,,,,,3,,,2,,,5
40-cp-markviii_x4-aft,40,40-cp-markviii,,,0,,,,,2,,,3,,,4
40-cp-markviii_x3-dido,40,40-cp-markviii,,,1,,,,,2,,,1,,,3
40-cp-markviii_x3-courageous,40,40-cp-markviii,,,2,,,,,2,,,1,,,3
40-cp-markviii_x2-midship,40,40-cp-markviii,,,0,,,,,1,,,0,,,2
40-cp-markviii_x2-aft,40,40-cp-markviii,,,0,,,,,1,,,2,,,2
40-cp-markviii_x2,40,40-cp-markviii,,,0,,,,,1,,,1,,,2
40-cp-markviii_x1-fore,40,40-cp-markviii,,,1,,,,,1,,,0,,,1
40-cp-markvii-single_x24-illustrious,40,40-cp-markvii-single,,,2,,,,,12,,,2,,,24
40-cp-markvii-single_x19-majestic,40,40-cp-markvii-single,,,2,,,,,9,,,4,,,19
40-cp-markvii-single_x18-illustrious,40,40-cp-markvii-single,,,2.5,,,,,10.5,,,1,,,18
40-cp-markvii-single_x17-colosus,40,40-cp-markvii-single,,,2,,,,,8.5,,,2,,,17
40-cp-markvii-single_x15,40,40-cp-markvii-single,,,3,,,,,9,,,4,,,15
40-cp-markvii-single_x13-minotaur,40,40-cp-markvii-single,,,0,,,,,7,,,3,,,13
40-cp-markvii-single_x13-illustrious,40,40-cp-markvii-single,,,2,,,,,6,,,2,,,13
40-cp-markvii-single_x13-colosus,40,40-cp-markvii-single,,,2,,,,,6.5,,,2,,,13
40-cp-markvii-single_x12-illustrious-2,40,40-cp-markvii-single,,,3,,,,,6,,,3,,,12
40-cp-markvii-single_x12-illustrious,40,40-cp-markvii-single,,,2,,,,,6,,,1,,,12
40-cp-markvii-single_x11-vanguard,40,40-cp-markvii-single,,,2,,,,,6,,,5,,,11
40-cp-markvii-single_x11-majestic,40,40-cp-markvii-single,,,0.5,,,,,5,,,2.5,,,11
40-cp-markvii-single_x11,40,40-cp-markvii-single,,,1,,,,,6,,,2,,,11
40-cp-markvii-single_x10-southampton,40,40-cp-markvii-single,,,2,,,,,5,,,2,,,10
40-cp-markvii-single_x10-illustrious,40,40-cp-markvii-single,,,2,,,,,5,,,2,,,10
40-cp-markvii-single_x9-illustrious,40,40-cp-markvii-single,,,2,,,,,5,,,2,,,9
40-cp-markvii-single_x9-eagle,40,40-cp-markvii-single,,,0.5,,,,,4.5,,,1,,,9
40-cp-markvii-single_x9,40,40-cp-markvii-single,,,1,,,,,5,,,3,,,9
40-cp-markvii-single_x8-fiji,40,40-cp-markvii-single,,,4,,,,,4,,,2,,,8
40-cp-markvii-single_x8-ceylon,40,40-cp-markvii-single,,,1,,,,,4,,,3,,,8
40-cp-markvii-single_x8-alt,40,40-cp-markvii-single,,,2,,,,,4,,,2,,,8
40-cp-markvii-single_x8,40,40-cp-markvii-single,,,2,,,,,4,,,4,,,8
40-cp-markvii-single_x7-dido,40,40-cp-markvii-single,,,1,,,,,4,,,4,,,7
40-cp-markvii-single_x6-eagle,40,40-cp-markvii-single,,,0.5,,,,,3,,,0.5,,,6
40-cp-markvii-single_x6-delhi,40,40-cp-markvii-single,,,1,,,,,3,,,3,,,6
40-cp-markvii-single_x6-anson,40,40-cp-markvii-single,,,2,,,,,4,,,0,,,6
40-cp-markvii-single_x6-alt,40,40-cp-markvii-single,,,2,,,,,3,,,2,,,6
40-cp-markvii-single_x6,40,40-cp-markvii-single,,,2,,,,,3,,,0,,,6
40-cp-markvii-single_x5-belfast,40,40-cp-markvii-single,,,3,,,,,3.5,,,1,,,5
40-cp-markvii-single_x5-amphion,40,40-cp-markvii-single,,,2,,,,,3,,,2,,,5
40-cp-markvii-single_x4-vikrant,40,40-cp-markvii-single,,,0.5,,,,,2,,,0.5,,,4
40-cp-markvii-single_x4-superb,40,40-cp-markvii-single,,,0,,,,,4,,,4,,,4
40-cp-markvii-single_x4-minotaur,40,40-cp-markvii-single,,,0,,,,,2,,,2,,,4
40-cp-markvii-single_x4-midship,40,40-cp-markvii-single,,,0,,,,,2,,,0,,,4
40-cp-markvii-single_x4-majestic-2,40,40-cp-markvii-single,,,1,,,,,2,,,0,,,4
40-cp-markvii-single_x4-majestic,40,40-cp-markvii-single,,,0.5,,,,,2,,,0,,,4
40-cp-markvii-single_x4-london,40,40-cp-markvii-single,,,0,,,,,2,,,0,,,4
40-cp-markvii-single_x4-fore,40,40-cp-markvii-single,,,2,,,,,2,,,0,,,4
40-cp-markvii-single_x4-fiji,40,40-cp-markvii-single,,,2,,,,,2,,,2,,,4
40-cp-markvii-single_x4-dixmude,40,40-cp-markvii-single,,,3,,,,,4,,,3,,,4
40-cp-markvii-single_x4-dido,40,40-cp-markvii-single,,,0,,,,,2,,,2,,,4
40-cp-markvii-single_x4-ceylon,40,40-cp-markvii-single,,,0,,,,,2,,,2,,,4
40-cp-markvii-single_x4,40,40-cp-markvii-single,,,1,,,,,2,,,1,,,4
40-cp-markvii-single_x2-mysore,40,40-cp-markvii-single,,,0,,,,,1,,,1,,,2
40-cp-markvii-single_x2-midship,40,40-cp-markvii-single,,,0,,,,,1,,,0,,,2
40-cp-markvii-single_x2-fore,40,40-cp-markvii-single,,,2,,,,,1,,,0,,,2
40-cp-markvii-single_x2-fiji,40,40-cp-markvii-single,,,2,,,,,1,,,0,,,2
40-cp-markvii-single_x2-aft-2,40,40-cp-markvii-single,,,0,,,,,0.5,,,2,,,2
40-cp-markvii-single_x2-aft,40,40-cp-markvii-single,,,0,,,,,1,,,1,,,2
40-cp-markvii-single_x2,40,40-cp-markvii-single,,,1,,,,,1,,,1,,,2
40-cp-markvii-single_x1-fore,40,40-cp-markvii-single,,,1,,,,,1,,,0,,,1
40-cp-markvii-single_x1,40,40-cp-markvii-single,,,0,,,,,1,,,1,,,1
40-cp-markvii_x6-perseus,40,40-cp-markvii,,,2,,,,,3,,,3,,,6
40-cp-markvii_x6-london,40,40-cp-markvii,,,1,,,,,3,,,4,,,6
40-cp-markvii_x6-colossus,40,40-cp-markvii,,,1,,,,,4,,,1,,,6
40-cp-markvii_x6,40,40-cp-markvii,,,4,,,,,3,,,2,,,6
40-cp-markvii_x5-fiji,40,40-cp-markvii,,,0,,,,,3,,,3,,,5
40-cp-markvii_x5,40,40-cp-markvii,,,1,,,,,2,,,3,,,5
40-cp-markvii_x4-vindex,40,40-cp-markvii,,,2,,,,,2,,,2,,,4
40-cp-markvii_x4-unicorn,40,40-cp-markvii,,,1.5,,,,,3,,,1.5,,,4
40-cp-markvii_x4-minotaur,40,40-cp-markvii,,,1,,,,,3,,,1,,,4
40-cp-markvii_x4-london,40,40-cp-markvii,,,1,,,,,2,,,2,,,4
40-cp-markvii_x4-leander,40,40-cp-markvii,,,0,,,,,2,,,3,,,4
40-cp-markvii_x4-illustrious,40,40-cp-markvii,,,0,,,,,2.5,,,1,,,4
40-cp-markvii_x4-hawkins,40,40-cp-markvii,,,2,,,,,2,,,2,,,4
40-cp-markvii_x4-belfast,40,40-cp-markvii,,,0,,,,,2,,,1,,,4
40-cp-markvii_x4-anson,40,40-cp-markvii,,,2,,,,,2,,,2,,,4
40-cp-markvii_x4,40,40-cp-markvii,,,1,,,,,2,,,1,,,4
40-cp-markvii_x3-dido,40,40-cp-markvii,,,1,,,,,2,,,1,,,3
40-cp-markvii_x3-ceylon,40,40-cp-markvii,,,1,,,,,2,,,1,,,3
40-cp-markvii_x2-vindictive,40,40-cp-markvii,,,1,,,,,1.5,,,2,,,2
40-cp-markvii_x2-turret,40,40-cp-markvii,,,1,,,,,2,,,1,,,2
40-cp-markvii_x2-sides,40,40-cp-markvii,,,1,,,,,1,,,1,,,2
40-cp-markvii_x2-midship,40,40-cp-markvii,,,0,,,,,1,,,0,,,2
40-cp-markvii_x2-howe,40,40-cp-markvii,,,0,,,,,1,,,2,,,2
40-cp-markvii_x2-hawkins,40,40-cp-markvii,,,2,,,,,1,,,1,,,2
40-cp-markvii_x2-fiji,40,40-cp-markvii,,,0,,,,,1,,,1,,,2
40-cp-markvii_x2-danae,40,40-cp-markvii,,,0,,,,,1,,,1,,,2
40-cp-markvii_x2-county,40,40-cp-markvii,,,0,,,,,1,,,1,,,2
40-cp-markvii_x2-aft,40,40-cp-markvii,,,0,,,,,1,,,2,,,2
40-cp-markvii_x2,40,40-cp-markvii,,,2,,,,,1,,,0,,,2
40-cp-markvii_x1-turret,40,40-cp-markvii,,,1,,,,,1,,,0,,,1
40-cp-markvii_x1-port,40,40-cp-markvii,,,0,,,,,0.5,,,0,,,1
40-cp-markvii_x1-midship,40,40-cp-markvii,,,0,,,,,1,,,0,,,1
40-cp-markvii_x1,40,40-cp-markvii,,,0,,,,,1,,,1,,,1
40-cp-markva_x8-kjv,40,40-cp-markva,,,3,,,,,5,,,2,,,6
40-cp-markva_x6-nelson,40,40-cp-markva,,,1,,,,,4,,,3,,,6
40-cp-markva_x6-kjv,40,40-cp-markva,,,3,,,,,4,,,2,,,6
40-cp-markva_x6,40,40-cp-markva,,,2,,,,,3,,,3,,,6
40-cp-markva_x5-rodney,40,40-cp-markva,,,0,,,,,3,,,3,,,5
40-cp-markva_x5-kjv,40,40-cp-markva,,,2,,,,,3,,,1,,,5
40-cp-markva_x4,40,40-cp-markva,,,1,,,,,2,,,1,,,4
40-cp-markv-dual_x9-independencia,40,40-cp-markv-dual,,,1,,,,,4.5,,,2,,,9
40-cp-markv-dual_x7-fiji,40,40-cp-markv-dual,,,2,,,,,4,,,4,,,7
40-cp-markv-dual_x6-southampton-alt,40,40-cp-markv-dual,,,2,,,,,3,,,4,,,6
40-cp-markv-dual_x6-southampton,40,40-cp-markv-dual,,,1,,,,,3,,,4,,,6
40-cp-markv-dual_x6-colosus,40,40-cp-markv-dual,,,1,,,,,4,,,1,,,6
40-cp-markv-dual_x6-centaur,40,40-cp-markv-dual,,,1,,,,,3,,,1,,,6
40-cp-markv-dual_x6-belfast,40,40-cp-markv-dual,,,2,,,,,3,,,2,,,6
40-cp-markv-dual_x5-mysore,40,40-cp-markv-dual,,,2,,,,,3,,,2,,,5
40-cp-markv-dual_x5-majestic,40,40-cp-markv-dual,,,1,,,,,2.5,,,0.5,,,5
40-cp-markv-dual_x5-hermes,40,40-cp-markv-dual,,,1,,,,,3,,,1,,,5
40-cp-markv-dual_x5-fiji-alt,40,40-cp-markv-dual,,,0.5,,,,,3,,,3,,,5
40-cp-markv-dual_x5-fiji,40,40-cp-markv-dual,,,1,,,,,3,,,3,,,5
40-cp-markv-dual_x4-vikrant,40,40-cp-markv-dual,,,0.5,,,,,2,,,0,,,4
40-cp-markv-dual_x4-majestic,40,40-cp-markv-dual,,,0,,,,,2,,,0.5,,,4
40-cp-markv-dual_x4-leander,40,40-cp-markv-dual,,,0,,,,,2,,,3,,,4
40-cp-markv-dual_x4-independencia,40,40-cp-markv-dual,,,1,,,,,2,,,1,,,4
40-cp-markv-dual_x3-fantail,40,40-cp-markv-dual,,,0,,,,,2,,,3,,,3
40-cp-markv-dual_x3-dido,40,40-cp-markv-dual,,,1,,,,,2,,,1,,,3
40-cp-markv-dual_x2-fore,40,40-cp-markv-dual,,,2,,,,,1,,,0,,,2
40-cp-markv-dual_x2-fantail,40,40-cp-markv-dual,,,0,,,,,0,,,2,,,2
40-cp-markv-dual_x2-aft,40,40-cp-markv-dual,,,0,,,,,1,,,2,,,2
40-cp-markv-dual_x1-fantail,40,40-cp-markv-dual,,,0,,,,,1,,,1,,,1
40-cp-markv_x8-audacious,40,40-cp-markv,,,1.5,,,,,5,,,2,,,8
40-cp-markv_x6-furious,40,40-cp-markv,,,3,,,,,4,,,2,,,6
40-cp-markv_x6-ark-royal,40,40-cp-markv,,,2,,,,,5,,,2,,,6
40-cp-markv_x5-war,40,40-cp-markv,,,3,,,,,2,,,1,,,5
40-cp-markv_x5-illustrious-3,40,40-cp-markv,,,1,,,,,4,,,1,,,5
40-cp-markv_x5-illustrious-2,40,40-cp-markv,,,1,,,,,4,,,2,,,5
40-cp-markv_x5-illustrious,40,40-cp-markv,,,2,,,,,4,,,1,,,5
40-cp-markv_x4-war,40,40-cp-markv,,,2,,,,,2,,,1,,,4
40-cp-markv_x4-malaya,40,40-cp-markv,,,1,,,,,2,,,2,,,4
40-cp-markv_x4-furious,40,40-cp-markv,,,3,,,,,3,,,1,,,4
40-cp-markv_x4-ark-royal,40,40-cp-markv,,,2,,,,,4,,,2,,,4
40-cp-markv_x3-rr,40,40-cp-markv,,,1,,,,,2,,,3,,,3
40-cp-markv_x3-nelson,40,40-cp-markv,,,0,,,,,2,,,2,,,3
40-cp-markv_x3-courageous,40,40-cp-markv,,,2,,,,,2,,,1,,,3
40-cp-markv_x2-wing,40,40-cp-markv,,,1,,,,,1,,,2,,,2
40-cp-markv_x2-side,40,40-cp-markv,,,1,,,,,1,,,1,,,2
40-cp-markv_x2-midship,40,40-cp-markv,,,0,,,,,1,,,0,,,2
40-cp-markv_x2-kent,40,40-cp-markv,,,0,,,,,1,,,1,,,2
40-cp-markv_x2-hawkins,40,40-cp-markv,,,2,,,,,1,,,1,,,2
40-cp-markv_x2-fore,40,40-cp-markv,,,2,,,,,1,,,0,,,2
40-cp-markv_x2-f-a,40,40-cp-markv,,,1,,,,,2,,,1,,,2
40-cp-markv_x2-eagle,40,40-cp-markv,,,1,,,,,2,,,0,,,2
40-cp-markv_x2-coventry,40,40-cp-markv,,,1,,,,,2,,,1,,,2
40-cp-markv_x2-aft,40,40-cp-markv,,,0,,,,,1,,,1,,,2
40-cp-markv_x2,40,40-cp-markv,,,0,,,,,1,,,1,,,2
40-cp-markv_x1-mid,40,40-cp-markv,,,0,,,,,1,,,0,,,1
40-cp-markv_x1-fore,40,40-cp-markv,,,1,,,,,1,,,0,,,1
40-cp-markv_x1,40,40-cp-markv,,,0,,,,,1,,,1,,,1
40-cp-markiii_x6,40,40-cp-markiii,,,1,,,,,3,,,1,,,6
40-cp-markii_x2,40,40-cp-markii,,,0,,,,,1.5,,,0,,,2
40-cp-marki/iii_x16,40,40-cp-marki/iii,,,4,,,,,10,,,4,,,16
40-cp-marki/iii_x11,40,40-cp-marki/iii,,,1,,,,,6,,,2,,,11
40-cp-marki/iii_x10,40,40-cp-marki/iii,,,3,,,,,5,,,1,,,10
40-cp-marki/iii_x6-caledon,40,40-cp-marki/iii,,,2,,,,,3,,,2,,,6
40-cp-marki/iii_x4-colombo,40,40-cp-marki/iii,,,0,,,,,2,,,1,,,4
40-cp-marki/iii_x4-amphion,40,40-cp-marki/iii,,,2,,,,,2,,,1,,,4
40-cp-marki/iii-x2-mac,40,40-cp-marki/iii,,,1,,,,,1,,,0,,,2
40-cp-marki/iii_x2-kjv,40,40-cp-marki/iii,,,0,,,,,2,,,0,,,2
40-cp-marki/iii_x1-fore,40,40-cp-marki/iii,,,1,,,,,1,,,0,,,1
40-cp-marki/iii_x1,40,40-cp-marki/iii,,,0,,,,,1,,,1,,,1
40-cp-flak-28_x16,40,40-cp-flak-28,,,5,,,,,11,,,8,,,16
40-cp-flak-28_x10,40,40-cp-flak-28,,,3,,,,,6,,,3,,,10
40-cp-flak-28_x8-makarov,40,40-cp-flak-28,,,4,,,,,5,,,1,,,8
40-cp-flak-28_x8-deutschland,40,40-cp-flak-28,,,3,,,,,5,,,2,,,8
40-cp-flak-28_x6-alt,40,40-cp-flak-28,,,2,,,,,3,,,2,,,6
40-cp-flak-28_x6,40,40-cp-flak-28,,,2,,,,,3,,,1,,,6
40-cp-flak-28_x4-fore,40,40-cp-flak-28,,,2,,,,,2,,,0,,,4
40-cp-flak-28_x4,40,40-cp-flak-28,,,1,,,,,2,,,1,,,4
40-cp-flak-28_x2-nurnberg,40,40-cp-flak-28,,,1,,,,,2,,,0,,,2
40-cp-flak-28_x2-fore-alt,40,40-cp-flak-28,,,1,,,,,1,,,0.5,,,2
40-cp-flak-28_x2-fore,40,40-cp-flak-28,,,1,,,,,1,,,0,,,2
40-cp-flak-28_x2-arcona,40,40-cp-flak-28,,,1,,,,,2,,,2,,,2
40-cp-boffin_x9-minotaur,40,40-cp-boffin,,,0,,,,,5,,,3,,,9
40-cp-boffin_x4-ameer,40,40-cp-boffin,,,0,,,,,2,,,0,,,4
40-cp-boffin_x2-mac,40,40-cp-boffin,,,1,,,,,1,,,0,,,2
40-cp-bi-type91-twin_x2,40,40-cp-bi-type91-twin,,,1,,,,,1,,,1,,,2
40-cp-bi-type91-twin_x1-nagara,40,40-cp-bi-type91-twin,,,1,,,,,0.5,,,0,,,1
40-cp-bi-type91-single_x4,40,40-cp-bi-type91-single,,,1,,,,,2,,,1,,,4
40-cp-bi-type91-single_x2-fore,40,40-cp-bi-type91-single,,2,2,2,2,1,1,1,0,0,0,0,2,2
40-cp-bi-type91-single_x2,40,40-cp-bi-type91-single,,,1,,,,,1,,,1,,,2
102-gs-markxxiii_x1-aft,40,102-gs-markxxiii,,,0,,,,,0.5,,,1,,,1
37-sm-ein-lc34_x6-schwabenland,37,37-sm-ein-lc34,,,3,,,,,4,,,4,,,6
37-sm-ein-lc34_x4-side,37,37-sm-ein-lc34,,,0,,,,,2,,,0,,,4
37-sm-ein-lc34_x3,37,37-sm-ein-lc34,,,2,,,,,2,,,1,,,3
37-sm-ein-lc34_x2-arcona,37,37-sm-ein-lc34,,,1,,,,,2,,,1,,,2
37-sm-ein-lc34_x2-aft,37,37-sm-ein-lc34,,,0,,,,,1,,,1,,,2
37-sm-ein-lc34_x2,37,37-sm-ein-lc34,,,1,,,,,1,,,1,,,2
37-sm-ein-lc34_x1-fore,37,37-sm-ein-lc34,,,1,,,,,1,,,0,,,1
37-sm-ein-lc34_x1-aft,37,37-sm-ein-lc34,,,0,,,,,1,,,1,,,1
37-sm-dop-lc30_x11-graf-zeppelin,37,37-sm-dop-lc30,,,1,,,,,5.5,,,2,,,11
37-sm-dop-lc30_x8,37,37-sm-dop-lc30,,,3,,,,,4,,,3,,,8
37-sm-dop-lc30_x6-nurnberg,37,37-sm-dop-lc30,,,3,,,,,4,,,3,,,6
37-sm-dop-lc30_x6,37,37-sm-dop-lc30,,,1,,,,,3,,,3,,,6
37-sm-dop-lc30_x5-weser,37,37-sm-dop-lc30,,,1,,,,,3,,,2,,,5
37-sm-dop-lc30_x4-sp1,37,37-sm-dop-lc30,,,0,,,,,2,,,3,,,4
37-sm-dop-lc30_x4-nurnberg,37,37-sm-dop-lc30,,,2,,,,,2,,,3,,,4
37-sm-dop-lc30_x4-m,37,37-sm-dop-lc30,,,1,,,,,2,,,2,,,4
37-sm-dop-lc30_x4-alt,37,37-sm-dop-lc30,,,3,,,,,2,,,2,,,4
37-sm-dop-lc30_x4,37,37-sm-dop-lc30,,,1,,,,,2,,,1,,,4
37-sm-dop-lc30_x2-aft-2,37,37-sm-dop-lc30,,,0,,,,,1,,,2,,,2
37-sm-dop-lc30_x2-aft,37,37-sm-dop-lc30,,,0,,,,,1,,,1,,,2
37-sm-dop-lc30_x1-fore,37,37-sm-dop-lc30,,,1,,,,,1,,,0,,,1
37-sm-dop-lc30_x1-aft,37,37-sm-dop-lc30,,,0,,,,,1,,,1,,,1
37-p-rv-l30_x13,37,37-p-rv-l30,,,2,,,,,5,,,3,,,13
37-p-rv-l30_x10,37,37-p-rv-l30,,,2,,,,,5,,,2,,,10
37-p-rv-l30_x8,37,37-p-rv-l30,,,2,,,,,4,,,2,,,8
37-p-rv-l30_x6,37,37-p-rv-l30,,,2,,,,,3,,,2,,,6
37-p-rv-l30_x4,37,37-p-rv-l30,,,2,,,,,2,,,2,,,4
37-p-revolver_x20,37,37-p-revolver,,,4,,,,,7,,,4,,0,20
37-p-revolver_x18,37,37-p-revolver,,,4,,,,,6,,,4,,0,18
37-p-revolver_x16-split,37,37-p-revolver,,,2,,,,,7,,,2,,0,16
37-p-revolver_x16-side,37,37-p-revolver,,,1,,,,,8,,,1,,0,16
37-p-revolver_x16,37,37-p-revolver,,,3,,,,,4,,,3,,0,16
37-p-revolver_x14-hull-alt,37,37-p-revolver,,,2.5,,,,,7,,,2.5,,0,14
37-p-revolver_x14-hull-3,37,37-p-revolver,,,4,,,,,7,,,4,,0,14
37-p-revolver_x14-hull,37,37-p-revolver,,,2,,,,,7,,,2,,0,14
37-p-revolver_x14,37,37-p-revolver,,,3,,,,,4,,,3,,0,14
37-p-revolver_x13,37,37-p-revolver,,,2,,,,,5,,,3,,0,13
37-p-revolver_x12-vauban,37,37-p-revolver,,,3,,,,,6,,,3,,0,12
37-p-revolver_x12-side,37,37-p-revolver,,2,1,1,5,6,6,6,6,1,2,2,0,12
37-p-revolver_x12-hull,37,37-p-revolver,,,1,,,,,5,,,1,,0,12
37-p-revolver_x12-hoche,37,37-p-revolver,,,3,,,,,5,,,2,,0,12
37-p-revolver_x12-balanced,37,37-p-revolver,,,1,,,,,6,,,1,,0,12
37-p-revolver_x12-allround,37,37-p-revolver,,,3,,,,,3,,,3,,0,12
37-p-revolver_x10-sides,37,37-p-revolver,,,0,,,,,5,,,0,,0,10
37-p-revolver_x10-pamiat,37,37-p-revolver,,4,0,2,4,4,4,4,4,3,3,6,0,10
37-p-revolver_x10-alt-3,37,37-p-revolver,,,2,,,,,5,,,2,,0,10
37-p-revolver_x10-alt-2,37,37-p-revolver,,,2,,,,,6,,,2,,0,10
37-p-revolver_x10-alt,37,37-p-revolver,,,1,,,,,5,,,1,,0,10
37-p-revolver_x10,37,37-p-revolver,,,2,,,,,4,,,2,,0,10
37-p-revolver_x8-sponson,37,37-p-revolver,,,2,,,,,4,,,4,,0,8
37-p-revolver_x8-rurik,37,37-p-revolver,,0,0,0,3,4,4,4,4,1,2,2,0,8
37-p-revolver_x8-mix,37,37-p-revolver,,,4.5,,,,,4,,,2.5,,0,8
37-p-revolver_x8-mast-stack,37,37-p-revolver,,4,4,4,4,4,4,4,4,4,4,4,0,8
37-p-revolver_x8-mast,37,37-p-revolver,,,2,,,,,2,,,2,,0,8
37-p-revolver_x8-alt-6,37,37-p-revolver,,,3,,,,,4,,,3,,0,8
37-p-revolver_x8-alt-5,37,37-p-revolver,,,0,,,,,4,,,3,,0,8
37-p-revolver_x8-alt-4,37,37-p-revolver,,,3,,,,,3,,,3,,0,8
37-p-revolver_x8-alt-3,37,37-p-revolver,,4,2,2,2,4,4,4,2,2,3,4,0,8
37-p-revolver_x8-alt-2,37,37-p-revolver,,,2,,,,,5,,,2,,0,8
37-p-revolver_x8-alt,37,37-p-revolver,,,3,,,,,2,,,2,,0,8
37-p-revolver_x8-allround,37,37-p-revolver,,2,2,2,4,4,4,4,4,2,2,2,0,8
37-p-revolver_x8,37,37-p-revolver,,,1,,,,,4,,,1,,0,8
37-p-revolver_x7,37,37-p-revolver,,,1,,,,,4,,,1,,0,7
37-p-revolver_x6-side,37,37-p-revolver,,,0,,,,,3,,,0,,0,6
37-p-revolver_x6-fore,37,37-p-revolver,,,1,,,,,3,,,0,,0,6
37-p-revolver_x6-alt-2,37,37-p-revolver,,,1,,,,,3,,,1,,0,6
37-p-revolver_x6-alt,37,37-p-revolver,,,2,,,,,4,,,2,,0,6
37-p-revolver_x6,37,37-p-revolver,,,2,,,,,3,,,2,,0,6
37-p-revolver_x5,37,37-p-revolver,,,1,,,,,3,,,1,,0,5
37-p-revolver_x4-side,37,37-p-revolver,,0,0,0,2,2,2,2,2,0,0,0,0,4
37-p-revolver_x4-maine,37,37-p-revolver,,3,2,2,2,3,3,3,2,2,2,3,0,4
37-p-revolver_x4-alt-2,37,37-p-revolver,,,2,,,,,2,,,3,,0,4
37-p-revolver_x4-alt,37,37-p-revolver,,,0.5,,,,,2,,,1,,0,4
37-p-revolver_x4,37,37-p-revolver,,2,1,1,2,2,2,2,2,1,1,2,0,4
37-p-revolver_x3-side,37,37-p-revolver,,,1,,,,,2,,,1,,0,3
37-p-revolver_x3-alt,37,37-p-revolver,,,1,,,,,1,,,1,,0,3
37-p-revolver_x3,37,37-p-revolver,,,2,,,,,0,,,1,,0,3
37-p-revolver_x3-mast,37,37-p-revolver,,1,1,1,1,1,1,1,1,2,2,2,0,2
37-p-revolver_x2-sides,37,37-p-revolver,,,0,,,,,1,,,0,,0,2
37-p-revolver_x2-mast,37,37-p-revolver,,1,1,1,1,1,1,1,1,1,1,1,0,2
37-p-revolver_x2-f-a-alt,37,37-p-revolver,,1,1,1,1,0,0,0,1,1,1,1,0,2
37-p-revolver_x2-f-a,37,37-p-revolver,,1,1,1,1,0.5,1,0.5,1,1,1,1,0,2
37-p-revolver_x2-alt,37,37-p-revolver,,,1,,,,,1,,,1,,0,2
37-p-revolver_x2-aft-2,37,37-p-revolver,,,0,,,,,1,,,2,,0,2
37-p-revolver_x2-aft,37,37-p-revolver,,,0,,,,,1,,,1,,0,2
37-p-revolver_x2,37,37-p-revolver,,,1,,,,,1,,,0,,0,2
37-p-revolver_x1-f,37,37-p-revolver,,1,1,1,1,0,0,0,0,0,0,0,0,1
37-p-mk7_x2-destroyers-2,37,37-p-mk7,,,0,,,,,1,,,0,,0,2
37-p-mk7_x2-destroyers,37,37-p-mk7,,,0,,,,,2,,,1,,0,2
37-p-mk7_x1-fore-alt,37,37-p-mk7,,,0,,,,,1,,,0,,0,1
37-p-mk7_x1-aft,37,37-p-mk7,,,0,,,,,1,,,1,,0,1
37-p-mk6_x8-mast,37,37-p-mk6,,0,0,0,4,4,4,4,4,0,0,0,0,8
37-p-mk6_x8-maine,37,37-p-mk6,,,1,,,,,3,,,3,,0,8
37-p-mk6_x8,37,37-p-mk6,,,2,,,,,2,,,2,,0,8
37-p-mk6_x6-mast-stack,37,37-p-mk6,,4,4,4,4,4,4,4,4,4,4,4,0,6
37-p-mk6_x6-mast,37,37-p-mk6,,1,1,1,3,2,2,2,3,1,1,1,0,6
37-p-mk6_x6-ind,37,37-p-mk6,,4,3,3,3,3,4,3,3,3,3,4,0,6
37-p-mk6_x5,37,37-p-mk6,,,0,,,,,2,,,1,,0,5
37-p-mk6_x4-mast,37,37-p-mk6,,2,2,2,2,2,2,2,2,2,2,2,0,4
37-p-mk6_x4-ill,37,37-p-mk6,,2,2,2,2,2,2,2,2,2,2,2,0,4
37-p-mk6_x4,37,37-p-mk6,,4,4,4,4,4,4,4,4,4,4,4,0,4
37-p-mk6_x2-mast-alt-2,37,37-p-mk6,,0,0,0,0,1,1,1,0,0,0,0,0,2
37-p-mk6_x2-mast-alt,37,37-p-mk6,,,1,,,,,2,,,1,,0,2
37-p-mk6_x2-mast,37,37-p-mk6,,2,2,2,2,2,2,2,2,2,2,2,0,2
37-p-mk6_x2-alt,37,37-p-mk6,,,2,,,,,1,,,0,,0,2
37-p-mk6_x2,37,37-p-mk6,,2,1,1,1,1,1,1,0,0,0,0,0,2
37-p-mk1-gatling_x4-chicago,37,37-p-mk1-gatling,,2,0,1,1,2,2,2,2,2,1,4,0,4
37-p-mk1-gatling_x2-mast,37,37-p-mk1-gatling,,1,1,1,1,1,1,1,1,1,1,1,0,2
37-p-mk1-gatling_x2-f-a,37,37-p-mk1-gatling,,1,1,0.5,0,0,0,0,0,0.5,1,1,0,2
37-p-mk1-gatling_x2,37,37-p-mk1-gatling,,0,0,0,1,1,1,1,1,0,0,0,0,2
37-p-maxim_x4,37,37-p-maxim,,,1,,,,,2,,,1,,0,4
37-p-maxim_x2-aft,37,37-p-maxim,,,0,,,,,1,,,1,,0,2
37-p-marki-aa_x4,37,37-p-marki-aa,,,2,,,,,2,,,2,,,4
37-p-marki_x4,37,37-p-marki,,,1,,,,,2,,,1,,,4
37-p-m1885_x16,37,37-p-m1885,,,,,,,,,,,,,0,16
37-p-m1885_x12,37,37-p-m1885,,,3,,,,,6,,,4,,0,12
37-p-m1885_x11-hash,37,37-p-m1885,,,2,,,,,6,,,3,,0,11
37-p-m1885_x11,37,37-p-m1885,,,3,,,,,6,,,4,,0,11
37-p-m1885_x10,37,37-p-m1885,,,1,,,,,5,,,1,,0,10
37-p-m1885_x9,37,37-p-m1885,,,2,,,,,2,,,3,,0,9
37-p-m1885_x7,37,37-p-m1885,,,1,,,,,4,,,1,,0,7
37-p-m1885_x6,37,37-p-m1885,,,1,,,,,3,,,1,,0,6
37-p-m1885_x5-alt,37,37-p-m1885,,,1,,,,,2,,,0,,0,5
37-p-m1885_x5,37,37-p-m1885,,,1,,,,,1,,,1,,0,5
37-p-m1885_x4,37,37-p-m1885,,,1,,,,,2,,,1,,0,4
37-p-m1885_x2-side,37,37-p-m1885,,,0,0,1,1,,1,1,0,0,,0,2
37-p-m1885_x2-bridge,37,37-p-m1885,,,1,,,,,1,,,0,,0,2
37-p-m1885_x2,37,37-p-m1885,,,1,,,,,1,,,1,,0,2
37-p-m1884_x40-mast-2,37,37-p-m1884,,,4,,,,,7,,,4,,0,40
37-p-m1884_x30-mast,37,37-p-m1884,,,3,,,,,5,,,3,,0,30
37-p-m1884_x28,37,37-p-m1884,,,3,,,,,6,,,3,,0,28
37-p-m1884_x18,37,37-p-m1884,,,3,,,,,7,,,3,,0,18
37-p-m1884_x16-mast,37,37-p-m1884,,,3,,,,,6,,,2,,0,16
37-p-m1884_x10-alt-2,37,37-p-m1884,,4,2,2,4,4,5,5,5,1,2,2,0,10
37-p-m1884_x10-alt,37,37-p-m1884,,,3,,,,,5,,,1,,0,10
37-p-m1884_x10,37,37-p-m1884,,,1,,,,,5,,,1,,0,10
37-p-m1884_x8-side,37,37-p-m1884,,0,0,0,4,4,4,4,4,0,0,0,0,8
37-p-m1884_x8-pallada,37,37-p-m1884,,,3,,,,,3,,,1,,0,8
37-p-m1884_x8-mast-2,37,37-p-m1884,,2,2,2,2,2,2,2,2,2,2,2,0,8
37-p-m1884_x8-mast,37,37-p-m1884,,,2,,,,,3,,,0,,0,8
37-p-m1884_x8,37,37-p-m1884,,,2,,,,,2,,,2,,0,8
37-p-m1884_x6-alt-3,37,37-p-m1884,,,1,,,,,3,,,2,,0,6
37-p-m1884_x6-alt-2,37,37-p-m1884,,,0,,,,,3,,,2,,0,6
37-p-m1884_x6-alt,37,37-p-m1884,,,1,,,,,3,,,1,,0,6
37-p-m1884_x6,37,37-p-m1884,,,2,,,,,3,,,2,,0,6
37-p-m1884_x4-sides,37,37-p-m1884,,0,0,0,2,2,2,2,2,0,0,0,0,4
37-p-m1884_x4-mast,37,37-p-m1884,,2,2,2,2,2,2,2,2,2,2,2,0,4
37-p-m1884_x4-alt,37,37-p-m1884,,,2,,,,,2,,,3,,0,4
37-p-m1884_x4-aft,37,37-p-m1884,,,0,,,,,2,,,3,,0,4
37-p-m1884_x4,37,37-p-m1884,,,2,,,,,2,,,2,,0,4
37-p-m1884_x2-mast,37,37-p-m1884,,0,0,0,1,1,1,1,1,0,0,0,0,2
37-p-m1884_x2-aft,37,37-p-m1884,,0,0,0,0,1,1,1,1,1,2,2,0,2
37-p-m1884_x2,37,37-p-m1884,,,1,,,,,1,,,1,,0,2
37-p-h-corto_x8-mast,37,37-p-h-corto,,,2,,,,,4,,,2,,0,8
37-p-h-corto_x8,37,37-p-h-corto,,1,1,1,3,3,3,3,3,1,1,1,0,8
37-p-h-corto_x5,37,37-p-h-corto,,1,1,1,2,2,2,2,2,0,0,0,0,5
37-p-h-corto_x4-mast,37,37-p-h-corto,,,1,,,,,2,,,1,,0,4
37-p-h-corto_x3,37,37-p-h-corto,,,0,,,,,1,,,1,,0,3
37-p-h-corto_x2,37,37-p-h-corto,,,1,,,,,1,,,1,,0,2
37-p-h-corto_x1-fore,37,37-p-h-corto,,,1,,,,,1,,,0,,0,1
37-p-d-s_x8-mast,37,37-p-d-s,,4,4,3,3,4,4,4,3,3,4,4,0,8
37-p-d-s_x4-sides,37,37-p-d-s,,0,0,0,1,2,2,2,1,0,0,0,0,4
37-p-d-s_x4-raleigh,37,37-p-d-s,,1,1,1,1,2,2,2,2,2,2,3,0,4
37-p-d-s_x4-mast,37,37-p-d-s,,2,2,2,2,2,2,2,2,2,2,2,0,4
37-p-d-s_x4,37,37-p-d-s,,2,1,1,1,2,2,2,1,1,1,2,0,4
37-p-d-s_x2-sides,37,37-p-d-s,,0,0,0,1,1,1,1,1,0,0,0,0,2
37-p-d-s_x2-mast-alt-2,37,37-p-d-s,,,1,,,,,1,,,1,,0,2
37-p-d-s_x2-mast-alt,37,37-p-d-s,,,1,,,,,2,,,1,,0,2
37-p-d-s_x2-mast,37,37-p-d-s,,,0,,,,,1,,,0,,0,2
37-p-d-s_x2-aft,37,37-p-d-s,,0,0,0,0,1,1,1,1,1,1,2,0,2
37-p-d-s_x2,37,37-p-d-s,,,1,,,,,1,,,0,,0,2
37-p-d-s_x1-fore-2,37,37-p-d-s,,,0,,,,,1,,,0,,0,1
37-p-d-s_x1-fore,37,37-p-d-s,,,1,,,,,1,,,0,,0,1
37-gs-v11_x16,37,37-gs-v11,,,4,,,,,8,,,4,,0,16
37-gs-v11_x14,37,37-gs-v11,,,2,,,,,7,,,3,,0,14
37-gs-v11_x12,37,37-gs-v11,,,4,,,,,6,,,4,,0,12
37-gs-v11_x11,37,37-gs-v11,,,1,,,,,6,,,3,,0,11
37-gs-v11_x9,37,37-gs-v11,,,3,,,,,5,,,4,,0,9
37-gs-v11_x8,37,37-gs-v11,,,0,,,,,4,,,2,,0,8
37-gs-v11_x1-aft,37,37-gs-v11,,,0,,,,,1,,,1,,0,1
37-gs-h-corto_x6,37,37-gs-h-corto,,,3,,,,,4,,,2,,0,6
37-gs-h-corto_x2-mast,37,37-gs-h-corto,,,1,,,,,2,,,1,,0,2
37-gs-h-corto_x2-fore,37,37-gs-h-corto,,,1,,,,,1,,,0,,0,2
37-gs-h-corto_x1-aft,37,37-gs-h-corto,,0,0,0,0,0,0,0,1,1,1,1,0,1
37-gs-66k_x6,37,37-gs-66k,,,2,,,,,4,,,2,,,6
37-cp-m1925_x8-teste,37,37-cp-m1925,,,2,,,,,3.5,,,2,,,8
37-cp-m1925_x8-bearn,37,37-cp-m1925,,,2,,,,,4,,,1,,,8
37-cp-m1925_x8-alt,37,37-cp-m1925,,,0,,,,,4,,,1,,,8
37-cp-m1925_x8,37,37-cp-m1925,,,2,,,,,6,,,2,,,8
37-cp-m1925_x6,37,37-cp-m1925,,,2,,,,,6,,,4,,,6
37-cp-m1925_x4,37,37-cp-m1925,,,2,,,,,4,,,2,,,4
37-cp-m1925_x1,37,37-cp-m1925,,,0,,,,,1,,,1,,,1
37-cp-cad-m1933_x8-r,37,37-cp-cad-m1933,,,1,,,,,4,,,1,,,8
37-cp-cad-m1933_x6-r,37,37-cp-cad-m1933,,,1,,,,,3,,,0,,,6
37-cp-cad-m1933_x6,37,37-cp-cad-m1933,,,2,,,,,3,,,2,,,6
37-cp-cad-m1933_x5,37,37-cp-cad-m1933,,,1,,,,,3,,,2,,,5
37-cp-cad-m1933_x4-joffre,37,37-cp-cad-m1933,,,1.5,,,,,3,,,1.5,,,4
37-cp-cad-m1933_x4-fore,37,37-cp-cad-m1933,,,2,,,,,2,,,0,,,4
37-cp-cad-m1933_x4-alt-2,37,37-cp-cad-m1933,,,1,,,,,2,,,2,,,4
37-cp-cad-m1933_x4-alt,37,37-cp-cad-m1933,,,2,,,,,4,,,2,,,4
37-cp-cad-m1933_x4-aft,37,37-cp-cad-m1933,,,0,,,,,4,,,4,,,4
37-cp-cad-m1933_x4,37,37-cp-cad-m1933,,,1,,,,,2,,,1,,,4
37-cp-70k_x21,37,37-cp-70k,,,1,,,,,11,,,3,,,21
37-cp-70k_x19,37,37-cp-70k,,,1,,,,,10,,,3,,,19
37-cp-70k_x16,37,37-cp-70k,,,3,,,,,9,,,3,,,16
37-cp-70k_x15,37,37-cp-70k,,,1,,,,,8,,,6,,,15
37-cp-70k_x14-alt,37,37-cp-70k,,,2,,,,,7,,,4,,,14
37-cp-70k_x14,37,37-cp-70k,,,1,,,,,7,,,1,,,14
37-cp-70k_x12-alt,37,37-cp-70k,,,3,,,,,6,,,4,,,12
37-cp-70k_x12-aft,37,37-cp-70k,,,0,,,,,6,,,3,,,12
37-cp-70k_x12,37,37-cp-70k,,,3,,,,,7,,,3,,,12
37-cp-70k_x11,37,37-cp-70k,,,3,,,,,6,,,3,,,11
37-cp-70k_x10-alt-3,37,37-cp-70k,,,2,,,,,5,,,4,,,10
37-cp-70k_x10-alt-2,37,37-cp-70k,,,1,,,,,5,,,0,,,10
37-cp-70k_x10-alt,37,37-cp-70k,,,0,,,,,5,,,2,,,10
37-cp-70k_x10,37,37-cp-70k,,,1,,,,,5,,,3,,,10
37-cp-70k_x9,37,37-cp-70k,,,3,,,,,5,,,3,,,9
37-cp-70k_x8,37,37-cp-70k,,,3,,,,,5,,,3,,,8
37-cp-70k_x6-alt,37,37-cp-70k,,,2,,,,,4,,,3,,,6
37-cp-70k_x6,37,37-cp-70k,,,3,,,,,3,,,3,,,6
37-cp-70k_x5-aft,37,37-cp-70k,,,0,,,,,3,,,3,,,5
37-cp-70k_x4-sides,37,37-cp-70k,,,0,,,,,2,,,0,,,4
37-cp-70k_x4-aft,37,37-cp-70k,,,0,,,,,2,,,3,,,4
37-cp-1939_x8,37,37-cp-1939,,,2,,,,,4,,,3,,,8
37-cp-1939_x4,37,37-cp-1939,,,1,,,,,2,,,1,,,4
37-cp-1939_x3,37,37-cp-1939,,,1,,,,,3,,,0,,,3
37-cp-1932_x8-alt,37,37-cp-1932,,,2,,,,,4,,,1,,,8
37-cp-1932_x8,37,37-cp-1932,,,3,,,,,4,,,3,,,8
37-cp-1932_x6-alt-2,37,37-cp-1932,,,1,,,,,3,,,2,,,6
37-cp-1932_x6-alt,37,37-cp-1932,,,1,,,,,3,,,1,,,6
37-cp-1932_x6,37,37-cp-1932,,,0,,,,,3,,,2,,,6
37-cp-1932_x4-aft-2,37,37-cp-1932,,,0,,,,,2.5,,,3,,,4
37-cp-1932_x4-aft,37,37-cp-1932,,,0,,,,,2,,,2,,,4
37-cp-1932_x4,37,37-cp-1932,,,1,,,,,2,,,2,,,4
37-ag-cad-m1935_x6,37,37-ag-cad-m1935,,,1,,,,,3,,,1,,,6
37-ag-46k_x8,37,37-ag-46k,,,2,,,,,4,,,2,,,8
37-ag-46k_x7,37,37-ag-46k,,,2,,,,,5,,,3,,,7
37-ag-46k_x1-fore,37,37-ag-46k,,,1,,,,,1,,,0,,,1
35-gdm-a_x2-bx,35,35-gdm-a,,1,1,1,2,2,2,2,2,1,1,1,2,2
35-gdm-a_x1-y,35,35-gdm-a,,0,0,0,0,1,1,1,1,1,1,1,1,1
35-gdm-a_x1-x,35,35-gdm-a,,0,0,0,1,1,1,1,1,1,1,1,1,1
35-gdm-a_x1-b-alt,35,35-gdm-a,,1,1,1,1,1,1,1,0,0,0,0,1,1
30-at-ak230_x8,30,30-at-ak230,,,4,,,,,4,,,0,,,8
28-p-quad_x12-lexington,28,28-p-quad,,,3,,,,,10,,,3,,,12
28-p-quad_x9-lexington,28,28-p-quad,,,1,,,,,5,,,1,,,9
28-p-quad_x8-wyo,28,28-p-quad,,2,2,2,4,4,4,4,4,4,4,8,4,8
28-p-quad_x8-ny,28,28-p-quad,,2,2,2,2,4,4,4,4,2.5,4,4,5,8
28-p-quad_x7-sd,28,28-p-quad,,,3,2,3,3,,4,4,1,2,,5,7
28-p-quad_x7,28,28-p-quad,,,1,,,,,3,,,5,,,7
28-p-quad_x6-ranger,28,28-p-quad,,,3,,,,,3.5,,,3,,,6
28-p-quad_x6-col,28,28-p-quad,,2,2,1,3,3,3,3,3,2,2,4,3,6
28-p-quad_x6-bearn,28,28-p-quad,,,2,,,,,3,,,3,,,6
28-p-quad_x6,28,28-p-quad,,2,1,1,3,3,3,3,4,3,4,4,4,6
28-p-quad_x5-sd-2,28,28-p-quad,,1,1,1,2,2,3,3,3,1,2,2,3,5
28-p-quad_x5-sd,28,28-p-quad,,1,1,1,2,2,3,3,3,1,2,2,4,5
28-p-quad_x5-lexington,28,28-p-quad,,,1,,,,,3,,,1,,,5
28-p-quad_x5-bridge,28,28-p-quad,,,2,,,,,3,,,1,,,5
28-p-quad_x5,28,28-p-quad,,,1,,,,,3,,,2,,,5
28-p-quad_x4-yorktown,28,28-p-quad,,,2,,,,,4,,,2,,,4
28-p-quad_x4-wyo,28,28-p-quad,,2,2,2,2,2,2,2,2,2,1,4,2,4
28-p-quad_x4-tenn,28,28-p-quad,,2,2,1,2,2,2,2,2,1,2,2,2,4
28-p-quad_x4-sangamon,28,28-p-quad,,,2,,,,,2,,,2,,,4
28-p-quad_x4-port,28,28-p-quad,,,1,,,,,2,,,2,,,4
28-p-quad_x4-penn,28,28-p-quad,,2,1,1,1,2,2,2,1,1,2,2,2,4
28-p-quad_x4-ny,28,28-p-quad,,0,0,0,0,2,2,2,3,2,2,2,3,4
28-p-quad_x4-no,28,28-p-quad,,,2,,,,,2,,,3,,,4
28-p-quad_x4-nm,28,28-p-quad,,4,2,3,2,2,2,2,1.5,1,2,2,2,4
28-p-quad_x4-iowa,28,28-p-quad,,2,2,1,2,2,2,2,2,1,2,2,2,4
28-p-quad_x4-escort,28,28-p-quad,,,2,,,,,3,,,2,,,4
28-p-quad_x4-atlanta,28,28-p-quad,,,1,,,,,3,,,3,,,4
28-p-quad_x4-all-round,28,28-p-quad,,2,1,1,1,2,2,2,2,1,2,2,2,4
28-p-quad_x4,28,28-p-quad,,2,1,1,2,2,2,2,2,1,1,2,2,4
28-p-quad_x3-omaha,28,28-p-quad,,,1,,,,,3,,,2,,,3
28-p-quad_x3-atlanta,28,28-p-quad,,,1,,,,,2,,,2,,,3
28-p-quad_x3,28,28-p-quad,,,1,1,1,2,2,2,2,0,0,0,2,3
28-p-quad_x2-wyo,28,28-p-quad,,0,0,0,1,2,2,2,2,2,1,2,2,2
28-p-quad_x2-st-louis,28,28-p-quad,,,0,,,,,1,,,2,,2,2
28-p-quad_x2-porter-2,28,28-p-quad,,2,0,1,1,1,1,1,2,1,1,2,2,2
28-p-quad_x2-porter,28,28-p-quad,,2,1,1.5,1.5,1.5,1.5,1.5,0.5,0.5,0,1,2,2
28-p-quad_x2-omaha,28,28-p-quad,,,1,,,2,2,2,,,1,,,2
28-p-quad_x2-no,28,28-p-quad,,,0,,,1,,1,,,2,,,2
28-p-quad_x2-f-a,28,28-p-quad,,1,1,1,2,2,2,2,1,1,1,1,2,2
28-p-quad_x2-benson,28,28-p-quad,,0,0,0,1,1,1,1,1,1,1,2,2,2
28-p-quad_x2-aft,28,28-p-quad,,,1,,,1,,1,,,2,,,2
28-p-quad_x2,28,28-p-quad,,2,2,1,1,1,1,1,0,0,0,0,1,2
28-p-quad_x1-side,28,28-p-quad,,0,0,0,0.5,0.5,0.5,0.5,0.5,0.5,0.5,1,1,1
28-p-quad_x1-r,28,28-p-quad,,0,0,0,1,1,1,1,1,0,0,0,1,1
28-p-quad_x1-fore,28,28-p-quad,,1,1,1,1,1,1,0,0,0,0,0,1,1
28-p-quad_x1-aft,28,28-p-quad,,0,0,0,1,1,1,1,1,1,1,1,1,1
28-p-quad_x1,28,28-p-quad,,,0,,,1,,1,,,1,1,1,1
25-p-type96-single_x52-kitakami,25,25-p-type96-single,,,4,,,1,,29,,,7.5,,,52
25-p-type96-single_x40-shinano,25,25-p-type96-single,,,2,,,,,20,,,0,,,40
25-p-type96-single_x39,25,25-p-type96-single,,,9,,,,,20,,,10,,,39
25-p-type96-single_x36-shokaku,25,25-p-type96-single,,,1,,,,,18,,,2,,,36
25-p-type96-single_x30-zuiho,25,25-p-type96-single,,,1,,,,,15,,,3,,,30
25-p-type96-single_x30-takao,25,25-p-type96-single,,,7,,,,,17,,,9,,,30
25-p-type96-single_x30-junyo,25,25-p-type96-single,,,6,,,,,14,,,3,,,30
25-p-type96-single_x28-taiyo,25,25-p-type96-single,,,1,,,,,14,,,2,,,28
25-p-type96-single_x28-myoko,25,25-p-type96-single,,,6,,,,,16,,,11,,,28
25-p-type96-single_x28-agano,25,25-p-type96-single,,,6.5,,,,,16,,,7,,,28
25-p-type96-single_x28,25,25-p-type96-single,,,11,,,,,14,,,13,,,28
25-p-type96-single_x27-takao,25,25-p-type96-single,,,4,,,,,16,,,7,,,27
25-p-type96-single_x26-alt,25,25-p-type96-single,,,3,,,,,13,,,7,,,26
25-p-type96-single_x26,25,25-p-type96-single,,,12,,,,,13,,,8,,,26
25-p-type96-single_x25-tone,25,25-p-type96-single,,,5.5,,,,,17,,,11,,,25
25-p-type96-single_x25-kitakami,25,25-p-type96-single,,,3,,,,,15,,,4.5,,,25
25-p-type96-single_x25,25,25-p-type96-single,,,12,,,,,13,,,8,,,25
25-p-type96-single_x24-nagara,25,25-p-type96-single,,,4,,,,,13,,,4,,,24
25-p-type96-single_x24-myoko,25,25-p-type96-single,,,5,,,,,12,,,10,,,24
25-p-type96-single_x24-mogami,25,25-p-type96-single,,,4,,,,,14,,,10,,,24
25-p-type96-single_x24,25,25-p-type96-single,,,10,,,,,12,,,10,,,24
25-p-type96-single_x23-unryu,25,25-p-type96-single,,,2,,,,,14.5,,,4,,,23
25-p-type96-single_x23-tone,25,25-p-type96-single,,,5.5,,,,,15,,,9,,,23
25-p-type96-single_x23,25,25-p-type96-single,,,4,,,,,12,,,11,,,23
25-p-type96-single_x22-takao,25,25-p-type96-single,,,5,,,,,14,,,66,,,22
25-p-type96-single_x22-agano,25,25-p-type96-single,,,6.5,,,,,12.5,,,6,,,22
25-p-type96-single_x20-ryuho,25,25-p-type96-single,,,5,,,,,8,,,7,,,20
25-p-type96-single_x20-oyodo,25,25-p-type96-single,,,6.5,,,,,12,,,3,,,20
25-p-type96-single_x18-tone,25,25-p-type96-single,,,5.5,,,,,11,,,4,,,18
25-p-type96-single_x18-mogami-alt,25,25-p-type96-single,,,2,,,,,11,,,8,,,18
25-p-type96-single_x18-mogami,25,25-p-type96-single,,,2,,,,,16,,,4,,,18
25-p-type96-single_x18-agano,25,25-p-type96-single,,,6,,,,,11,,,5,,,18
25-p-type96-single_x17-nagara,25,25-p-type96-single,,,3,,,,,8,,,2,,,17
25-p-type96-single_x17,25,25-p-type96-single,,,7,,,,,9,,,7,,,17
25-p-type96-single_x16-unryu,25,25-p-type96-single,,,2,,,,,8,,,2,,,16
25-p-type96-single_x15-aoba,25,25-p-type96-single,,,3,,,,,8,,,3,,,15
25-p-type96-single_x14-nagara,25,25-p-type96-single,,,3,,,,,7,,,3,,,14
25-p-type96-single_x12-shokaku,25,25-p-type96-single,,,0,,,,,6,,,0,,,12
25-p-type96-single_x12-kuma,25,25-p-type96-single,,,2,,,,,6,,,2.5,,,12
25-p-type96-single_x12-junyo,25,25-p-type96-single,,,3,,,,,6,,,3,,,12
25-p-type96-single_x11-oyodo,25,25-p-type96-single,,,5,,,,,6,,,2,,,11
25-p-type96-single_x11,25,25-p-type96-single,,,1,,,,,6,,,7,,,11
25-p-type96-single_x10-zuiho,25,25-p-type96-single,,,0,,,,,5,,,1,,,10
25-p-type96-single_x10-takao,25,25-p-type96-single,,,2,,,,,5,,,3,,,10
25-p-type96-single_x10-shokaku,25,25-p-type96-single,,,0,,,,,5,,,0,,,10
25-p-type96-single_x10-shimane-maru,25,25-p-type96-single,,,0,,,,,5,,,2,,,10
25-p-type96-single_x10-katori,25,25-p-type96-single,,,4.5,,,,,5,,,3,,,10
25-p-type96-single_x9-takao,25,25-p-type96-single,,,2,,,,,5,,,3,,,9
25-p-type96-single_x8-yasoshima,25,25-p-type96-single,,,2,,,,,4,,,3,,,8
25-p-type96-single_x8-myoko,25,25-p-type96-single,,,2,,,,,4,,,3,,,8
25-p-type96-single_x8-mogami,25,25-p-type96-single,,,2,,,,,6,,,4,,,8
25-p-type96-single_x8-agano,25,25-p-type96-single,,,4,,,,,5,,,3,,,8
25-p-type96-single_x8,25,25-p-type96-single,,,3,,,,,4,,,3,,,8
25-p-type96-single_x7,25,25-p-type96-single,,,3,,,,,4,,,4,,,7
25-p-type96-single_x6-kuma,25,25-p-type96-single,,,2,,,,,3,,,2,,,6
25-p-type96-single_x6,25,25-p-type96-single,,,1,,,,,3,,,4,,,6
25-p-type96-single_x4-sides-2,25,25-p-type96-single,,,0,,,,,2,,,1,,,4
25-p-type96-single_x4-sides,25,25-p-type96-single,,,0,,,,,2,,,0,,,4
25-p-type96-single_x4,25,25-p-type96-single,,2,0,1,2,2,2,2,2,1,2,2,2,4
25-p-type96-single_x3-unryu,25,25-p-type96-single,,,0,,,,,1.5,,,2,,,3
25-p-type96-single_x2-fore,25,25-p-type96-single,,2,1,1,1,1,1,1,1,0,0,0,1,2
25-p-type96-single_x2-alt,25,25-p-type96-single,,,1,,,,,1,,,1,,,2
25-p-type96-single_x2-aft-2,25,25-p-type96-single,,,0,,,,,1,,,1,,,2
25-p-type96-single_x2-aft,25,25-p-type96-single,,0,0,0,0,1,1,1,1,2,2,2,2,2
25-p-type96-single_x2,25,25-p-type96-single,,,0,,,,,1,,,1,,,2
25-p-nordenfelt-markiii_x8,25,25-p-nordenfelt-markiii,,,2,,,,,4,,,2,,0,8
25-p-nordenfelt-markiii_x7,25,25-p-nordenfelt-markiii,,,2,,,,,3,,,2,,0,7
25-p-nordenfelt-markiii_x6,25,25-p-nordenfelt-markiii,,,2,,,,,3,,,2,,0,6
25-p-nordenfelt-markiii_x4-side,25,25-p-nordenfelt-markiii,,,0,,,,,2,,,0,,0,4
25-p-nordenfelt-markiii_x4,25,25-p-nordenfelt-markiii,,,1,,,,,2,,,2,,0,4
25-p-nordenfelt-marki-dual_x2,25,25-p-nordenfelt-marki-dual,,,0,,,,,1,,,0,,0,2
25-gs-nordenfelt-markiii_x10,25,25-gs-nordenfelt-markiii,,,2,,,,,5,,,2,,0,10
25-gs-nordenfelt-markiii_x4,25,25-gs-nordenfelt-markiii,,2,1,1,2,2,2,2,2,1,1,2,0,2
25-gs-nordenfelt-markiii_x2,25,25-gs-nordenfelt-markiii,,,1,,,,,1,,,1,,0,2
25-gs-72k_x2,25,25-gs-72k,,,1,,,,,1,,,1,,,2
25-cp-type96-twin_x18-alt,25,25-cp-type96-twin,,,4,,,,,9,,,7,,,18
25-cp-type96-twin_x17,25,25-cp-type96-twin,,,6,,,,,9,,,5,,,17
25-cp-type96-twin_x16-alt,25,25-cp-type96-twin,,,4,,,,,8,,,6,,,16
25-cp-type96-twin_x14-soryu,25,25-cp-type96-twin,,,3,,,,,6,,,0.5,,,14
25-cp-type96-twin_x14-kaga,25,25-cp-type96-twin,,,0,,,,,7,,,1,,,14
25-cp-type96-twin_x14-akagi,25,25-cp-type96-twin,,,2,,,,,7,,,2,,,14
25-cp-type96-twin_x12-aoba,25,25-cp-type96-twin,,,2,,,,,2.5,,,2,,,12
25-cp-type96-twin_x10-tokiwa,25,25-cp-type96-twin,,7,5,5,4,6,6,6,6,6,5,7,8,10
25-cp-type96-twin_x10-mizuho,25,25-cp-type96-twin,,,2,,,,,4,,,3,,,10
25-cp-type96-twin_x10-hosho,25,25-cp-type96-twin,,,3,,,,,5,,,3,,,10
25-cp-type96-twin_x10-alt,25,25-cp-type96-twin,,,3,,,,,5,,,5,,,10
25-cp-type96-twin_x10-akagi,25,25-cp-type96-twin,,,3.5,,,,,5,,,2,,,10
25-cp-type96-twin_x10,25,25-cp-type96-twin,,,4,,,,,5,,,3,,,10
25-cp-type96-twin_x9,25,25-cp-type96-twin,,,2,,,,,5,,,2,,,9
25-cp-type96-twin_x8-myoko,25,25-cp-type96-twin,,,2,,,,,4,,,3,,,8
25-cp-type96-twin_x8-hosho,25,25-cp-type96-twin,,,1,,,,,4,,,3,,,8
25-cp-type96-twin_x8-alt,25,25-cp-type96-twin,,,3,,,,,4,,,3,,,8
25-cp-type96-twin_x8,25,25-cp-type96-twin,,,2,,,,,4,,,2,,,8
25-cp-type96-twin_x7-hayasui,25,25-cp-type96-twin,,,3,,,,,4,,,3,,,7
25-cp-type96-twin_x6-tone,25,25-cp-type96-twin,,,2,,,,,3,,,3,,,6
25-cp-type96-twin_x6-takao,25,25-cp-type96-twin,,,2,,,,,3,,,1,,,6
25-cp-type96-twin_x6-nagara,25,25-cp-type96-twin,,,0.5,,,,,3,,,1.5,,,6
25-cp-type96-twin_x6-mizuho,25,25-cp-type96-twin,,,2,,,,,3,,,2,,,6
25-cp-type96-twin_x6-hosho,25,25-cp-type96-twin,,,1,,,,,3,,,3,,,6
25-cp-type96-twin_x6-chitose,25,25-cp-type96-twin,,,2,,,,,3,,,3,,,6
25-cp-type96-twin_x6-alt,25,25-cp-type96-twin,,,1,,,,,3,,,1,,,6
25-cp-type96-twin_x6,25,25-cp-type96-twin,,,0,,,,,3,,,2,,,6
25-cp-type96-twin_x5-tenryu,25,25-cp-type96-twin,,,0.5,,,,,4,,,1.5,,,5
25-cp-type96-twin_x4-zuiho-2,25,25-cp-type96-twin,,,0,,,,,2,,,0,,,4
25-cp-type96-twin_x4-zuiho,25,25-cp-type96-twin,,,0,,,,,2,,,0,,,4
25-cp-type96-twin_x4-yubari,25,25-cp-type96-twin,,,1.5,,,,,2.5,,,1,,,4
25-cp-type96-twin_x4-yasoshima,25,25-cp-type96-twin,,,0,,,,,4,,,4,,,4
25-cp-type96-twin_x4-tenryu,25,25-cp-type96-twin,,,0.5,,,,,3,,,0.5,,,4
25-cp-type96-twin_x4-taiyo-2,25,25-cp-type96-twin,,,1,,,,,2,,,0,,,4
25-cp-type96-twin_x4-taiyo,25,25-cp-type96-twin,,,2,,,,,2,,,0,,,4
25-cp-type96-twin_x4-taigei,25,25-cp-type96-twin,,,2,,,,,2,,,2,,,4
25-cp-type96-twin_x4-sides-2,25,25-cp-type96-twin,,,0,,,,,2,,,1,,,4
25-cp-type96-twin_x4-sides,25,25-cp-type96-twin,,,0,,,,,2,,,0,,,4
25-cp-type96-twin_x4-ryuho,25,25-cp-type96-twin,,,0,,,,,2,,,0,,,4
25-cp-type96-twin_x4-kuma,25,25-cp-type96-twin,,,0.5,,,,,2,,,1,,,4
25-cp-type96-twin_x4-fore,25,25-cp-type96-twin,,,3,,,,,2,,,0,,,4
25-cp-type96-twin_x4-alt,25,25-cp-type96-twin,,,0,,,,,2,,,1,,,4
25-cp-type96-twin_x4-agano,25,25-cp-type96-twin,,,0,,,,,2,,,2,,,4
25-cp-type96-twin_x4,25,25-cp-type96-twin,,,2,,,,,2,,,2,,,4
25-cp-type96-twin_x3-side,25,25-cp-type96-twin,,,0,,,,,1.5,,,0,,,3
25-cp-type96-twin_x3-nagara,25,25-cp-type96-twin,,,0.5,,,,,2,,,1.5,,,3
25-cp-type96-twin_x2-yubari,25,25-cp-type96-twin,,,0.5,,,,,1.5,,,1,,,2
25-cp-type96-twin_x2-tenryu,25,25-cp-type96-twin,,,0.5,,,,,1.5,,,0.5,,,2
25-cp-type96-twin_x2-sides,25,25-cp-type96-twin,,0,0,0,1,1,1,1,1,0,0,0,1,2
25-cp-type96-twin_x2-kuma,25,25-cp-type96-twin,,,0.5,,,,,1,,,0.5,,,2
25-cp-type96-twin_x2-kitakami,25,25-cp-type96-twin,,,0.5,,,,,1,,,1,,,2
25-cp-type96-twin_x2-junyo,25,25-cp-type96-twin,,,0,,,,,1,,,0,,,2
25-cp-type96-twin_x2-fore,25,25-cp-type96-twin,,2,2,2,2,1,1,1,0,0,0,0,1,2
25-cp-type96-twin_x2-akitsushima,25,25-cp-type96-twin,,,2,,,,,1,,,1,,,2
25-cp-type96-twin_x2-agano,25,25-cp-type96-twin,,,0,,,,,2,,,1,,,2
25-cp-type96-twin_x2-aft,25,25-cp-type96-twin,,2,0,1,1,1,1,1,1,2,2,2,1,2
25-cp-type96-twin_x2,25,25-cp-type96-twin,,,0,,,,,1,,,1,,,2
25-cp-type96-twin_x1-aft,25,25-cp-type96-twin,,,0,,,,,0.5,,,1,,,1
25-cp-type96-triple_x37-shinano,25,25-cp-type96-triple,,,6.5,,,,,17.5,,,5.5,,,37
25-cp-type96-triple_x30,25,25-cp-type96-triple,,,8,,,,,15,,,10,,,30
25-cp-type96-triple_x25,25,25-cp-type96-triple,,,5,,,,,13,,,8,,,25
25-cp-type96-triple_x22-unryu,25,25-cp-type96-triple,,,5,,,,,10.5,,,5,,,22
25-cp-type96-triple_x20-unryu,25,25-cp-type96-triple,,,3.5,,,,,8.5,,,4,,,20
25-cp-type96-triple_x20-shokaku,25,25-cp-type96-triple,,,4,,,,,10,,,5,,,20
25-cp-type96-triple_x20,25,25-cp-type96-triple,,,7,,,,,10,,,5,,,19
25-cp-type96-triple_x19-junyo,25,25-cp-type96-triple,,,5,,,,,11.5,,,4.5,,,19
25-cp-type96-triple_x18-shokaku,25,25-cp-type96-triple,,,3,,,,,9,,,4,,,18
25-cp-type96-triple_x17-taiho,25,25-cp-type96-triple,,,2.5,,,,,8.5,,,3,,,17
25-cp-type96-triple_x17,25,25-cp-type96-triple,,,5,,,,,9,,,10,,,17
25-cp-type96-triple_x16-unryu,25,25-cp-type96-triple,,,3.5,,,,,6.5,,,3,,,16
25-cp-type96-triple_x16-shokaku,25,25-cp-type96-triple,,,2,,,,,7,,,3,,,16
25-cp-type96-triple_x16-junyo,25,25-cp-type96-triple,,,3,,,,,8.5,,,3.5,,,16
25-cp-type96-triple_x16-ibuki,25,25-cp-type96-triple,,,1.5,,,,,8.5,,,2,,,16
25-cp-type96-triple_x16,25,25-cp-type96-triple,,,5,,,,,9,,,8,,,16
25-cp-type96-triple_x15,25,25-cp-type96-triple,,,6,,,,,6,,,6,,,15
25-cp-type96-triple_x14-kitakami,25,25-cp-type96-triple,,,3.5,,,,,7,,,3,,,14
25-cp-type96-triple_x13,25,25-cp-type96-triple,,,5,,,,,7,,,2,,,13
25-cp-type96-triple_x12-tone,25,25-cp-type96-triple,,,4,,,,,9,,,6,,,12
25-cp-type96-triple_x12-taiyo,25,25-cp-type96-triple,,,2,,,,,6,,,2,,,12
25-cp-type96-triple_x12-shokaku,25,25-cp-type96-triple,,,0,,,,,6,,,1,,,12
25-cp-type96-triple_x12-oyodo,25,25-cp-type96-triple,,,2.5,,,,,8,,,4.5,,,12
25-cp-type96-triple_x12-junyo,25,25-cp-type96-triple,,,2,,,,,6,,,0.5,,,12
25-cp-type96-triple_x11-nagara,25,25-cp-type96-triple,,,2.5,,,,,6,,,2.5,,,11
25-cp-type96-triple_x11,25,25-cp-type96-triple,,,4,,,,,5,,,3,,,11
25-cp-type96-triple_x14-mogami,25,25-cp-type96-triple,,,4.5,,,,,7,,,5,,,10
25-cp-type96-triple_x10-zuiho,25,25-cp-type96-triple,,,1,,,,,5,,,2,,,10
25-cp-type96-triple_x10-shinyo,25,25-cp-type96-triple,,,2,,,,,5,,,2,,,10
25-cp-type96-triple_x10-ryuho,25,25-cp-type96-triple,,,2,,,,,5,,,2,,,10
25-cp-type96-triple_x10-mogami,25,25-cp-type96-triple,,,2.5,,,,,6,,,5,,,10
25-cp-type96-triple_x10,25,25-cp-type96-triple,,,2.5,,,,,7.5,,,5,,,10
25-cp-type96-triple_x9-shimane-maru,25,25-cp-type96-triple,,,1,,,,,5,,,0,,,9
25-cp-type96-triple_x9-hiryu,25,25-cp-type96-triple,,,2,,,,,6,,,0,,,9
25-cp-type96-triple_x8-turret-top,25,25-cp-type96-triple,,,2,,,,,4,,,2,,,8
25-cp-type96-triple_x8-tone,25,25-cp-type96-triple,,,4,,,,,5,,,4,,,8
25-cp-type96-triple_x8-taiyo,25,25-cp-type96-triple,,,2,,,,,3.5,,,2,,,8
25-cp-type96-triple_x8-nisshin,25,25-cp-type96-triple,,,2,,,,,4,,,0,,,8
25-cp-type96-triple_x8-kaiyo,25,25-cp-type96-triple,,,1,,,,,3.5,,,2,,,8
25-cp-type96-triple_x8-agano,25,25-cp-type96-triple,,,2.5,,,,,5.5,,,3,,,8
25-cp-type96-triple_x6-takao,25,25-cp-type96-triple,,,0,,,,,4,,,3,,,6
25-cp-type96-triple_x6-taiyo,25,25-cp-type96-triple,,,1,,,,,2.5,,,2,,,6
25-cp-type96-triple_x6-ryujo,25,25-cp-type96-triple,,,2,,,,,3,,,0,,,6
25-cp-type96-triple_x6-oyodo,25,25-cp-type96-triple,,,2,,,,,4.5,,,2.5,,,6
25-cp-type96-triple_x6-agano,25,25-cp-type96-triple,,,2,,,,,4.5,,,3,,,6
25-cp-type96-triple_x6,25,25-cp-type96-triple,,,1,,,,,3,,,1,,,6
25-cp-type96-triple_x5-yasoshima,25,25-cp-type96-triple,,,2,,,,,3,,,3,,,5
25-cp-type96-triple_x5-kuma,25,25-cp-type96-triple,,,0,,,,,4,,,3,,,5
25-cp-type96-triple_x5,25,25-cp-type96-triple,,,2,,,,,3,,,2,,,5
25-cp-type96-triple_x4-zuiho,25,25-cp-type96-triple,,,0,,,,,2,,,0,,,4
25-cp-type96-triple_x4-tone,25,25-cp-type96-triple,,,2,,,,,2,,,2,,,4
25-cp-type96-triple_x4-nagara,25,25-cp-type96-triple,,,0.5,,,,,3,,,2,,,4
25-cp-type96-triple_x4-kuma,25,25-cp-type96-triple,,,0,,,,,3.5,,,3,,4,4
25-cp-type96-triple_x4-katori,25,25-cp-type96-triple,,,0.5,,,,,2,,,2,,,4
25-cp-type96-triple_x4-barbette,25,25-cp-type96-triple,,,0,,,,,2,,,3,,,4
25-cp-type96-triple_x4-alt,25,25-cp-type96-triple,,,1,,,,,2,,,2,,,4
25-cp-type96-triple_x4-agano,25,25-cp-type96-triple,,,2,,,,,2.5,,,2,,,4
25-cp-type96-triple_x4,25,25-cp-type96-triple,,,1,,,,,2,,,1,,,4
25-cp-type96-triple_x3-yubari,25,25-cp-type96-triple,,,0.5,,,,,2,,,2,,,3
25-cp-type96-triple_x3-nagara,25,25-cp-type96-triple,,,0.5,,,,,2,,,1,,,3
25-cp-type96-triple_x3-kuma,25,25-cp-type96-triple,,,0,,,,,2.5,,,2,,,3
25-cp-type96-triple_x2-yamashiro-maru,25,25-cp-type96-triple,,,1,,,,,2,,,1,,2,2
25-cp-type96-triple_x2-nagara,25,25-cp-type96-triple,,,0,,,,,2,,,1,,2,2
25-cp-type96-triple_x2-kuma,25,25-cp-type96-triple,,,0.5,,,,,1.5,,,1,,,2
25-cp-type96-triple_x2-kitakami,25,25-cp-type96-triple,,,0,,,,,1,,,2,,,2
25-cp-type96-triple_x2-fore-aft-2,25,25-cp-type96-triple,,,1,,,,,2,,,0,,2,2
25-cp-type96-triple_x2-fore-aft,25,25-cp-type96-triple,,1,1,1,1,2,2,2,1,1,1,1,2,2
25-cp-type96-triple_x2-fore,25,25-cp-type96-triple,,2,2,1,1,1,1,1,1,0,0,0,1,2
25-cp-type96-triple_x2-agano,25,25-cp-type96-triple,,,2,,,,,1.5,,,0,,,2
25-cp-type96-triple_x2-aft-2,25,25-cp-type96-triple,,,0,,,,,1,,,1,,,2
25-cp-type96-triple_x2-aft,25,25-cp-type96-triple,,0,0,0,0,1,1,1,2,2,2,2,1,2
25-cp-type96-triple_x2,25,25-cp-type96-triple,,,0,,,,,2,,,0,,,2
25-cp-type96-triple_x1-fore,25,25-cp-type96-triple,,,1,,,,,1,,,0,,1,1
25-cp-type96-triple_x1-aft,25,25-cp-type96-triple,,,0,,,,,1,,,1,,1,1
25-cp-cas-m1939_x2,25,25-cp-cas-m1939,,,0,,,,,1,,,1,,,2
25-cp-cad-m1939_x1,25,25-cp-cad-m1939,,,0,,,,,1,,,1,,,1
25-ag-type96-triple_x24,25,25-ag-type96-triple,,,5,,,,,12,,,10,,,24
25-ag-type96-triple_x16,25,25-ag-type96-triple,,,4,,,,,8,,,7,,,16
25-ag-type96-triple_x8,25,25-ag-type96-triple,,,3,,,,,4,,,2,,,8
25-ag-bl-120_x10,25,25-ag-bl-120,,,1,,,,,5,,,3,,,10
20-sm-sea-vulcan_x2-aft,20,20-sm-sea-vulcan,,,0,1,1,1,,2,2,2,2,,2,2
20-sm-sea-vulcan_x1-x,20,20-sm-sea-vulcan,,,0,0,1,1,,1,1,1,1,,1,1
20-sm-m1940_x8-trieste,20,20-sm-m1940,,,2,,,,,5,,,6,,,8
20-sm-m1940_x8,20,20-sm-m1940,,,2,,,,,5,,,4,,,8
20-sm-m1940_x6-alt,20,20-sm-m1940,,,3,,,,,4,,,3,,,6
20-sm-m1940_x6,20,20-sm-m1940,,,0,,,,,4,,,2,,,6
20-sm-m1940_x4-alt-2,20,20-sm-m1940,,,1,,,,,2,,,1,,,4
20-sm-m1940_x4-aft,20,20-sm-m1940,,,0,,,,,2,,,4,,,4
20-sm-m1940_x4,20,20-sm-m1940,,,2,,,,,2,,,2,,,4
20-sm-m1940_x2-fore,20,20-sm-m1940,,,2,,,,,1,,,0,,,2
20-sm-m1940_x2,20,20-sm-m1940,,,1,,,,,1,,,1,,,2
20-sm-m1935_x16,20,20-sm-m1935,,,3,,,,,10,,,3,,,16
20-sm-m1935_x14,20,20-sm-m1935,,,3,,,,,9,,,2,,,14
20-sm-m1935_x10,20,20-sm-m1935,,,3,,,,,7.5,,,6,,,10
20-sm-m1935_x8-cc,20,20-sm-m1935,,,3,,,,,4,,,4,,,8
20-sm-m1935_x8-ad,20,20-sm-m1935,,,1,,,,,4,,,4,,,8
20-sm-m1935_x8,20,20-sm-m1935,,,1,,,,,4,,,2,,,8
20-sm-m1935_x6-alt,20,20-sm-m1935,,,3,,,,,5,,,3,,,6
20-sm-m1935_x6,20,20-sm-m1935,,,2,,,,,3,,,4,,,6
20-sm-m1935_x4-romani,20,20-sm-m1935,,,1,,,,,3,,,2,,,4
20-sm-m1935_x4-alt-2,20,20-sm-m1935,,,1,,,,,2,,,2,,,4
20-sm-m1935_x4-alt,20,20-sm-m1935,,,3,,,,,2,,,3,,,4
20-sm-m1935_x4,20,20-sm-m1935,,,0,,,,,2,,,0,,,4
20-p-sif-1939_x26,20,20-p-sif-1939,,,,,,,,13,,,,,,26
20-p-sif-1939_x6,20,20-p-sif-1939,,,2,,,,,3,,,2,,,6
20-p-mk6-mk4_x20,20,20-p-mk6-mk4,,,5,,,,,9,,,4,,,20
20-p-mk6_x78-sd,20,20-p-mk6,,,9,14,33.5,34.5,34.5,33.5,28.5,13.5,14.5,,52.5,78
20-p-mk6_x77,20,20-p-mk6,,,14,,,,,34,,,16,,,77
20-p-mk6_x64-nc,20,20-p-mk6,,,6,9,29,34,34,34,33,10,7,,44,64
20-p-mk6_x64,20,20-p-mk6,,,17,,,,,32,,,9,,,64
20-p-mk6_x62-nc,20,20-p-mk6,,,5,6,26,31,31,31,27,2,0,,38,62
20-p-mk6_x61,20,20-p-mk6,,20,12,9,27,30.5,30.5,28.5,28.5,12,11,19,40,61
20-p-mk6_x60-sd,20,20-p-mk6,,,14,,,,,26,,,13,,,60
20-p-mk6_x60-essex,20,20-p-mk6,,,3,,,,,30,,,6,,,60
20-p-mk6_x59-ticonderoga,20,20-p-mk6,,,3,,,,,29.5,,,4,,,59
20-p-mk6_x59-tenn,20,20-p-mk6,,21,8,12,8.5,28,30,24,20,13,9,20,33,59
20-p-mk6_x58-nc,20,20-p-mk6,,,5,6,25,29,29,29,25,2,0,,35,58
20-p-mk6_x58-essex,20,20-p-mk6,,,4.5,,,,,29,,,4,,,58
20-p-mk6_x58-col,20,20-p-mk6,,23,16,14,20,26,28.5,26.5,19,13,19,21,32.5,58
20-p-mk6_x58,20,20-p-mk6,,14,9,8,25,29.5,29.5,29.5,27.5,12,11,19,37,58
20-p-mk6_x56-sd,20,20-p-mk6,,,11,12,24,28,28,28,25,9,10,,35,56
20-p-mk6_x55-ticonderoga,20,20-p-mk6,,,3,,,,,27.5,,,4,,,55
20-p-mk6_x54-nc-2,20,20-p-mk6,,,11,12,22,26,26,26,23,4,3,,37,54
20-p-mk6_x54-nc,20,20-p-mk6,,,2,3,22,28,28,28,23,0,0,,32,54
20-p-mk6_x54-essex,20,20-p-mk6,,,3,,,,,27,,,5,,,54
20-p-mk6_x54,20,20-p-mk6,,,15,,,,,27,,,7,,,54
20-p-mk6_x52-lexington,20,20-p-mk6,,,5,,,,,31,,,8,,,52
20-p-mk6_x52,20,20-p-mk6,,21,14,14,25,25.5,25.5,24.5,25.5,9,8,14,34,52
20-p-mk6_x51-sd-2,20,20-p-mk6,,,8,9,25,24,24,24,26,10,10,,34,51
20-p-mk6_x51-sd,20,20-p-mk6,,,13,15,21,25,25,25,23,11,10,,35,51
20-p-mk6_x51-penn,20,20-p-mk6,,17,9,11,13.5,25,27,24,10.5,9,9,12,27,51
20-p-mk6_x51-nc,20,20-p-mk6,,,8,10,20,22,22,22,19,9,8,,31,51
20-p-mk6_x50-sd-2,20,20-p-mk6,,,10,10,21,25,25,25,26,11,12,,35,50
20-p-mk6_x50-sd,20,20-p-mk6,,,,,,25,,25,,,,,,50
20-p-mk6_x50-r,20,20-p-mk6,,,12,,,,,20,,,13,,,50
20-p-mk6_x50-enterprise,20,20-p-mk6,,,2,,,,,24,,,6,,,50
20-p-mk6_x49,20,20-p-mk6,,18,10,7,23,23.5,23.5,23.5,24.5,9,8,14,31,49
20-p-mk6_x48-sd,20,20-p-mk6,,,9,10,22,24,24,24,25,11,12,,31,48
20-p-mk6_x48-ny,20,20-p-mk6,,14,12,11,14,24,24,24,16.5,5,5,6,39,48
20-p-mk6_x48-nc,20,20-p-mk6,,,8,13,22,24,24,24,20,4,5,,34,48
20-p-mk6_x48-essex,20,20-p-mk6,,,3,,,,,24,,,5,,,48
20-p-mk6_x48,20,20-p-mk6,,,16,,,,,24,,,7,,,48
20-p-mk6_x46-texas,20,20-p-mk6,,10,6,6,11.5,21,23,23,14.5,10,9,18,32,46
20-p-mk6_x46-sd-2,20,20-p-mk6,,,9,10,19,20,20,20,17,5.5,5,,28,46
20-p-mk6_x46-sd,20,20-p-mk6,,,11,12,22,22,22,22,19,7,7,,30,46
20-p-mk6_x46-ranger,20,20-p-mk6,,,4,,,,,22.5,,,4,,,46
20-p-mk6_x46-nm,20,20-p-mk6,,15,8,7,16,20,22,22,16,11,12,17,28,46
20-p-mk6_x46-essex,20,20-p-mk6,,,3,,,,,21.5,,,8,,,46
20-p-mk6_x46-enterprise,20,20-p-mk6,,,4,,,,,22,,,6,,,46
20-p-mk6_x46,20,20-p-mk6,,,15,,,,,23,,,7,,,46
20-p-mk6_x45-sd,20,20-p-mk6,,,9,10,20,23,23,21,18,9,9,,30,45
20-p-mk6_x44-sd,20,20-p-mk6,,,11,,,,,21,,,7,,,44
20-p-mk6_x44-ny,20,20-p-mk6,,16,12,13,17,21,22,22,14,4,3,5,29,44
20-p-mk6_x44,20,20-p-mk6,,12,10,7,20,21.5,20.5,20.5,20.5,7,5,10,28,44
20-p-mk6_x42-sd,20,20-p-mk6,,,12,14,18,20,20,20,19,10,10,,28,42
20-p-mk6_x42-ny,20,20-p-mk6,,18,14,14,18,20,21,21,14.5,5,4,7,28,42
20-p-mk6_x42-nm,20,20-p-mk6,,15,8,7,15,18,20,20,15,10,11,15,26,42
20-p-mk6_x42,20,20-p-mk6,,,8,,,,,20,,,9,,,42
20-p-mk6_x41-tenn,20,20-p-mk6,,13,9,8,14.5,20,21,17,14,8,9,12,23,41
20-p-mk6_x41-sd,20,20-p-mk6,,,12,12.5,22.5,19.5,19.5,18.5,19.5,9,9,,27.5,41
20-p-mk6_x41,20,20-p-mk6,,8,7,4,18,19.5,19.5,19.5,19.5,7,5,10,25,41
20-p-mk6_x40-nm-2,20,20-p-mk6,,15,10,9,15,19,20,19,14,12,12,15,22,40
20-p-mk6_x40-nm,20,20-p-mk6,,,12,,,,,19,,,15,,,40
20-p-mk6_x40-nev-alt,20,20-p-mk6,,9,4,5,10.5,20,21,21,11,9,10,14,23,40
20-p-mk6_x40-nev,20,20-p-mk6,,11,4,6,10.5,19,22,22,13,9,8,14,23,40
20-p-mk6_x40-nc-3,20,20-p-mk6,,,5,10,18,20,20,20,16,2,3,,27,40
20-p-mk6_x40-nc-2,20,20-p-mk6,,,12,12,17,20,20,20,18,11,11,,28,40
20-p-mk6_x40-nc,20,20-p-mk6,,,11,14,19,20,20,20,20,9,7,,26,40
20-p-mk6_x40,20,20-p-mk6,,,12,,,,,20,,,7,,,40
20-p-mk6_x39-nm,20,20-p-mk6,,17,9,10,18,20,20,19,14.5,15,14,18,22,39
20-p-mk6_x38-r,20,20-p-mk6,,,11,,,,,15,,,13,,,38
20-p-mk6_x38-nm-alt,20,20-p-mk6,,15,10,9,12,17,19,18,15.5,10,11,15,22,38
20-p-mk6_x38-nm,20,20-p-mk6,,13,11,10,13,16,19,17,13,19,11,13,21,38
20-p-mk6_x38-enterprise,20,20-p-mk6,,,4,,,,,18.5,,,2,,,38
20-p-mk6_x38-col,20,20-p-mk6,,10,6,5,14,18,21,21,15,7,7,11,25,38
20-p-mk6_x38-col,20,20-p-mk6,,9,6,6,12,20,20,20,12.5,6,5,8,23,38
20-p-mk6_x38,20,20-p-mk6,,,14,,,,,15,,,7,,,38
20-p-mk6_x37-col,20,20-p-mk6,,11,7,6,12.5,18,19,19,15.5,7,7,11,25,37
20-p-mk6_x36-texas,20,20-p-mk6,,12,7,7,9.5,17,18,17,15,7,7,11,21,36
20-p-mk6_x36,20,20-p-mk6,,,13,,,,,14,,,8,,,36
20-p-mk6_x35-sangamon,20,20-p-mk6,,,3.5,,,,,16.5,,,1,,,35
20-p-mk6_x35,20,20-p-mk6,,,10,,,,,15,,,8,,,35
20-p-mk6_x34-sd,20,20-p-mk6,,,10,10,17,16,,16,18,8,9,,24,34
20-p-mk6_x34-nc,20,20-p-mk6,,,10,13,16,17,,17,17,9,7,,20,34
20-p-mk6_x34-alaska,20,20-p-mk6,,,4,5,16,17,,17,16,4,3,,21,34
20-p-mk6_x33,20,20-p-mk6,,,10,,,,,16,,,11,,,33
20-p-mk6_x32-sd,20,20-p-mk6,,,13,12,16,15,,15,15,8,8,,23,32
20-p-mk6_x32-lexington,20,20-p-mk6,,,4,,,,,21,,,7,,,32
20-p-mk6_x32-col,20,20-p-mk6,,,6,,,,,15,,,6,,,32
20-p-mk6_x32,20,20-p-mk6,,,12,,,,,12,,,7,,,32
20-p-mk6_x31-sangamon,20,20-p-mk6,,,3.5,,,,,14.5,,,1,,,31
20-p-mk6_x30-sd-2,20,20-p-mk6,,,6,5,16,15,,15,15,3.5,4,,20,30
20-p-mk6_x30-sd,20,20-p-mk6,,,5,6,16,15,,15,13,4,5,,15,30
20-p-mk6_x30-hornet,20,20-p-mk6,,,4,,,,,14.5,,,6,,,30
20-p-mk6_x30-bogue,20,20-p-mk6,,,2.5,,,,,15,,,4,,,30
20-p-mk6_x28-wyo-alt,20,20-p-mk6,,12,8,7.5,8.5,12,13,12,10,11,10,14,17,28
20-p-mk6_x28-wyo,20,20-p-mk6,,,7,,,,,15,,,9,,,28
20-p-mk6_x28-wyo,20,20-p-mk6,,10,6,6.5,7.5,12,13,12,11,11,10,14,17,28
20-p-mk6_x28-midway,20,20-p-mk6,,,1,,,,,10.5,,,8,,,28
20-p-mk6_x27-bogue,20,20-p-mk6,,,2.5,,,,,13.5,,,2.5,,,27
20-p-mk6_x26-wyo,20,20-p-mk6,,12,8,7.5,8.5,12,13,12,10,9,8,12,15,26
20-p-mk6_x26-ranger,20,20-p-mk6,,,7,,,,,14.5,,,2,,,26
20-p-mk6_x26-bearn,20,20-p-mk6,,,2,,,,,12,,,3,,,26
20-p-mk6_x26-ameer,20,20-p-mk6,,,2,,,,,13,,,3,,,26
20-p-mk6_x25-sangamon,20,20-p-mk6,,,3.5,,,,,11.5,,,1,,,25
20-p-mk6_x25-no-alt,20,20-p-mk6,,,6,,,,,13,,,5,,,25
20-p-mk6_x25-no,20,20-p-mk6,,,6,,,,,13,,,9,,,25
20-p-mk6_x25-nh,20,20-p-mk6,,,6,,,,,12,,,9,,,25
20-p-mk6_x25-lorraine,20,20-p-mk6,,,8,,,,,13,,,9,,,25
20-p-mk6_x25-illustrious,20,20-p-mk6,,,4,,,,,13,,,9,,,25
20-p-mk6_x25,20,20-p-mk6,,,7,,,,,12,,,9,,,25
20-p-mk6_x24-yorktown,20,20-p-mk6,,,3,,,,,11,,,4,,,24
20-p-mk6_x24-wasp,20,20-p-mk6,,,2,,,,,12,,,2,,,24
20-p-mk6_x24-balt,20,20-p-mk6,,,6,,,,,13,,,1,,,24
20-p-mk6_x22-brooklyn,20,20-p-mk6,,,7,,,,,12,,,6,,,24
20-p-mk6_x23-sangamon,20,20-p-mk6,,,3.5,,,,,10.5,,,1,,,23
20-p-mk6_x23-pitts,20,20-p-mk6,,,3,,,,,14,,,2,,,23
20-p-mk6_x23-independence,20,20-p-mk6,,,4,,,,,10,,,3,,,23
20-p-mk6_x23-cleveland-alt,20,20-p-mk6,,,6,,,,,11,,,9,,,23
20-p-mk6_x23-can,20,20-p-mk6,,,3,,,,,13,,,2,,,23
20-p-mk6_x23-balt,20,20-p-mk6,,,3,,,,,12,,,1,,,23
20-p-mk6_x22-no-alt,20,20-p-mk6,,,4,,,,,11,,,5,,,22
20-p-mk6_x22-no,20,20-p-mk6,,,5,,,,,11,,,4,,,22
20-p-mk6_x22-lexington,20,20-p-mk6,,,0,,,,,11,,,4.5,,,22
20-p-mk6_x22-independence,20,20-p-mk6,,,3,,,,,10,,,3,,,22
20-p-mk6_x22-col,20,20-p-mk6,,,3,,,,,13,,,1,,,22
20-p-mk6_x22-bogue,20,20-p-mk6,,,2,,,,,11,,,3,,,22
20-p-mk6_x22-balt,20,20-p-mk6,,,10,,,,,11,,,6,,,22
20-p-mk6_x21-sangamon,20,20-p-mk6,,,3.5,,,,,9.5,,,1,,,21
20-p-mk6_x21-cleveland-alt,20,20-p-mk6,,,6,,,,,10,,,9,,,21
20-p-mk6_x21-cleveland,20,20-p-mk6,,,6,,,,,11,,,7,,,21
20-p-mk6_x20-wyo,20,20-p-mk6,,8,6,5.5,7.5,10,10,9,7.5,8,8,10,11,20
20-p-mk6_x20-us,20,20-p-mk6,,,2,,,,,9,,,3,,,20
20-p-mk6_x20-suffren,20,20-p-mk6,,,6,,,,,8.5,,,6,,,20
20-p-mk6_x20-escort,20,20-p-mk6,,,2,,,,,10,,,2,,,20
20-p-mk6_x20-duquesne,20,20-p-mk6,,,5,,,,,13,,,6,,,20
20-p-mk6_x20-duguay-2,20,20-p-mk6,,,4,,,,,9.5,,,5,,,20
20-p-mk6_x20-duguay,20,20-p-mk6,,,5,,,,,11,,,5,,,20
20-p-mk6_x20-currituck,20,20-p-mk6,,,2,,,,,10,,,1,,,20
20-p-mk6_x20-commencement-bay,20,20-p-mk6,,,1,,,,,10,,,2,,,20
20-p-mk6_x20-cleveland,20,20-p-mk6,,,7,,,,,9,,,9,,,20
20-p-mk6_x20-casablanca,20,20-p-mk6,,,2,,,,,10,,,2,,,20
20-p-mk6_x20-bogue,20,20-p-mk6,,,2,,,,,10,,,3,,,20
20-p-mk6_x20,20,20-p-mk6,,,6,7,9,9,,9,8,5,5,,13,20
20-p-mk6_x19-sangamon,20,20-p-mk6,,,3.5,,,,,8.5,,,1,,,19
20-p-mk6_x19-port,20,20-p-mk6,,,5,,,,,12,,,5,,,19
20-p-mk6_x19-penn,20,20-p-mk6,,8,4,7,8,8,10,9,7,3,4,5,9,19
20-p-mk6_x19-nh-alt,20,20-p-mk6,,,6,,,,,10,,,6,,,19
20-p-mk6_x19-nh,20,20-p-mk6,,,5,,,,,12,,,5,,,19
20-p-mk6_x19-cleveland,20,20-p-mk6,,,5,,,,,9,,,7,,,19
20-p-mk6_x19-atlanta,20,20-p-mk6,,,4,,,,,10,,,4,,,19
20-p-mk6_x19,20,20-p-mk6,,,7,,,,,9,,,4,,,19
20-p-mk6_x18-wyo,20,20-p-mk6,,8,6,5.5,5.5,8,9,8,6.5,7,7,8,10,18
20-p-mk6_x18-wich,20,20-p-mk6,,,6,,,,,10,,,3,,,18
20-p-mk6_x18-st-louis,20,20-p-mk6,,,5,,,,,9,,,6,,,18
20-p-mk6_x18-port,20,20-p-mk6,,,5,,,,,11,,,4,,,18
20-p-mk6_x18-emile,20,20-p-mk6,,,6,,,,,11,,,6,,,18
20-p-mk6_x18-curtis,20,20-p-mk6,,,3,,,,,8.5,,,3,,,18
20-p-mk6_x18-cleveland,20,20-p-mk6,,,7,,,,,8,,,8,,,18
20-p-mk6_x18-bogue,20,20-p-mk6,,,0,,,,,8,,,3,,,18
20-p-mk6_x17-nh,20,20-p-mk6,,,6,,,,,9,,,6,,,17
20-p-mk6_x17-independence,20,20-p-mk6,,,2,,,,,7.5,,,3,,,17
20-p-mk6_x17-cleveland,20,20-p-mk6,,,4,,,,,9,,,5,,,17
20-p-mk6_x16-wich-alt-2,20,20-p-mk6,,,6,,,,,8,,,2,,,16
20-p-mk6_x16-wich-alt,20,20-p-mk6,,,5,,,,,8,,,1,,,16
20-p-mk6_x16-wich,20,20-p-mk6,,,5,,,,,8,,,3,,,16
20-p-mk6_x16-tenn,20,20-p-mk6,,10,7,7,9,8,8,8,6.5,3,2,6,9,16
20-p-mk6_x16-tangier,20,20-p-mk6,,,3,,,,,8,,,1,,,16
20-p-mk6_x16-sd,20,20-p-mk6,,,8,6,7,8,,8,9,3,4,,10,16
20-p-mk6_x16-port,20,20-p-mk6,,,6,,,,,10,,,4,,,16
20-p-mk6_x16-penn,20,20-p-mk6,,4,4,3,6,8,8,8,4,4,4,6,8,16
20-p-mk6_x16-ny,20,20-p-mk6,,8,6,7,8.5,7,8,8,8,7,7,7,13,16
20-p-mk6_x16-nh,20,20-p-mk6,,,3,,,,,8,,,8,,,16
20-p-mk6_x16-lexington,20,20-p-mk6,,,0,,,,,10.5,,,6,,,16
20-p-mk6_x16-la-gal,20,20-p-mk6,,,5,,,,,7.5,,,4,,,16
20-p-mk6_x16-kenneth-whiting,20,20-p-mk6,,,2,,,,,7.5,,,2,,,16
20-p-mk6_x16-independence,20,20-p-mk6,,,2,,,,,7,,,3,,,16
20-p-mk6_x16-brooklyn-alt,20,20-p-mk6,,,5,,,,,8,,,2,,,16
20-p-mk6_x16-brooklyn,20,20-p-mk6,,,4,,,,,8,,,2,,,16
20-p-mk6_x16-bost,20,20-p-mk6,,,3,,,,,8,,,0,,,16
20-p-mk6_x16-atlanta-alt,20,20-p-mk6,,,5,,,,,8,,,4,,,16
20-p-mk6_x16-atlanta,20,20-p-mk6,,,6,,,,,8,,,4,,,16
20-p-mk6_x16,20,20-p-mk6,,,5,,,,,8,,,5,,,16
20-p-mk6_x15-tangier,20,20-p-mk6,,,1,,,,,7.5,,,4,,,15
20-p-mk6_x15-sangamon,20,20-p-mk6,,,3.5,,,,,6.5,,,1,,,15
20-p-mk6_x15-duguay,20,20-p-mk6,,,2,,,,,8,,,3,,,15
20-p-mk6_x15-cleveland,20,20-p-mk6,,,4,,,,,6,,,9,,,15
20-p-mk6_x15-brooklyn-alt,20,20-p-mk6,,,5,,,,,8,,,6,,,15
20-p-mk6_x15-brooklyn,20,20-p-mk6,,,5,,,,,8,,,4,,,15
20-p-mk6_x15-atlanta,20,20-p-mk6,,,4,,,,,8,,,3,,,15
20-p-mk6_x14-tangier,20,20-p-mk6,,,1,,,,,7,,,3,,,14
20-p-mk6_x14-port-alt,20,20-p-mk6,,,3,,,,,9,,,3,,,14
20-p-mk6_x14-port,20,20-p-mk6,,,5,,,,,9,,,4,,,14
20-p-mk6_x14-no-2,20,20-p-mk6,,,4,,,,,7,,,6,,,14
20-p-mk6_x14-no,20,20-p-mk6,,,4,,,,,7,,,7,,,14
20-p-mk6_x14-nm,20,20-p-mk6,,8,6,5,5.5,7,7,7,5.5,4,5,8,7,14
20-p-mk6_x14-cleveland,20,20-p-mk6,,,6,,,,,7,,,7,,,14
20-p-mk6_x14-brooklyn-alt,20,20-p-mk6,,,4,,,,,7,,,2,,,14
20-p-mk6_x14-brooklyn,20,20-p-mk6,,,5,,,,,7,,,4,,,14
20-p-mk6_x14-atlanta,20,20-p-mk6,,,5,,,,,7,,,3,,,14
20-p-mk6_x14,20,20-p-mk6,,,4,,,,,7,,,3,,,14
20-p-mk6_x13-tangier,20,20-p-mk6,,,3,,,,,7.5,,,4,,,13
20-p-mk6_x13-st-louis,20,20-p-mk6,,,5,,,,,7,,,5,,,13
20-p-mk6_x12-wright,20,20-p-mk6,,,2,,,,,6,,,3,,,12
20-p-mk6_x12-side,20,20-p-mk6,,,0,,,,,6,,,2,,,12
20-p-mk6_x12-sangamon,20,20-p-mk6,,,0.5,,,,,6,,,1,,,12
20-p-mk6_x12-pen,20,20-p-mk6,,,7,,,,,7,,,5,,,12
20-p-mk6_x12-no,20,20-p-mk6,,,4,,,,,6,,,3,,,12
20-p-mk6_x12-nh,20,20-p-mk6,,,4,,,,,6,,,6,,,12
20-p-mk6_x12-cleveland,20,20-p-mk6,,,4,,,,,6,,,4,,,12
20-p-mk6_x12-brooklyn,20,20-p-mk6,,,4,,,,,6,,,4,,,12
20-p-mk6_x11-tangier,20,20-p-mk6,,,2,,,,,6,,,1,,,11
20-p-mk6_x11-port,20,20-p-mk6,,,6,,,,,6,,,3,,,11
20-p-mk6_x11-fletcher,20,20-p-mk6,,,4,3,6,6,,7,6,3,4,,8,11
20-p-mk6_x11-cleveland,20,20-p-mk6,,,4,,,,,6,,,3,,,11
20-p-mk6_x11-clemson,20,20-p-mk6,,,1,,,,,6,,,5,,,11
20-p-mk6_x11-allen-m-sumner,20,20-p-mk6,,,2,2,4,4,,5.5,5.5,4.5,4,,9,11
20-p-mk6_x10-tangier,20,20-p-mk6,,,2,,,,,5,,,2,,,10
20-p-mk6_x10-st-louis,20,20-p-mk6,,,5,,,,,5,,,3,,,10
20-p-mk6_x10-side-alt,20,20-p-mk6,,,2,,,,,5,,,2,,,10
20-p-mk6_x10-side,20,20-p-mk6,,,0,,,,,5,,,2,,,10
20-p-mk6_x10-port,20,20-p-mk6,,,6,,,,,5,,,3,,,10
20-p-mk6_x10-no-alt,20,20-p-mk6,,,4,,,,,5,,,3,,,10
20-p-mk6_x10-no,20,20-p-mk6,,,3,,,,,5,,,4,,,10
20-p-mk6_x10-nh,20,20-p-mk6,,,3,,,,,5,,,5,,,10
20-p-mk6_x10-fletcher,20,20-p-mk6,,,3,2,5,5,,6,6,3,4,,7,10
20-p-mk6_x10-escort,20,20-p-mk6,,,3,,,,,5,,,4,,,10
20-p-mk6_x10-cleveland-alt,20,20-p-mk6,,,4,,,,,5,,,2,,,10
20-p-mk6_x10-cleveland,20,20-p-mk6,,,4,,,,,5,,,4,,,10
20-p-mk6_x10-brooklyn-alt,20,20-p-mk6,,,2,,,,,5,,,5,,,10
20-p-mk6_x10-brooklyn,20,20-p-mk6,,,2,,,,,5,,,4,,,10
20-p-mk6_x10-bogue,20,20-p-mk6,,,2,,,,,5,,,2,,,10
20-p-mk6_x10-benson,20,20-p-mk6,,,2,3,5,5,,5,5,2,2,,8,10
20-p-mk6_x10-barnegat-2,20,20-p-mk6,,,3,,,,,5,,,5,,,10
20-p-mk6_x10-barnegat,20,20-p-mk6,,,3,,,,,5,,,4,,,10
20-p-mk6_x9-fletcher,20,20-p-mk6,,,3,3,5,5,,5,5,2,3,,6,9
20-p-mk6_x9-barnegat,20,20-p-mk6,,,4,,,,,5,,,4,,,9
20-p-mk6_x9-atlanta,20,20-p-mk6,,,3,,,,,5,,,2,,,9
20-p-mk6_x9-allen-m-sumner,20,20-p-mk6,,,2,2,3,3,,5,4,3.5,3,,6,9
20-p-mk6_x8-tamandare,20,20-p-mk6,,,5,,,,,4,,,2,,,8
20-p-mk6_x8-somers,20,20-p-mk6,,,0,3,4,4,,4,4,3,2,,6,8
20-p-mk6_x8-side,20,20-p-mk6,,,0,,,,,4,,,2,,,8
20-p-mk6_x8-pen,20,20-p-mk6,,,5,,,,,5,,,3,,,8
20-p-mk6_x8-omaha,20,20-p-mk6,,,3,,,,,4,,,4,,,8
20-p-mk6_x8-no,20,20-p-mk6,,,2,,,,,4,,,3,,,8
20-p-mk6_x8-nh,20,20-p-mk6,,,3,,,,,4,,,3,,,8
20-p-mk6_x8-mahan-2,20,20-p-mk6,,,1,3,4,4,,4.5,4.5,4,3,,6,8
20-p-mk6_x8-mahan,20,20-p-mk6,,,2,4,5,4,,4.5,4.5,3,3,,6,8
20-p-mk6_x8-gearing,20,20-p-mk6,,,2,2,4,4,,4,3,2,2.5,,5,8
20-p-mk6_x8-fletcher-3,20,20-p-mk6,,,4,4,5,5,,5,5,1,1,,5,8
20-p-mk6_x8-fletcher-2,20,20-p-mk6,,,3,3,5,5,,5,5,2,3,,6,8
20-p-mk6_x8-fletcher,20,20-p-mk6,,,3,2,4,4,,5,5,3,4,,6,8
20-p-mk6_x8-farragut,20,20-p-mk6,,,1,2,3,4,,4,5,3,3,,6,8
20-p-mk6_x8-escort,20,20-p-mk6,,,3,,,4,,4,,,3,,,8
20-p-mk6_x8-curtis,20,20-p-mk6,,,2,,,,,3,,,4,,,8
20-p-mk6_x8-cleveland-alt,20,20-p-mk6,,,3,,,,,4,,,3,,,8
20-p-mk6_x8-cleveland,20,20-p-mk6,,,4,,,,,4,,,2,,,8
20-p-mk6_x8-clemson-2,20,20-p-mk6,,,1,,,,,5,,,2,,,8
20-p-mk6_x8-clemson,20,20-p-mk6,,,0,,,,,5,,,1,,,8
20-p-mk6_x8-brooklyn,20,20-p-mk6,,,2,,,,,4,,,2,,,8
20-p-mk6_x8-benson-2,20,20-p-mk6,,,2,2,4,4,,4,4,2,2,,6,8
20-p-mk6_x8-benson,20,20-p-mk6,,,2,2,4,4,,4,4,1,0,,6,8
20-p-mk6_x8-barnegat-3,20,20-p-mk6,,,3,,,,,4,,,3,,,8
20-p-mk6_x8-barnegat-2,20,20-p-mk6,,,2,,,,,4,,,6,,,8
20-p-mk6_x8-barnegat,20,20-p-mk6,,,3,,,,,4,,,4,,,8
20-p-mk6_x8-atlanta,20,20-p-mk6,,,1,,,,,4,,,3,,,8
20-p-mk6_x8-allen-m-sumner,20,20-p-mk6,,,2,2,3,3,,3.5,3.5,2.5,2,,6,8
20-p-mk6_x7-somers,20,20-p-mk6,,,2,4,5,5,,5,4.5,2,2,,5,7
20-p-mk6_x7-mahan,20,20-p-mk6,,,2,3,5,4,,4,4,3,2,,5,7
20-p-mk6_x7-little,20,20-p-mk6,,,2,,,,,4,,,1,,,7
20-p-mk6_x7-gridley,20,20-p-mk6,,,2,4,4,4,,4,4,3,3,,4,7
20-p-mk6_x7-fletcher-3,20,20-p-mk6,,,0,1,3,3,,4,4,3,3,,5,7
20-p-mk6_x7-fletcher-2,20,20-p-mk6,,,3,3,4,4,,4,4,1,1,,4,7
20-p-mk6_x7-fletcher,20,20-p-mk6,,,0,0,3,3,,4,4,3,3,,5,7
20-p-mk6_x7-clemson,20,20-p-mk6,,,1,,,,,4,,,2,,,7
20-p-mk6_x7-benson-3,20,20-p-mk6,,,2,3,4,4,,4,4,1,0.5,,6,7
20-p-mk6_x7-benson-2,20,20-p-mk6,,,2,3,4,4,,4,4,1,0,,6,7
20-p-mk6_x7-benson,20,20-p-mk6,,,2,3,4,4,,4,4,1,0,,5,7
20-p-mk6_x7-bagley-2,20,20-p-mk6,,,1,2,3,4,,4,5,4,3,,5,7
20-p-mk6_x7-bagley,20,20-p-mk6,,,2,3,4,4,,4,4,2,1,,4,7
20-p-mk6_x7-allen-m-sumner,20,20-p-mk6,,,2,2,3,3.5,,3.5,2.5,2,2,,4,7
20-p-mk6_x6-wickes-4,20,20-p-mk6,,,1,,,,,5,,,1,,,6
20-p-mk6_x6-wickes-3,20,20-p-mk6,,,0,,,,,4,,,4,,,6
20-p-mk6_x6-wickes-2,20,20-p-mk6,,,0,,,,,4,,,2,,,6
20-p-mk6_x6-wickes,20,20-p-mk6,,,1,,,,,4,,,2,,,6
20-p-mk6_x6-tangier,20,20-p-mk6,,,1,,,,,3.5,,,2,,,6
20-p-mk6_x6-somers-2,20,20-p-mk6,,,1,3,3,3,,3,3,1,1,,4,6
20-p-mk6_x6-somers,20,20-p-mk6,,,1,3,4,4,,4,4,2,2,,4,6
20-p-mk6_x6-sims,20,20-p-mk6,,,1,2,3,3,,3,3,1,1,,4,6
20-p-mk6_x6-porter-2,20,20-p-mk6,,,1,2,2,3,,3,3,3,2,,4,6
20-p-mk6_x6-porter,20,20-p-mk6,,,2,1,3,3,,3,4,3,2,,4,6
20-p-mk6_x6-pen,20,20-p-mk6,,,3,,,,,3,,,4,,,6
20-p-mk6_x6-omaha,20,20-p-mk6,,,0,,,,,3,,,2,,,6
20-p-mk6_x6-oglala,20,20-p-mk6,,,2,,,,,3,,,2,,,6
20-p-mk6_x6-no,20,20-p-mk6,,,2,,,,,3,,,3,,,6
20-p-mk6_x6-manley,20,20-p-mk6,,,1,,,,,3,,,2,,,6
20-p-mk6_x6-mahan-2,20,20-p-mk6,,,2,2,2,3,,3,3,3,1,,4,6
20-p-mk6_x6-mahan,20,20-p-mk6,,,2,3,4,3,,3,4,3,2,,4,6
20-p-mk6_x6-kk,20,20-p-mk6,,,1,,,,,3,,,1,,,6
20-p-mk6_x6-gridley,20,20-p-mk6,,,1,3,3,3,,3,4,3,3,,4,6
20-p-mk6_x6-fletcher-2,20,20-p-mk6,,,0,0,3,3,,3,4,3,3,,4,6
20-p-mk6_x6-fletcher,20,20-p-mk6,,,2,2,3,3,,3,3,1,1,,3,6
20-p-mk6_x6-farragut,20,20-p-mk6,,,1,2,3,3,,3,3,1,2,,4,6
20-p-mk6_x6-cleveland,20,20-p-mk6,,,2,,,,,3,,,2,,,6
20-p-mk6_x6-clemson-4,20,20-p-mk6,,,1,,,,,3,,,2,,,6
20-p-mk6_x6-clemson-3,20,20-p-mk6,,,0,,,,,3,,,3,,,6
20-p-mk6_x6-clemson-2,20,20-p-mk6,,,0,,,,,4,,,1,,,6
20-p-mk6_x6-clemson,20,20-p-mk6,,,0,,,,,4,,,2,,,6
20-p-mk6_x6-benson-3,20,20-p-mk6,,,1,2,3,3,,3,3,3,2,,4,6
20-p-mk6_x6-benson-2,20,20-p-mk6,,,1,3,3,3,,3,3,2,1,,4,6
20-p-mk6_x6-benson,20,20-p-mk6,,,2,3,3,3,,3,3,3,2,,4,6
20-p-mk6_x6-barnegat-2,20,20-p-mk6,,,2,,,,,3,,,4,,,6
20-p-mk6_x6-barnegat,20,20-p-mk6,,,2,,,,,3,,,3,,,6
20-p-mk6_x6-bagley-3,20,20-p-mk6,,,2,3,3,4,,4,3,2,1,,4,6
20-p-mk6_x6-bagley-2,20,20-p-mk6,,,1,2,3,3,,3,4,2,1,,4,6
20-p-mk6_x6-bagley,20,20-p-mk6,,,1,2,3,3,,3,3,4,3,,4,6
20-p-mk6_x6-atlanta,20,20-p-mk6,,,1,,,,,3,,,2,,,6
20-p-mk6_x6-allen,20,20-p-mk6,,,2,,,,,3,,,2,,,6
20-p-mk6_x5-wickes-2,20,20-p-mk6,,,1,,,,,4,,,1.5,,,5
20-p-mk6_x5-wickes,20,20-p-mk6,,,0,,,,,3,,,2,,,5
20-p-mk6_x5-porter-2,20,20-p-mk6,,,1,1,3,3,,3,3,2,2,,3,5
20-p-mk6_x5-porter,20,20-p-mk6,,,0,2,3,2.5,,2.5,2.5,3.5,2.5,,3,5
20-p-mk6_x5-mahan-3,20,20-p-mk6,,,2,3,4,3,,3,3,2,2,,4,5
20-p-mk6_x5-mahan-2,20,20-p-mk6,,,3,3,3,3,,3,2,0,0,,3,5
20-p-mk6_x5-mahan,20,20-p-mk6,,,3,3,3,3,,3,2.5,1,1,,3,5
20-p-mk6_x5-little-5,20,20-p-mk6,,,0,,,,,3,,,0,,,5
20-p-mk6_x5-little-4,20,20-p-mk6,,,1,,,,,3,,,0,,,5
20-p-mk6_x5-little-3,20,20-p-mk6,,,1,,,,,3,,,1,,,5
20-p-mk6_x5-little-2,20,20-p-mk6,,,1,,,,,3,,,1,,,5
20-p-mk6_x5-little,20,20-p-mk6,,,0,,,,,3,,,1,,,5
20-p-mk6_x5-fletcher,20,20-p-mk6,,,3,3,3,3,,3,3,1,1,,3,5
20-p-mk6_x5-farragut,20,20-p-mk6,,,2,2,4,3,,3,2,1,1,,4,5
20-p-mk6_x5-clemson-2,20,20-p-mk6,,,0,,,,,4,,,1.5,,,5
20-p-mk6_x5-clemson,20,20-p-mk6,,,1,,,,,3,,,2,,,5
20-p-mk6_x5-benson-2,20,20-p-mk6,,,2,3,3,3,,3,3,2,1,,5,5
20-p-mk6_x5-benson,20,20-p-mk6,,,0,2.5,2.5,2.5,,2.5,2.5,1.5,0.5,,3,5
20-p-mk6_x5-bagley,20,20-p-mk6,,,2,3,3,3,,3,3,2,1,,3,5
20-p-mk6_x4-wickes-6,20,20-p-mk6,,,0,,,,,2.5,,,0.5,,,4
20-p-mk6_x4-wickes-5,20,20-p-mk6,,,0,,,,,2.5,,,1.5,,,4
20-p-mk6_x4-wickes-4,20,20-p-mk6,,,0,,,,,2,,,1,,,4
20-p-mk6_x4-wickes-3,20,20-p-mk6,,,0,,,,,2,,,0,,,4
20-p-mk6_x4-wickes-2,20,20-p-mk6,,,1,,,,,3,,,0.5,,,4
20-p-mk6_x4-wickes,20,20-p-mk6,,,0,,,,,3,,,1,,,4
20-p-mk6_x4-somers,20,20-p-mk6,,,1,2,2,2,,2,2,1,0,,2,4
20-p-mk6_x4-sims-2,20,20-p-mk6,,,2,2,3,3,,3,3,2,1,,3,4
20-p-mk6_x4-sims,20,20-p-mk6,,,1,2,2,2,,2,2,1,1,,2,4
20-p-mk6_x4-porter-3,20,20-p-mk6,,,1,1,1,2,,2,2,0,0,,2,4
20-p-mk6_x4-porter-2,20,20-p-mk6,,,1,1,2,2,,2,2,1,0,,2,4
20-p-mk6_x4-porter,20,20-p-mk6,,,1,1,2,2,,2,2,2,1,,2,4
20-p-mk6_x4-port,20,20-p-mk6,,,0,,,,,2,,,0,,,4
20-p-mk6_x4-manley,20,20-p-mk6,,,0,,,,,2,,,2,,,4
20-p-mk6_x4-mahan-4,20,20-p-mk6,,,2,3,3,2,,2,3,3,2,,3,4
20-p-mk6_x4-mahan-2,20,20-p-mk6,,,2,3,3,2,,2,2,2,1,,3,4
20-p-mk6_x4-mahan,20,20-p-mk6,,,1,2,3,3,,3,3,2,1,,3,4
20-p-mk6_x4-lapwing,20,20-p-mk6,,,2,,,,,2,,,3,,,4
20-p-mk6_x4-laffey,20,20-p-mk6,,,0,2,2,2,,2,2,1,0,,2,4
20-p-mk6_x4-independence,20,20-p-mk6,,,2,,,,,2,,,0,,,4
20-p-mk6_x4-fletcher-2,20,20-p-mk6,,,0,0,2,2,,2,2,1,0,,2,4
20-p-mk6_x4-fletcher,20,20-p-mk6,,,2,2,2,2,,2,2,1,1,,2,4
20-p-mk6_x4-clemson-2,20,20-p-mk6,,,1,,,,,3,,,1,,,4
20-p-mk6_x4-clemson,20,20-p-mk6,,,0,,,,,3,,,2,,,4
20-p-mk6_x4-benson-2,20,20-p-mk6,,,2,1.5,2,2,,2,2,1,0.5,,3,4
20-p-mk6_x4-benson,20,20-p-mk6,,,2,2,2,2,,2,2,1,0,,2,4
20-p-mk6_x4-bagley,20,20-p-mk6,,,1,2,2,2,,2,3,2,2,,3,4
20-p-mk6_x4-absecon,20,20-p-mk6,,,3,,,,,2,,,1,,,4
20-p-mk6_x4,20,20-p-mk6,,,,,,,,,,,,,,4
20-p-mk6_x3-porter,20,20-p-mk6,,,0,2,2,3,,2,2,1,1,,2,3
20-p-mk6_x2-wing,20,20-p-mk6,,,1,,,,,1,,,1,,,2
20-p-mk6_x2-waist,20,20-p-mk6,,,0,0,1,1,,1,1,0,0,,2,2
20-p-mk6_x2-fore,20,20-p-mk6,,,1,,,,,1,,,0,,,2
20-p-mk6_x2-clemson-3,20,20-p-mk6,,,0,,,,,1,,,0,,,2
20-p-mk6_x2-clemson-2,20,20-p-mk6,,,1,,,,,1.75,,,0.5,,,2
20-p-mk6_x2-clemson,20,20-p-mk6,,,0,,,,,1,,,1,,,2
20-p-mk6_x2-benson,20,20-p-mk6,,,2,2,2,1,,1,1,1,0,,2,2
20-p-mk6_x2-artigliere,20,20-p-mk6,,,2,1,1,1,,1,1,0,0,,1,2
20-p-mk6_x2-aft,20,20-p-mk6,,,0,,,,,1,,,2,,,2
20-p-mk24_x41,20,20-p-mk24,,17,11,10,13,17,18,16,14,10,8,18,23,41
20-p-mk24_x35-boxer,20,20-p-mk24,,,5,,,,,16.5,,,3,,,35
20-p-mk24_x33-princeton,20,20-p-mk24,,,5,,,,,15.5,,,3,,,33
20-p-mk24_x32-lexington,20,20-p-mk24,,,3,,,,,16,,,3,,,32
20-p-mk24_x30-wasp,20,20-p-mk24,,,5,,,,,15,,,3,,,30
20-p-mk24_x27-ticonderoga,20,20-p-mk24,,,5,,,,,13.5,,,3,,,27
20-p-mk24_x26,20,20-p-mk24,,6,4,4,9.5,13,13,13,9,7,8,10,15,26
20-p-mk24_x22,20,20-p-mk24,,7,3,4,9,10,11,10,9,2,3,3,12,22
20-p-mk24_x18-bh,20,20-p-mk24,,,1.5,,,,,9,,,1.5,,,18
20-p-mk24_x16-saipan,20,20-p-mk24,,,1,,,,,8,,,2,,,16
20-p-mk24_x16-iowa,20,20-p-mk24,,8,4,4,8,8,8,8,9,2,3,4,10,16
20-p-mk24_x16-enterprise,20,20-p-mk24,,,2,,,,,7,,,6,,,16
20-p-mk24_x16-boxer,20,20-p-mk24,,,3,,,,,8,,,3,,,16
20-p-mk24_x16-balt,20,20-p-mk24,,,3,,,,,10,,,1,,,16
20-p-mk24_x16,20,20-p-mk24,,,2,4,9,8,,8,8,5,5,,13,16
20-p-mk24_x15-nm,20,20-p-mk24,,7,4,5,7.5,8,8,7,6,5,6,8,9,15
20-p-mk24_x14-oregon,20,20-p-mk24,,,4,,,,,9,,,1,,,14
20-p-mk24_x14-no,20,20-p-mk24,,,5,,,,,8,,,4,,,14
20-p-mk24_x14-midway,20,20-p-mk24,,,1,,,,,5.5,,,4,,,14
20-p-mk24_x14-balt,20,20-p-mk24,,,3,,,,,9,,,0,,,14
20-p-mk24_x13-nh-alt,20,20-p-mk24,,,3,,,,,7,,,5,,,13
20-p-mk24_x13-nh,20,20-p-mk24,,,4,,,,,7,,,4,,,13
20-p-mk24_x13-augusta,20,20-p-mk24,,,3,,,,,9,,,4,,,13
20-p-mk24_x12-balt,20,20-p-mk24,,,3,,,,,6,,,1,,,12
20-p-mk24_x11-pen,20,20-p-mk24,,,4,,,,,5,,,3,,,10
20-p-mk24_x10-fargo,20,20-p-mk24,,,4,,,,,5,,,2,,,10
20-p-mk24_x10-commencement-bay,20,20-p-mk24,,,1,,,,,5,,,2,,,10
20-p-mk24_x10-cleveland-alt,20,20-p-mk24,,,6,,,,,5,,,2,,,10
20-p-mk24_x10-cleveland,20,20-p-mk24,,,4,,,,,5,,,4,,,10
20-p-mk24_x10-brooklyn,20,20-p-mk24,,,4,,,,,5,,,2,,,10
20-p-mk24_x9-gearing,20,20-p-mk24,,,2,2,4,4,,5,4,3,4,,6,9
20-p-mk24_x8-norfolk,20,20-p-mk24,,,1,3,4,4,,4,4,5,4,,5,8
20-p-mk24_x8-no,20,20-p-mk24,,,1,,,,,4,,,2,,,8
20-p-mk24_x8-iowa,20,20-p-mk24,,4,3,3,4,4,4,4,5,2,3,4,6,8
20-p-mk24_x8-cleveland,20,20-p-mk24,,,4,,,,,4,,,2,,,8
20-p-mk24_x8-atlanta,20,20-p-mk24,,,3,,,,,4,,,2,,,8
20-p-mk24_x8-ameer,20,20-p-mk24,,,0,,,,,4,,,0,,,8
20-p-mk24_x8,20,20-p-mk24,,,3,3,5,4,,4,4,4,4,,6,8
20-p-mk24_x7-gearing,20,20-p-mk24,,,2,1,3,3,,4,4,3,3,,4,7
20-p-mk24_x6-wor,20,20-p-mk24,,,0,,,,,3,,,1,,,6
20-p-mk24_x6-o-higgins,20,20-p-mk24,,,4,,,,,3,,,2,,,6
20-p-mk24_x6-kenneth-whiting,20,20-p-mk24,,,1,,,,,3,,,2,,,6
20-p-mk24_x6-independence,20,20-p-mk24,,,1,,,,,3,,,0.5,,,6
20-p-mk24_x6-fletcher,20,20-p-mk24,,,0,0,3,3,,3,4,3,3,,4,6
20-p-mk24_x6-fargo,20,20-p-mk24,,,2,,,,,3,,,2,,,6
20-p-mk24_x6-currituck,20,20-p-mk24,,,3,,,,,3,,,0,,,6
20-p-mk24_x6-cleveland,20,20-p-mk24,,,3,,,,,3,,,1,,,6
20-p-mk24_x6-barnegat,20,20-p-mk24,,,3,,,,,3,,,3,,,6
20-p-mk24_x6,20,20-p-mk24,,,1,,,,,4,,,4,,,6
20-p-mk24_x4-sd,20,20-p-mk24,,,2,2,3,2,,2,2,2,2,,4,4
20-p-mk24_x4-norfolk,20,20-p-mk24,,,0,1,2,2,,2,2,1,2,,2,4
20-p-mk24_x4-mitscher,20,20-p-mk24,,,1,2,2,2,,2,3,3,2,,3,4
20-p-mk24_x4-mid,20,20-p-mk24,,0,0,0,0,2,2,2,2,1,1,2,2,4
20-p-mk24_x4-mahan,20,20-p-mk24,,,2,2,2,2,,2,2,0,0,,2,4
20-p-mk24_x4-laffey,20,20-p-mk24,,,1,1,2,2,,2,3,2,2,,3,4
20-p-mk24_x4-independence,20,20-p-mk24,,,1,,,2,,2,,,0,,,4
20-p-mk24_x4-gearing-4,20,20-p-mk24,,,2,2,1.5,2,,2,2.5,1.5,1.5,,3,4
20-p-mk24_x4-gearing-3,20,20-p-mk24,,,1,2,3,2,,2,3,2,2,,3,4
20-p-mk24_x4-gearing-2,20,20-p-mk24,,,1,2,2,2,,2,3,2,1,,2,4
20-p-mk24_x4-gearing,20,20-p-mk24,,,2,2,2,2,,2,3,1,1,,2,4
20-p-mk24_x4-fletcher,20,20-p-mk24,,,2,1,2,2,,2,3,2,2,,3,4
20-p-mk24_x4-curtis,20,20-p-mk24,,,2,,,2,,2,,,1,,,4
20-p-mk24_x4-currituck,20,20-p-mk24,,,3,,,2,,2,,,0,,,4
20-p-mk24_x4-barnegat,20,20-p-mk24,,,2,,,2,,2,,,3,,,4
20-p-mk24_x4-ameer,20,20-p-mk24,,,0,,,2,,2,,,0,,,4
20-p-mk24_x4-alt,20,20-p-mk24,,,1,1,2,2,,2,2,1,1,,2,4
20-p-mk24_x4-allen-m-sumner,20,20-p-mk24,,,2,1,2,2,,2,2,1,1,,2,4
20-p-mk24_x4,20,20-p-mk24,,,2,,,2,,2,,,2,,,4
20-p-mk24_x18-wyo,20,20-p-mk24,,0,0,0,0,2,2,2,2,1,1,2,2,4
20-p-mk24_x2-wings,20,20-p-mk24,,,1,1,1,1,,1,1,1,0,,1,2
20-p-mk24_x2-gearing,20,20-p-mk24,,,1,1,1,1,,1,1,0,0,,1,2
20-p-mk24_x2-fore-alt,20,20-p-mk24,,,1,1,1,1,,1,1,0,0,,1,2
20-p-mk24_x2-fore,20,20-p-mk24,,,2,,,1,,1,,,0,,,2
20-p-mk24_x2-aft-2,20,20-p-mk24,,,0,,,1,,1,,,1,,,2
20-p-mk24_x2,20,20-p-mk24,,,0,,,1,,1,,,0,,,2
20-p-mk24_x1-port,20,20-p-mk24,,1,0,0.5,0.5,0.5,0.5,0.5,0.5,0,0,0,0.5,1
20-p-mk24_x1-allen-m-sumner,20,20-p-mk24,,,0,0,0.5,0.5,,0.5,0.5,0.5,0.5,,1,1
20-p-mk15_x1-starboard-aft,20,20-p-mk15,,0,0,0,0,0.5,0.5,0.5,0.5,0.5,0,1,0.5,1
20-p-mk15_x1-starboard,20,20-p-mk15,,0,0,0,0.5,0.5,0.5,0.5,0.5,0,0,0,0.5,1
20-p-mk15_x1-fore,20,20-p-mk15,,1,1,1,1,1,1,1,0,0,0,0,1,1
20-p-mg-151-20-tripple_x2-sides,20,20-p-mg-151-20-tripple,,,0,,,1,,1,,,0,,,2
20-p-markv_x21-illustrious,20,20-p-markv,,,2,,,,,11.5,,,3,,,21
20-p-markv_x20-renown,20,20-p-markv,,,3,,,,,10,,,5,,,20
20-p-markv_x20-illustrious,20,20-p-markv,,,2,,,,,10,,,4,,,20
20-p-markv_x19-majestic,20,20-p-markv,,,2,,,,,9,,,4,,,19
20-p-markv_x19-illustrious,20,20-p-markv,,,2,,,,,10.5,,,3,,,19
20-p-markv_x18-illustrious,20,20-p-markv,,,2,,,,,9,,,2,,,18
20-p-markv_x17-illustrious,20,20-p-markv,,,2,,,,,8.5,,,3,,,17
20-p-markv_x16-qe,20,20-p-markv,,,3,,,,,8,,,7,,,16
20-p-markv_x16-illustrious,20,20-p-markv,,,2,,,,,8,,,3,,,16
20-p-markv_x14-renown,20,20-p-markv,,,3,,,,,7,,,4,,,14
20-p-markv_x14-illustrious,20,20-p-markv,,,1,,,,,7,,,2,,,14
20-p-markv_x14-ameer,20,20-p-markv,,,2,,,,,7,,,1,,,14
20-p-markv_x14-activity,20,20-p-markv,,,2,,,,,7,,,4,,,14
20-p-markv_x13-illustrious,20,20-p-markv,,,1,,,,,7,,,3,,,13
20-p-markv_x12-illustrious,20,20-p-markv,,,1,,,,,6,,,1,,,12
20-p-markv_x11-london,20,20-p-markv,,,1,,,,,6,,,1,,,11
20-p-markv_x11-illustrious,20,20-p-markv,,,1,,,,,6,,,3,,,11
20-p-markv_x10-southampton,20,20-p-markv,,,2,,,,,5,,,4,,,10
20-p-markv_x10-london,20,20-p-markv,,,1,,,,,5,,,0,,,10
20-p-markv_x10-colossus,20,20-p-markv,,,0,,,,,5.5,,,2,,,10
20-p-markv_x10-ceylon,20,20-p-markv,,,1,,,,,5,,,3,,,10
20-p-markv_x10-ameer,20,20-p-markv,,,2,,,,,5,,,0,,,10
20-p-markv_x10-activity,20,20-p-markv,,,0,,,,,5,,,4,,,10
20-p-markv_x10,20,20-p-markv,,,3,,,,,5,,,3,,,10
20-p-markv_x8-southampton,20,20-p-markv,,,2,,,,,4,,,4,,,8
20-p-markv_x8-sides,20,20-p-markv,,,0,,,,,4,,,0,,,8
20-p-markv_x8-minotaur,20,20-p-markv,,,0,,,,,4,,,2,,,8
20-p-markv_x8-london,20,20-p-markv,,,2,,,,,4,,,1,,,8
20-p-markv_x8-illustrious-2,20,20-p-markv,,,2,,,,,3,,,2,,,8
20-p-markv_x8-illustrious,20,20-p-markv,,,1,,,,,4,,,1,,,8
20-p-markv_x8-fiji-alt,20,20-p-markv,,,2,,,,,4,,,1,,,8
20-p-markv_x8-fiji,20,20-p-markv,,,2,,,,,4,,,3,,,8
20-p-markv_x8-doy,20,20-p-markv,,,2,,,,,5,,,2,,,8
20-p-markv_x8-ceylon,20,20-p-markv,,,1,,,,,4,,,3,,,8
20-p-markv_x8-castle,20,20-p-markv,,,2,,,,,4,,,0,,,8
20-p-markv_x8-attacker-2,20,20-p-markv,,,2,,,,,4,,,0,,,8
20-p-markv_x8-attacker,20,20-p-markv,,,0,,,,,4,,,1,,,8
20-p-markv_x8-ameer,20,20-p-markv,,,0,,,,,4,,,0,,,8
20-p-markv_x8,20,20-p-markv,,,1,,,,,4,,,1,,,8
20-p-markv_x7-norfolk,20,20-p-markv,,,1,,,,,4,,,3,,,7
20-p-markv_x7-kent,20,20-p-markv,,,1,,,,,4,,,2,,,7
20-p-markv_x7-dido,20,20-p-markv,,,1,,,,,4,,,4,,,7
20-p-markv_x6-turret,20,20-p-markv,,,3,,,,,3,,,2,,,6
20-p-markv_x6-southampton,20,20-p-markv,,,2,,,,,3,,,4,,,6
20-p-markv_x6-rs,20,20-p-markv,,,2,,,,,3,,,2,,,6
20-p-markv_x6-kjv,20,20-p-markv,,,1,,,,,4,,,0,,,6
20-p-markv_x6-fiji,20,20-p-markv,,,0,,,,,3,,,2,,,6
20-p-markv_x6-enterprise,20,20-p-markv,,,2,,,,,3,,,2,,,6
20-p-markv_x6-emerald,20,20-p-markv,,,1,,,,,3,,,2,,,6
20-p-markv_x6-dido-alt-2,20,20-p-markv,,,0,,,,,3,,,2,,,6
20-p-markv_x6-dido-alt,20,20-p-markv,,,1,,,,,4,,,2,,,6
20-p-markv_x6-dido,20,20-p-markv,,,0,,,,,4,,,4,,,6
20-p-markv_x6-ceylon,20,20-p-markv,,,1,,,,,3,,,1,,,6
20-p-markv_x6-bellona,20,20-p-markv,,,1,,,,,3,,,3,,,6
20-p-markv_x6-attacker,20,20-p-markv,,,3,,,,,3,,,1,,,6
20-p-markv_x6-anson,20,20-p-markv,,,0,,,,,4,,,2,,,6
20-p-markv_x5-rodney,20,20-p-markv,,,1,,,,,3,,,0,,,5
20-p-markv_x5-kent-alt,20,20-p-markv,,,1,,,,,3,,,3,,,5
20-p-markv_x5-kent,20,20-p-markv,,,0,,,,,2,,,3,,,5
20-p-markv_x5-belfast,20,20-p-markv,,,2,,,,,3,,,2,,,5
20-p-markv_x4-unicorn,20,20-p-markv,,,1.5,,,,,2.5,,,0.5,,,4
20-p-markv_x4-turret,20,20-p-markv,,,2,,,,,2,,,2,,,4
20-p-markv_x4-london,20,20-p-markv,,,2,,,,,2,,,0,,,4
20-p-markv_x4-leander,20,20-p-markv,,,1,,,,,2,,,2,,,4
20-p-markv_x4-kjv,20,20-p-markv,,,1,,,,,2,,,0,,,4
20-p-markv_x4-furious,20,20-p-markv,,,2,,,,,1.5,,,0,,,4
20-p-markv_x4-fiji,20,20-p-markv,,,2,,,,,2,,,0,,,4
20-p-markv_x4-dido,20,20-p-markv,,,0,,,,,2,,,2,,,4
20-p-markv_x4-danae,20,20-p-markv,,,2,,,,,2,,,2,,,4
20-p-markv_x4-attacker,20,20-p-markv,,,0,,,,,2,,,1,,,4
20-p-markv_x4-arethusa,20,20-p-markv,,,1,,,,,3,,,1,,,4
20-p-markv_x4-archer,20,20-p-markv,,,2,,,,,2,,,2,,,4
20-p-markv_x4-anson,20,20-p-markv,,,0,,,,,3,,,1,,,4
20-p-markv_x4-ameer,20,20-p-markv,,,0,,,,,2,,,0,,,4
20-p-markv_x4,20,20-p-markv,,,1,,,,,2,,,1,,,4
20-p-markv_x3-kent,20,20-p-markv,,,1,,,,,2,,,2,,,3
20-p-markv_x2-midship,20,20-p-markv,,,0,,,,,1,,,0,,,2
20-p-markv_x2-doy,20,20-p-markv,,,1,,,,,1,,,0,,,2
20-p-markv_x2-attacker,20,20-p-markv,,,2,,,,,1,,,0,,,2
20-p-markv_x2-aft,20,20-p-markv,,,0,,,,,1,,,2,,,2
20-p-markv_x2,20,20-p-markv,,,1,,,,,1,,,1,,,2
20-p-markv_x1-aft,20,20-p-markv,,,0,,,,,1,,,1,,,1
20-p-mark1_x58-nelson,20,20-p-mark1,,,10,,,,,29,,,8,,,58
20-p-mark1_x53-rodney,20,20-p-mark1,,,21,,,,,26,,,15,,,53
20-p-mark1_x51-rodney,20,20-p-mark1,,,15,,,,,11,,,8,,,51
20-p-mark1_x38-kjv,20,20-p-mark1,,,7,,,,,20,,,14,,,38
20-p-mark1_x34-howe,20,20-p-mark1,,,8,,,,,17,,,6,,,34
20-p-mark1_x29-warspite,20,20-p-mark1,,,6,,,,,15,,,11,,,29
20-p-mark1_x29-nelson,20,20-p-mark1,,,7,,,,,15,,,6,,,29
20-p-mark1_x28-doy,20,20-p-mark1,,,6,,,,,14,,,7,,,28
20-p-mark1_x27-warspite,20,20-p-mark1,,,4,,,,,14,,,11,,,27
20-p-mark1_x26-renown,20,20-p-mark1,,,5,,,,,14,,,5,,,26
20-p-mark1_x26-kjv,20,20-p-mark1,,,7,,,,,13,,,11,,,26
20-p-mark1_x26-doy,20,20-p-mark1,,,6,,,,,13,,,7,,,26
20-p-mark1_x35-valiant,20,20-p-mark1,,,6,,,,,18,,,16,,,25
20-p-mark1_x25-valiant,20,20-p-mark1,,,4,,,,,13,,,10,,,25
20-p-mark1_x24-mauritius,20,20-p-mark1,,,4,,,,,12.5,,,5,,,24
20-p-mark1_x24-kjv,20,20-p-mark1,,,7,,,,,12,,,10,,,24
20-p-mark1_x22-illustrious,20,20-p-mark1,,,2,,,,,11,,,5,,,22
20-p-mark1_x21-rodney,20,20-p-mark1,,,10,,,,,11,,,5,,,21
20-p-mark1_x21-renown,20,20-p-mark1,,,7,,,,,12,,,4,,,21
20-p-mark1_x21-london,20,20-p-mark1,,,3,,,,,11,,,5,,,21
20-p-mark1_x20-vindictive,20,20-p-mark1,,,4,,,,,12,,,6,,,20
20-p-mark1_x20-southampton,20,20-p-mark1,,,3,,,,,12,,,7,,,20
20-p-mark1_x19-southampton,20,20-p-mark1,,,4,,,,,11,,,5,,,19
20-p-mark1_x19-illustrious,20,20-p-mark1,,,2.5,,,,,7.5,,,4.5,,,19
20-p-mark1_x19-hawkins,20,20-p-mark1,,,2,,,,,10,,,5,,,19
20-p-mark1_x18-renown,20,20-p-mark1,,,7,,,,,10,,,3,,,18
20-p-mark1_x18-kjv,20,20-p-mark1,,,5,,,,,7,,,7,,,18
20-p-mark1_x18,20,20-p-mark1,,,2,,,,,7,,,3,,,18
20-p-mark1_x17-rodney,20,20-p-mark1,,,10,,,,,9,,,5,,,17
20-p-mark1_x17-malaya,20,20-p-mark1,,,6,,,,,9,,,5,,,17
20-p-mark1_x17-illustrious,20,20-p-mark1,,,2.5,,,,,6.5,,,4.5,,,17
20-p-mark1_x17-anson,20,20-p-mark1,,,4,,,,,9,,,7,,,17
20-p-mark1_x16-illustrious,20,20-p-mark1,,,2,,,,,5.5,,,10,,,16
20-p-mark1_x16-fiji,20,20-p-mark1,,,2,,,,,8,,,3,,,16
20-p-mark1_x16-doy,20,20-p-mark1,,,5,,,,,9,,,8,,,16
20-p-mark1_x15-norfolk,20,20-p-mark1,,,5,,,,,9,,,5,,,15
20-p-mark1_x15-malaya,20,20-p-mark1,,,6,,,,,8,,,4,,,15
20-p-mark1_x15-london,20,20-p-mark1,,,4,,,,,8,,,4,,,15
20-p-mark1_x15-howe,20,20-p-mark1,,,6,,,,,7,,,1,,,15
20-p-mark1_x14-vindictive,20,20-p-mark1,,,4,,,,,9,,,6,,,14
20-p-mark1_x14-rs,20,20-p-mark1,,,3,,,,,7,,,4,,,14
20-p-mark1_x14-qe,20,20-p-mark1,,,2,,,,,7,,,5,,,14
20-p-mark1_x14-nelson,20,20-p-mark1,,,7,,,,,7,,,4,,,14
20-p-mark1_x14-illustrious,20,20-p-mark1,,,1,,,,,5.5,,,5,,,14
20-p-mark1_x14-doy,20,20-p-mark1,,,5,,,,,8,,,7,,,14
20-p-mark1_x14-cardiff,20,20-p-mark1,,,3,,,,,7,,,6,,,14
20-p-mark1_x14-belfast,20,20-p-mark1,,,2,,,,,7,,,2,,,14
20-p-mark1_x14-ameer,20,20-p-mark1,,,2,,,,,7,,,0,,,14
20-p-mark1_x13-ram,20,20-p-mark1,,,3,,,,,7,,,4,,,13
20-p-mark1_x13-nelson,20,20-p-mark1,,,7,,,,,6,,,4,,,13
20-p-mark1_x13-illustrious,20,20-p-mark1,,,1,,,,,5,,,5,,,13
20-p-mark1_x13-hawkins,20,20-p-mark1,,,2,,,,,3,,,5,,,13
20-p-mark1_x13-argus,20,20-p-mark1,,,4,,,,,6,,,2,,,13
20-p-mark1_x12-southampton,20,20-p-mark1,,,3,,,,,8,,,7,,,12
20-p-mark1_x12-london,20,20-p-mark1,,,4,,,,,6,,,3,,,12
20-p-mark1_x12-illustrious-3,20,20-p-mark1,,,1,,,,,4,,,4,,,12
20-p-mark1_x12-illustrious-2,20,20-p-mark1,,,0,,,,,3,,,6,,,12
20-p-mark1_x12-illustrious,20,20-p-mark1,,,0,,,,,4,,,6,,,12
20-p-mark1_x12-furious,20,20-p-mark1,,,1,,,,,6,,,2,,,12
20-p-mark1_x12-eagle,20,20-p-mark1,,,3,,,,,6,,,3,,,12
20-p-mark1_x12-ceylon,20,20-p-mark1,,,1,,,,,6,,,4,,,12
20-p-mark1_x11-dido,20,20-p-mark1,,,1,,,,,6,,,6,,,11
20-p-mark1_x11-arethusa,20,20-p-mark1,,,2,,,,,7,,,4,,,11
20-p-mark1_x10-valiant,20,20-p-mark1,,,3,,,,,5,,,3,,,10
20-p-mark1_x10-rs,20,20-p-mark1,,,3,,,,,5,,,3,,,10
20-p-mark1_x10-perseus,20,20-p-mark1,,,4,,,,,6,,,1,,,10
20-p-mark1_x10-norfolk,20,20-p-mark1,,,5,,,,,6,,,2,,,10
20-p-mark1_x10-london-alt,20,20-p-mark1,,,3,,,,,6,,,3,,,10
20-p-mark1_x10-london,20,20-p-mark1,,,2,,,,,6,,,3,,,10
20-p-mark1_x10-kent,20,20-p-mark1,,,3,,,,,7,,,3,,,10
20-p-mark1_x10-illustrious,20,20-p-mark1,,,2,,,,,5,,,4,,,10
20-p-mark1_x10-fiji-alt,20,20-p-mark1,,,2,,,,,5,,,3,,,10
20-p-mark1_x10-fiji,20,20-p-mark1,,,2,,,,,5,,,4,,,10
20-p-mark1_x10-colossus,20,20-p-mark1,,,2,,,,,5,,,0,,,10
20-p-mark1_x10-attacker,20,20-p-mark1,,,2,,,,,5,,,1,,,10
20-p-mark1_x10-athene,20,20-p-mark1,,,1.5,,,,,6,,,2,,,10
20-p-mark1_x10-archer,20,20-p-mark1,,,2,,,,,5,,,2,,,10
20-p-mark1_x9-southampton,20,20-p-mark1,,,3,,,,,6,,,4,,,9
20-p-mark1_x9-norfolk,20,20-p-mark1,,,3,,,,,6,,,4,,,9
20-p-mark1_x9-leander-alt,20,20-p-mark1,,,2,,,,,6,,,5,,,9
20-p-mark1_x9-leander,20,20-p-mark1,,,2,,,,,5,,,5,,,9
20-p-mark1_x9-kent-alt,20,20-p-mark1,,,4,,,,,5,,,6,,,9
20-p-mark1_x9-kent,20,20-p-mark1,,,3,,,,,5,,,5,,,9
20-p-mark1_x9-hawkins,20,20-p-mark1,,,1,,,,,6,,,6,,,9
20-p-mark1_x9-avenger,20,20-p-mark1,,,3,,,,,4.5,,,0,,,9
20-p-mark1_x9-aus,20,20-p-mark1,,,2,,,,,5,,,4,,,9
20-p-mark1_x8-southampton-alt,20,20-p-mark1,,,2,,,,,5,,,5,,,8
20-p-mark1_x8-southampton,20,20-p-mark1,,,1,,,,,5,,,1,,,8
20-p-mark1_x8-sides,20,20-p-mark1,,,0,,,,,4,,,0,,,8
20-p-mark1_x8-repulse,20,20-p-mark1,,,2,,,,,4,,,3,,,8
20-p-mark1_x8-renown,20,20-p-mark1,,,5,,,,,5,,,1,,,8
20-p-mark1_x8-midship,20,20-p-mark1,,,0,,,,,4,,,0,,,8
20-p-mark1_x8-london,20,20-p-mark1,,,4,,,,,4,,,4,,,8
20-p-mark1_x8-illustrious,20,20-p-mark1,,,0.5,,,,,4,,,3,,,8
20-p-mark1_x8-dido,20,20-p-mark1,,,3,,,,,4,,,4,,,8
20-p-mark1_x8-delhi,20,20-p-mark1,,,2,,,,,4,,,6,,,8
20-p-mark1_x8-danae,20,20-p-mark1,,,2,,,,,4,,,2,,,8
20-p-mark1_x8-ceylon,20,20-p-mark1,,,0,,,,,4,,,2,,,8
20-p-mark1_x8-campbeltown,20,20-p-mark1,,,0,,,,,5,,,6,,,8
20-p-mark1_x8-bellona,20,20-p-mark1,,,1,,,,,4,,,3,,,8
20-p-mark1_x8-attacker,20,20-p-mark1,,,0,,,,,4,,,1,,,8
20-p-mark1_x8-arethusa-alt,20,20-p-mark1,,,1,,,,,4.5,,,5,,,8
20-p-mark1_x8-arethusa,20,20-p-mark1,,,1,,,,,5,,,2,,,8
20-p-mark1_x8-ameer,20,20-p-mark1,,,2,,,,,4,,,0,,,8
20-p-mark1_x7-southampton,20,20-p-mark1,,,3,,,,,4,,,0,,,7
20-p-mark1_x7-leander,20,20-p-mark1,,,2,,,,,5,,,3,,,7
20-p-mark1_x7-kent-alt,20,20-p-mark1,,,2,,,,,4,,,3,,,7
20-p-mark1_x7-kent,20,20-p-mark1,,,2,,,,,5,,,4,,,7
20-p-mark1_x7-hawkins-alt,20,20-p-mark1,,,1,,,,,4,,,2,,,7
20-p-mark1_x7-hawkins,20,20-p-mark1,,,1,,,,,5,,,6,,,7
20-p-mark1_x7-dido,20,20-p-mark1,,,1,,,,,4,,,3,,,7
20-p-mark1_x7-avenger,20,20-p-mark1,,,1,,,,,3.5,,,0,,,7
20-p-mark1_x7-aus,20,20-p-mark1,,,4,,,,,4,,,3,,,7
20-p-mark1_x7,20,20-p-mark1,,,2,,,,,4,,,3,,,7
20-p-mark1_x6-vindictive,20,20-p-mark1,,,0,,,,,3,,,2,,,6
20-p-mark1_x6-southampton-alt,20,20-p-mark1,,,2,,,,,4,,,4,,,6
20-p-mark1_x6-southampton,20,20-p-mark1,,,1,,,,,4,,,5,,,6
20-p-mark1_x6-sides,20,20-p-mark1,,,0,,,,,3,,,0,,,6
20-p-mark1_x6-norfolk,20,20-p-mark1,,,3,,,,,4,,,3,,,6
20-p-mark1_x6-niobe,20,20-p-mark1,,,,,,,,3,,,,,,6
20-p-mark1_x6-montgomery-2,20,20-p-mark1,,,0,,,,,4,,,3,,,6
20-p-mark1_x6-montgomery,20,20-p-mark1,,,0,,,,,3.5,,,1.5,,,6
20-p-mark1_x6-minotaur,20,20-p-mark1,,,1,,,,,2.5,,,2,,,6
20-p-mark1_x6-mac,20,20-p-mark1,,,0,,,,,3,,,1,,,6
20-p-mark1_x6-london-alt,20,20-p-mark1,,,2,,,,,4,,,3,,,6
20-p-mark1_x6-london,20,20-p-mark1,,,3,,,,,4,,,2,,,6
20-p-mark1_x6-kent,20,20-p-mark1,,,3,,,,,3,,,3,,,6
20-p-mark1_x6-emerald,20,20-p-mark1,,,1,,,,,3,,,2,,,6
20-p-mark1_x6-edinburgh,20,20-p-mark1,,,2,,,,,3.5,,,3,,,6
20-p-mark1_x6-doy,20,20-p-mark1,,,0,,,,,4,,,4,,,6
20-p-mark1_x6-dido-alt-2,20,20-p-mark1,,,1,,,,,3,,,2,,,6
20-p-mark1_x6-dido-alt,20,20-p-mark1,,,2,,,,,3,,,2,,,6
20-p-mark1_x6-dido,20,20-p-mark1,,,2,,,,,3,,,1,,,6
20-p-mark1_x6-delhi,20,20-p-mark1,,,2,,,,,3,,,4,,,6
20-p-mark1_x6-danae,20,20-p-mark1,,,2,,,,,3,,,1,,,6
20-p-mark1_x6-castle,20,20-p-mark1,,,0,,,,,3,,,1,,,6
20-p-mark1_x6-cardiff,20,20-p-mark1,,,2,,,,,3,,,2,,,6
20-p-mark1_x6-belmont,20,20-p-mark1,,,0,,,,,3,,,2,,,6
20-p-mark1_x6-belfast,20,20-p-mark1,,,2,,,,,3,,,0,,,6
20-p-mark1_x6-attacker,20,20-p-mark1,,,2,,,,,3,,,0,,,6
20-p-mark1_x6-arethusa,20,20-p-mark1,,,1,,,,,3.5,,,3,,,6
20-p-mark1_x6-amphion,20,20-p-mark1,,,4,,,,,3,,,2,,,6
20-p-mark1_x6-ameer,20,20-p-mark1,,,0,,,,,3,,,0,,,6
20-p-mark1_x6-albatross,20,20-p-mark1,,,2,,,,,3,,,4,,,6
20-p-mark1_x6-adelaide,20,20-p-mark1,,,2,,,,,3,,,2,,,6
20-p-mark1_x6,20,20-p-mark1,,,1,,,,,3,,,1,,,6
20-p-mark1_x5-unicorn,20,20-p-mark1,,,0,,,,,3,,,3,,,5
20-p-mark1_x5-montgomery,20,20-p-mark1,,,2,,,,,3,,,2,,,5
20-p-mark1_x5-leander-alt,20,20-p-mark1,,,1,,,,,3,,,2,,,5
20-p-mark1_x5-leander,20,20-p-mark1,,,2,,,,,3,,,2,,,5
20-p-mark1_x5-kent-alt,20,20-p-mark1,,,1,,,,,4,,,4,,,5
20-p-mark1_x5-kent,20,20-p-mark1,,,2,,,,,3,,,3,,,5
20-p-mark1_x5-dido-alt,20,20-p-mark1,,,1,,,,,3,,,2,,,5
20-p-mark1_x5-dido,20,20-p-mark1,,,0,,,,,3,,,2,,,5
20-p-mark1_x5-coventry,20,20-p-mark1,,,2,,,,,3,,,2.5,,,5
20-p-mark1_x5-caradoc,20,20-p-mark1,,,2,,,,,4,,,3,,,5
20-p-mark1_x5-anson,20,20-p-mark1,,,3,,,,,2,,,1,,,5
20-p-mark1_x5-amphion,20,20-p-mark1,,,1,,,,,4,,,4,,,4
20-p-mark1_x4-turret,20,20-p-mark1,,,2,,,,,2,,,2,,,4
20-p-mark1_x4-sides,20,20-p-mark1,,,0,,,,,2,,,0,,,4
20-p-mark1_x4-montgomery-alt,20,20-p-mark1,,,0,,,,,2.5,,,2.5,,,4
20-p-mark1_x4-montgomery-4,20,20-p-mark1,,,0,,,,,2.5,,,1.5,,,4
20-p-mark1_x4-montgomery-3,20,20-p-mark1,,,0,,,,,2,,,3,,,4
20-p-mark1_x4-montgomery,20,20-p-mark1,,,0,,,,,1.5,,,1.5,,,4
20-p-mark1_x4-minotaur,20,20-p-mark1,,,1,,,,,1.5,,,0,,,4
20-p-mark1_x4-midship,20,20-p-mark1,,,0,,,,,2,,,0,,,4
20-p-mark1_x4-mac,20,20-p-mark1,,,0,,,,,2,,,1,,,4
20-p-mark1_x4-london,20,20-p-mark1,,,1,,,,,3,,,3,,,4
20-p-mark1_x4-leander,20,20-p-mark1,,,1,,,,,2,,,1,,,4
20-p-mark1_x4-kent-alt,20,20-p-mark1,,,2,,,,,3,,,1,,,4
20-p-mark1_x4-kent,20,20-p-mark1,,,4,,,,,2,,,1,,,4
20-p-mark1_x4-fiji-alt,20,20-p-mark1,,,2,,,,,2,,,2,,,4
20-p-mark1_x4-fiji,20,20-p-mark1,,,0,,,,,2.5,,,2,,,4
20-p-mark1_x4-dido-alt,20,20-p-mark1,,,2,,,,,2,,,0,,,4
20-p-mark1_x4-dido,20,20-p-mark1,,,1,,,,,2,,,2,,,4
20-p-mark1_x4-belmont,20,20-p-mark1,,,0,,,,,2,,,2,,,4
20-p-mark1_x4-aurora,20,20-p-mark1,,,0,,,,,2.5,,,4,,,4
20-p-mark1_x4-arethusa-alt,20,20-p-mark1,,,1,,,,,2,,,0,,,4
20-p-mark1_x4-arethusa,20,20-p-mark1,,,0,,,,,3,,,2,,,4
20-p-mark1_x4-aft-2,20,20-p-mark1,,,0,,,,,2,,,2,,,4
20-p-mark1_x4-aft,20,20-p-mark1,,,0,,,,,2,,,3,,,4
20-p-mark1_x4-activity,20,20-p-mark1,,,2,,,,,2,,,0,,,4
20-p-mark1_x3-belmont,20,20-p-mark1,,,0,,,,,2,,,2,,,3
20-p-mark1_x2-turret-alt,20,20-p-mark1,,,1,,,,,2,,,1,,,2
20-p-mark1_x2-turret,20,20-p-mark1,,,2,,,,,1,,,0,,,2
20-p-mark1_x2-montgomery,20,20-p-mark1,,,0,,,,,1,,,1,,,2
20-p-mark1_x2-midship-2,20,20-p-mark1,,,0,,,,,2,,,1,,,2
20-p-mark1_x2-midship,20,20-p-mark1,,,0,,,,,1,,,0,,,2
20-p-mark1_x2-fore-2,20,20-p-mark1,,,2,,,,,1,,,0,,,2
20-p-mark1_x2-fore,20,20-p-mark1,,,1,,,,,1,,,0,,,2
20-p-mark1_x2-fantail,20,20-p-mark1,,,0,,,,,1,,,2,,,2
20-p-mark1_x2-blackburn,20,20-p-mark1,,,1,,,,,1,,,2,,,2
20-p-mark1_x2-belmont,20,20-p-mark1,,,0,,,,,1,,,1,,,2
20-p-mark1_x2-aft,20,20-p-mark1,,,0,,,,,1,,,1,,,2
20-p-mark1_x2,20,20-p-mark1,,,1,,,,,1,,,1,,,2
20-p-mark1_x1-fore,20,20-p-mark1,,,1,,,,,1,,,0,,,1
20-p-mark1_x1-aft,20,20-p-mark1,,,0,,,,,1,,,1,,,1
20-p-flakzwilling-C38_x10-graf-zeppelin,20,20-p-flakzwilling-C38,,,0,,,,,5,,,0,,,10
20-p-flakzwilling-C38_x10,20,20-p-flakzwilling-C38,,,4,,,,,7,,,7,,,10
20-p-flakzwilling-C38_x9,20,20-p-flakzwilling-C38,,,2,,,,,5,,,7,,,9
20-p-flakzwilling-C38_x8-leipzig,20,20-p-flakzwilling-C38,,,3,,,,,5,,,3,,,8
20-p-flakzwilling-C38_x8-alt,20,20-p-flakzwilling-C38,,,3,,,,,4,,,5,,,8
20-p-flakzwilling-C38_x8,20,20-p-flakzwilling-C38,,,2,,,,,4,,,4,,,8
20-p-flakzwilling-C38_x7-escort,20,20-p-flakzwilling-C38,,,3,,,,,4,,,4,,,7
20-p-flakzwilling-C38_x6-weser,20,20-p-flakzwilling-C38,,,1,,,,,4.5,,,2,,,6
20-p-flakzwilling-C38_x6-escort-2,20,20-p-flakzwilling-C38,,,2,,,,,3,,,2,,,6
20-p-flakzwilling-C38_x6-escort,20,20-p-flakzwilling-C38,,,3,,,,,3,,,3,,,6
20-p-flakzwilling-C38_x6-elbe,20,20-p-flakzwilling-C38,,,1.5,,,,,3,,,0.5,,,6
20-p-flakzwilling-C38_x6-alt,20,20-p-flakzwilling-C38,,,3,,,,,5,,,3,,,6
20-p-flakzwilling-C38_x6,20,20-p-flakzwilling-C38,,,3,,,,,4,,,2,,,6
20-p-flakzwilling-C38_x3,20,20-p-flakzwilling-C38,,,1,,,,,2,,,2,,,3
20-p-flakzwilling-C38_x2,20,20-p-flakzwilling-C38,,,2,,,,,1,,,1,,,2
20-p-c38_x16,20,20-p-c38,,,5,,,,,8,,,6,,,16
20-p-c38_x14-alt,20,20-p-c38,,,5,,,,,8,,,9,,,14
20-p-c38_x14,20,20-p-c38,,,4,,,,,7,,,5,,,14
20-p-c38_x12,20,20-p-c38,,,2,,,,,7,,,6,,,12
20-p-c38_x11,20,20-p-c38,,,3,,,,,6,,,4,,,11
20-p-c38_x10-hipper,20,20-p-c38,,,1,,,,,5,,,5,,,10
20-p-c38_x10-alt,20,20-p-c38,,,5,,,,,6,,,6,,,10
20-p-c38_x10,20,20-p-c38,,,3,,,,,5,,,3,,,10
20-p-c38_x8-tirp,20,20-p-c38,,,2,,,,,4,,,3,,,8
20-p-c38_x6-alt,20,20-p-c38,,,2,,,,,3,,,2,,,6
20-p-c38_x6,20,20-p-c38,,,3,,,,,5,,,3,,,6
20-p-c38_x5-schiff-50,20,20-p-c38,,,0,,,,,3,,,2,,,5
20-p-c38_x5-nurnberg,20,20-p-c38,,,2,,,,,3,,,4,,,5
20-p-c38_x5,20,20-p-c38,,,2,,,,,3,,,1,,,5
20-p-c38_x4-leipzig,20,20-p-c38,,,2,,,,,2,,,2,,,4
20-p-c38_x4-arcona-alt,20,20-p-c38,,,2,,,,,2.5,,,2,,,4
20-p-c38_x4-arcona,20,20-p-c38,,,2,,,,,2,,,2,,,4
20-p-c38_x4,20,20-p-c38,,,2,,,,,2,,,2,,,4
20-p-c38_x3,20,20-p-c38,,,2,,,,,2,,,1,,,3
20-p-c38_x2-fore,20,20-p-c38,,,2,,,,,1,,,0,,,2
20-p-c38_x2-allround,20,20-p-c38,,,1,,,,,2,,,1,,,2
20-p-c38_x2,20,20-p-c38,,,2,,,,,1,,,1,,,2
20-p-c38_x1-fore,20,20-p-c38,,,1,,,,,1,,,0,,,1
20-p-c30_x10-scharn,20,20-p-c30,,,3,,,,,5,,,8,,,10
20-p-c30_x10-gneise,20,20-p-c30,,,3,,,,,5,,,4,,,10
20-p-c30_x10-alt,20,20-p-c30,,,3,,,,,6,,,8,,,10
20-p-c30_x10,20,20-p-c30,,,3,,,,,5,,,3,,,10
20-p-c30_x8-alt,20,20-p-c30,,,3,,,,,5,,,6,,,8
20-p-c30_x8,20,20-p-c30,,,1,,,,,4,,,5,,,8
20-p-c30_x6-schwabenland,20,20-p-c30,,,3,,,,,4,,,4,,,6
20-p-c30_x4-nurnberg,20,20-p-c30,,,2,,,,,2,,,2,,,4
20-p-c30_x4-friesenland,20,20-p-c30,,,2,,,,,2,,,2,,,4
20-p-c30_x4,20,20-p-c30,,,2,,,,,2,,,2,,,4
20-p-c30_x3-fore,20,20-p-c30,,,3,,,,,2,,,1,,,3
20-p-c30_x2-aft-2,20,20-p-c30,,,0,,,,,1,,,1,,,2
20-p-c30_x2-aft,20,20-p-c30,,,1,,,,,1,,,2,,,2
20-p-c30_x2,20,20-p-c30,,,2,,,,,1.5,,,2,,,2
20-cp-vierling-c38_x18,20,20-cp-vierling-c38,,,5,,,,,10,,,12,,,18
20-cp-vierling-c38_x10-weser,20,20-cp-vierling-c38,,,2,,,,,6.5,,,1,,,10
20-cp-vierling-c38_x10,20,20-cp-vierling-c38,,,4,,,,,6,,,5,,,10
20-cp-vierling-c38_x8-deutschland,20,20-cp-vierling-c38,,,3,,,,,5,,,4,,,8
20-cp-vierling-c38_x8,20,20-cp-vierling-c38,,,4,,,,,5,,,3,,,8
20-cp-vierling-c38_x6-hipper,20,20-cp-vierling-c38,,,1.5,,,,,3,,,2,,,6
20-cp-vierling-c38_x6-graf-zeppelin,20,20-cp-vierling-c38,,,1,,,,,3,,,0.5,,,6
20-cp-vierling-c38_x6-gneise,20,20-cp-vierling-c38,,,3,,,,,4,,,2,,,6
20-cp-vierling-c38_x6,20,20-cp-vierling-c38,,,2,,,,,3,,,3,,,6
20-cp-vierling-c38_x5-turret,20,20-cp-vierling-c38,,,3,,,,,3,,,2,,,5
20-cp-vierling-c38_x5,20,20-cp-vierling-c38,,,3,,,,,5,,,2,,,5
20-cp-vierling-c38_x4-turret,20,20-cp-vierling-c38,,,3,,,,,3,,,2,,,4
20-cp-vierling-c38_x4-deutschland,20,20-cp-vierling-c38,,,2,,,,,4,,,2,,,4
20-cp-vierling-c38_x4,20,20-cp-vierling-c38,,,2,,,,,2,,,2,,,4
20-cp-vierling-c38_x3-hipper,20,20-cp-vierling-c38,,,2,,,,,3,,,1,,,3
20-cp-vierling-c38_x3-fore,20,20-cp-vierling-c38,,,3,,,,,2,,,1,,,3
20-cp-vierling-c38_x3-deutschland,20,20-cp-vierling-c38,,,1,,,,,2,,,1,,,3
20-cp-vierling-c38_x3,20,20-cp-vierling-c38,,,1,,,,,3,,,2,,,3
20-cp-vierling-c38_x2-sides,20,20-cp-vierling-c38,,,0,,,,,1,,,1,,,2
20-cp-vierling-c38_x2-fore,20,20-cp-vierling-c38,,,2,,,,,1,,,1,,,2
20-cp-vierling-c38_x2-f-a,20,20-cp-vierling-c38,,,1,,,,,2,,,1,,,2
20-cp-vierling-c38_x2-deutschland,20,20-cp-vierling-c38,,,0,,,,,1,,,1,,,2
20-cp-vierling-c38_x2-center,20,20-cp-vierling-c38,,,0,,,,,2,,,1,,,2
20-cp-vierling-c38_x2-bridge,20,20-cp-vierling-c38,,,2,,,,,1,,,2,,,2
20-cp-vierling-c38_x2-aft,20,20-cp-vierling-c38,,,0,,,,,1,,,2,,,2
20-cp-vierling-c38_x1-fore,20,20-cp-vierling-c38,,,1,,,,,1,,,0,,,1
20-cp-vierling-c38_x1-aft,20,20-cp-vierling-c38,,,0,,,,,1,,,1,,,1
20-cp-vierling-c38_x1,20,20-cp-vierling-c38,,,0,,,,,1,,,0,,,1
20-cp-sextuple_x21,20,20-cp-sextuple,,,7.5,,,,,14,,,6.5,,,21
20-at-cwis-b0_x1-r,20,20-at-cwis-b0,,,0,0,0,1,,1,1,0,0,,1,1
14-p-2m7-quad_x4,14.5,14-p-2m7-quad,,,1,1,2,2,,2,2,1,1,,2,2
14-p-2m7-quad_x2,14.5,14-p-2m7-quad,,,1,1,1,1,,1,1,0,0,,1,1
13-p-unknown-de_x2,13.2,13-p-unknown-de,,,1,,,,,1,,,1,,,2
13-p-m1931-twin_x6-alt,13.2,13-p-m1931-twin,,,2,,,,,3,,,2,,,6
13-p-m1931-twin_x6,13.2,13-p-m1931-twin,,,2,,,,,3,,,4,,,6
13-p-m1931-twin_x5-alt,13.2,13-p-m1931-twin,,,1,,,,,4,,,1,,,5
13-p-m1931-twin_x5,13.2,13-p-m1931-twin,,,1,,,,,3,,,3,,,5
13-p-m1931-twin_x4-sides,13.2,13-p-m1931-twin,,,0,,,,,2.5,,,0,,,4
13-p-m1931-twin_x4-alt-2,13.2,13-p-m1931-twin,,,1,,,,,2,,,2,,,4
13-p-m1931-twin_x4-alt,13.2,13-p-m1931-twin,,,1,,,,,2.5,,,1,,,4
13-p-m1931-twin_x4,13.2,13-p-m1931-twin,,,2,,,,,2,,,2,,,4
13-p-m1931-twin_x2-aft,13.2,13-p-m1931-twin,,,0,,,,,1,,,2,,,2
13-p-m1931-twin_x2,13.2,13-p-m1931-twin,,,1,,,,,1,,,1,,,2
25-p-type96-single_x20-kaiyo,13,25-p-type96-single,,,2,,,,,10,,,1,,,20
25-p-type96-single_x12-shinyo,13,25-p-type96-single,,,2,,,,,6,,,1,,,12
25-p-type96-single_x8-yamashiro-maru,13,25-p-type96-single,,,2,,,,,4,,,2,,,8
13-p-type93-twin_x18,13,13-p-type93-twin,,,2,,,,,9,,,7,,,18
13-p-type93-twin_x6-ryujo,13,13-p-type93-twin,,,2,,,,,3,,,1,,,6
13-p-type93-twin_x5-taiyo,13,13-p-type93-twin,,,0,,,,,2,,,1,,,5
13-p-type93-twin_x4,13,13-p-type93-twin,,,1,,,,,2,,,1,,,4
13-p-type93-twin_x3,13,13-p-type93-twin,,,0,,,,,2,,,1,,,3
13-p-type93-twin_x2-kuma,13,13-p-type93-twin,,,0.5,,,,,1,,,0.5,,,2
13-p-type93-twin_x2-fore,13,13-p-type93-twin,,,2,,,,,1,,,0,,,2
13-p-type93-twin_x2-aft,13,13-p-type93-twin,,,0,,,,,1,,,2,,,2
13-p-type93-twin_x2,13,13-p-type93-twin,,,1,,,,,1,,,1,,,2
13-p-type93-twin_x1-nagara,13,13-p-type93-twin,,,1,,,,,0.5,,,0,,,1
13-p-type93-twin_x1-midship,13,13-p-type93-twin,,,0,,,,,1,,,0,,,1
13-p-type93-twin_x1-aft,13,13-p-type93-twin,,,0,,,,,1,,,1,,,1
13-p-type93-single_x24,13,13-p-type93-single,,,7,,,,,12,,,7,,,24
13-p-type93-single_x10,13,13-p-type93-single,,,4,,,,,5,,,3,,,10
13-p-type93-single_x8-nagara,13,13-p-type93-single,,,0,,,,,6,,,0,,,8
13-p-type93-single_x8-katori,13,13-p-type93-single,,,3,,,,,5,,,3,,,8
13-p-type93-single_x8,13,13-p-type93-single,,,2,,,,,4,,,2,,,8
13-p-type93-single_x7-kuma,13,13-p-type93-single,,,2.5,,,,,5,,,1,,,7
13-p-type93-single_x5-taiyo,13,13-p-type93-single,,,1,,,,,3,,,0,,,5
13-p-type93-single_x5-kuma,13,13-p-type93-single,,,2.5,,,,,4,,,1,,,5
13-p-type93-single_x4-sides,13,13-p-type93-single,,,1,,,,,2,,,0,,,4
13-p-type93-single_x4,13,13-p-type93-single,,,2,,,,,2,,,2,,,4
13-p-type93-single_x3-yasoshima,13,13-p-type93-single,,,2,,,,,3,,,1,,,3
13-p-type93-single_x3-nagara,13,13-p-type93-single,,,0,,,,,2,,,3,,,3
13-p-type93-single_x2-nagara,13,13-p-type93-single,,,0.5,,,,,1,,,0.5,,,2
13-p-type93-single_x2-fore,13,13-p-type93-single,,2,2,2,1,1,1,1,1,0,0,0,1,2
13-p-type93-single_x2-aft,13,13-p-type93-single,,,0,,,,,1,,,2,,,2
13-p-type93-single_x2,13,13-p-type93-single,,,1,,,,,1,,,1,,,2
13-p-type93-quad_x6-ryujo,13,13-p-type93-quad,,,1,,,,,3,,,0,,,6
13-p-type93-quad_x3-taigei,13,13-p-type93-quad,,,2,,,,,2,,,2,,,3
13-p-type93-quad_x2-fore,13,13-p-type93-quad,,,2,,,,,1,,,0,,,2
13-p-type93-quad_x2,13,13-p-type93-quad,,,0,,,,,1,,,1,,,2
13-p-type93-quad_x1-nagara,13,13-p-type93-quad,,,1,,,,,0.5,,,0,,,1
13-p-browning-fn_x16,13,13-p-browning-fn,,,4,,,,,9,,,7,,,16
13-p-browning-fn_x4,13,13-p-browning-fn,,,1,,,,,2,,,1,,,4
13-p-browning-fn_x3,13,13-p-browning-fn,,,1,,,,,2,,,1,,,3
13-p-browning-fn_x2-fore,13,13-p-browning-fn,,,1,,,,,1,,,1,,,2
13-p-browning-fn_x1,13,13-p-browning-fn,,,0,,,,,1,,,1,,,1
13-gs-cad-m1929_x6,13,13-gs-cad-m1929,,,2,,,,,5,,,4,,,6
13-gs-cad-m1929_x2-fore,13,13-gs-cad-m1929,,,1,,,,,1,,,0,,,2
13-cp-caq-m1929_x8-d,13,13-cp-caq-m1929,,,1,,,,,4,,,1,,,8
13-cp-caq-m1929_x8,13,13-cp-caq-m1929,,,2,,,,,4,,,3,,,8
13-cp-caq-m1929_x7-joffre,13,13-cp-caq-m1929,,,3,,,,,3.5,,,4,,,7
13-cp-caq-m1929_x6,13,13-cp-caq-m1929,,,0,,,,,3,,,1,,,6
13-cp-caq-m1929_x5,13,13-cp-caq-m1929,,,1,,,,,3,,,2,,,5
13-cp-caq-m1929_x4-alt-2,13,13-cp-caq-m1929,,,2,,,,,2,,,2,,,4
13-cp-caq-m1929_x4-alt,13,13-cp-caq-m1929,,,2,,,,,2,,,0,,,4
13-cp-caq-m1929_x4,13,13-cp-caq-m1929,,,1,,,,,2,,,2,,,4
13-cp-caq-m1929_x3,13,13-cp-caq-m1929,,,0,,,,,2,,,2,,,3
13-cp-caq-m1929_x2-aft-2,13,13-cp-caq-m1929,,,0,,,,,1,,,2,,,2
13-cp-caq-m1929_x2-aft,13,13-cp-caq-m1929,,,0,,,,,2,,,2,,,2
13-cp-cad-m1929_x6-bearn,13,13-cp-cad-m1929,,,0.5,,,,,3,,,1,,,6
13-cp-cad-m1929_x6-alt,13,13-cp-cad-m1929,,,2,,,,,2.5,,,2,,,6
13-cp-cad-m1929_x6,13,13-cp-cad-m1929,,,1,,,,,3,,,3,,,6
13-cp-cad-m1929_x4-alt,13,13-cp-cad-m1929,,,1,,,,,2,,,2,,,4
13-cp-cad-m1929_x4-aft,13,13-cp-cad-m1929,,,0,,,,,4,,,4,,,4
13-cp-cad-m1929_x4,13,13-cp-cad-m1929,,,1,,,,,2,,,1,,,4
13-cp-cad-m1929_x2-fore-2,13,13-cp-cad-m1929,,,2,,,,,1,,,0,,,2
13-cp-cad-m1929_x2-fore,13,13-cp-cad-m1929,,,1,,,,,1,,,0,,,2
13-cp-cad-m1929_x2-aft,13,13-cp-cad-m1929,,,0,,,,,2,,,2,,,2
13-cp-cad-m1929_x2,13,13-cp-cad-m1929,,,0,,,,,1,,,1,,,2
12-p-mk3_x44,12.7,12-p-mk3,,,4,,,,,22,,,2,,,44
12-p-mk3_x30,12.7,12-p-mk3,,,2,,,,,16,,,3,,,30
12-p-mk3_x28,12.7,12-p-mk3,,,4,,,,,14,,,5,,,28
12-p-mk3_x25-nc,12.7,12-p-mk3,,,4,5,9,12.5,,12.5,10,6,6,,16,25
12-p-mk3_x25,12.7,12-p-mk3,,,8,,,,,11,,,6,,,25
12-p-mk3_x24-yorktown,12.7,12-p-mk3,,,6,,,,,12,,,6,,,24
12-p-mk3_x24-wasp,12.7,12-p-mk3,,,5,,,,,12,,,5,,,24
12-p-mk3_x24-nc,12.7,12-p-mk3,,,7,9,10,12,,12,9,4,6,,19,24
12-p-mk3_x21-nc,12.7,12-p-mk3,,,1,3,7,10.5,,10.5,9,6,6,,14,21
12-p-mk3_x20,12.7,12-p-mk3,,,0,,,,,10,,,1,,,20
12-p-mk3_x19-yorktown,12.7,12-p-mk3,,,4,,,,,11,,,5,,,19
12-p-mk3_x14,12.7,12-p-mk3,,,4,,,,,6,,,5,,,12
12-p-mk3_x12-nc,12.7,12-p-mk3,,,5,4,6,6,,6,6,2,3,,6,12
12-p-mk3_x12-iowa,12.7,12-p-mk3,,6,6,3,4,6,6,6,4,3,6,6,6,12
12-p-mk3_x12-gleaves,12.7,12-p-mk3,,,3,3,7,6,,6,6,2,2,,10,12
12-p-mk3_x12-bearn,12.7,12-p-mk3,,,1,,,,,6,,,2,,,12
12-p-mk3_x12,12.7,12-p-mk3,,,2,3,4,6,,6,4,3,6,,6,12
12-p-mk3_x10-enterprise,12.7,12-p-mk3,,,3,,,,,4.5,,,5,,,10
12-p-mk3_x10-col-2,12.7,12-p-mk3,,7,7,6,7,6,6,6,4,3,2,3,9,10
12-p-mk3_x10-col,12.7,12-p-mk3,,8,6,6,7,5,5,4,4,3,4,4,8,10
12-p-mk3_x10-benson,12.7,12-p-mk3,,,3,3,5,5,,5,5,2,2,,7,10
12-p-mk3_x9-wasp,12.7,12-p-mk3,,,1.5,,,,,4.5,,,0,,,9
12-p-mk3_x8-wich,12.7,12-p-mk3,,,1,1,4,4,,4,4,2,2,,4,8
12-p-mk3_x8-texas,12.7,12-p-mk3,,5,2,3,4,4,5,4,4,4,4,5,8,8
12-p-mk3_x8-tenn,12.7,12-p-mk3,,5,5,5,6,5,5,5,4,3,2,3,8,8
12-p-mk3_x8-tangier,12.7,12-p-mk3,,,3,,,,,3,,,2,,,8
12-p-mk3_x8-standard,12.7,12-p-mk3,,,5,,,,,5,,,4,,,8
12-p-mk3_x8-sd,12.7,12-p-mk3,,,2,3,5,4,,4,4,2,2,,4,8
12-p-mk3_x8-penn,12.7,12-p-mk3,,4,2,3,4,4,4,4,6,4,3,6,6,8
12-p-mk3_x8-oklahoma,12.7,12-p-mk3,,9,5,5,5,4,5,4,5,3,3,5,7,8
12-p-mk3_x8-ny,12.7,12-p-mk3,,4,2,3,4,4,4,4,4,4,4,4,8,8
12-p-mk3_x8-nh,12.7,12-p-mk3,,,2,,,,,4,,,2,,,8
12-p-mk3_x8-nev,12.7,12-p-mk3,,6,6,5,6,4,4,3,4,2,2,2,6,8
12-p-mk3_x8-enterprise,12.7,12-p-mk3,,,3,,,,,4,,,3,,,8
12-p-mk3_x8-col,12.7,12-p-mk3,,6,5,5,6,4,4,3,3,2,2,2,7,8
12-p-mk3_x8-brooklyn,12.7,12-p-mk3,,,3,,,,,4,,,2,,,8
12-p-mk3_x8-benson,12.7,12-p-mk3,,,2,3,5,4,,4,4,1,2,,8,8
12-p-mk3_x8-balanced,12.7,12-p-mk3,,6,2,4,6,4,4,4,6,4,2,6,6,8
12-p-mk3_x8,12.7,12-p-mk3,,,4,,,,,5,,,3,,,8
12-p-mk3_x4-texas,12.7,12-p-mk3,,2,0,1,2,2,2,2,2,2,2,2,4,8
12-p-mk3_x7-benham,12.7,12-p-mk3,,,1,3,3,4,,4,4,2,1,,5,7
12-p-mk3_x6-tangier,12.7,12-p-mk3,,,2,,,,,2,,,3,,,6
12-p-mk3_x6-port,12.7,12-p-mk3,,,2,,,,,3,,,3,,,6
12-p-mk3_x6-little,12.7,12-p-mk3,,,2,,,,,3,,,1,,,6
12-p-mk3_x6-clemson-2,12.7,12-p-mk3,,,1,,,,,3,,,2,,,6
12-p-mk3_x6-clemson,12.7,12-p-mk3,,,0,,,,,3,,,3,,,6
12-p-mk3_x6-benson,12.7,12-p-mk3,,,1,3,3,3,,3,3,2,1,,3,6
12-p-mk3_x6-ariz-alt,12.7,12-p-mk3,,5,5,4,4,3,4,3,2,2,3,3,5,6
12-p-mk3_x6-ariz,12.7,12-p-mk3,,2,2,2,3,2,3,3,5,3,2,4,4,6
12-p-mk3_x5-wickes,12.7,12-p-mk3,,,0,,,,,4,,,1,,,5
12-p-mk3_x5-clemson,12.7,12-p-mk3,,,0,,,,,4,,,2,,,5
12-p-mk3_x4-wickes,12.7,12-p-mk3,,,0,,,,,2,,,2,,,4
12-p-mk3_x4-tran,12.7,12-p-mk3,,,2,,,,,2,,,1,,,4
12-p-mk3_x4-penn,12.7,12-p-mk3,,3,3,2,2,2,3,2,2,2,3,3,4,4
12-p-mk3_x4-nh,12.7,12-p-mk3,,,3,,,,,2,,,0,,,4
12-p-mk3_x4-nev,12.7,12-p-mk3,,2,2,2,3,2,2,2,3,2,2,2,4,4
12-p-mk3_x4-manley,12.7,12-p-mk3,,,0,,,,,2,,,1,,,4
12-p-mk3_x4-mahan-2,12.7,12-p-mk3,,,1,1,2,2,,2,3,2,2,,3,4
12-p-mk3_x4-mahan,12.7,12-p-mk3,,,2,2,3,2,,2,3,2,2,,3,4
12-p-mk3_x4-little,12.7,12-p-mk3,,,2,,,,,2,,,0,,,4
12-p-mk3_x4-fletcher,12.7,12-p-mk3,,,2,2,2,2,,2,2,1,1,,2,4
12-p-mk3_x4-escort,12.7,12-p-mk3,,,3,,,,,2,,,2,,,4
12-p-mk3_x4-clemson,12.7,12-p-mk3,,,0,,,,,2,,,1,,,4
12-p-mk3_x4,12.7,12-p-mk3,,,1,1,2,2,,2,2,1,1,,2,4
12-p-mk3_x3-belmont,12.7,12-p-mk3,,,0,,,,,2,,,2,,,3
12-p-mk3_x3,12.7,12-p-mk3,,,0,,,,,2,,,1,,,3
12-p-mk3_x2-wings,12.7,12-p-mk3,,,0,,,,,1,,,0,,,2
12-p-mk3_x2-wickes,12.7,12-p-mk3,,,0,,,,,1,,,1,,,2
12-p-mk3_x2-turret,12.7,12-p-mk3,,,1,,,,,2,,,1,,,2
12-p-mk3_x2-porter,12.7,12-p-mk3,,,0,0,1,1,,1,1,1,1,,1,2
12-p-mk3_x2-montgomery,12.7,12-p-mk3,,,2,,,,,1,,,1,,,2
12-p-mk3_x2-manley,12.7,12-p-mk3,,,0,,,,,2,,,1,,,2
12-p-mk3_x2-fore,12.7,12-p-mk3,,,2,,,,,1,,,0,,,2
12-p-mk3_x2,12.7,12-p-mk3,,,1,,,,,1,,,1,,,2
12-p-dual_x2-turret,12.7,12-p-dual,,,1,,,,,2,,,1,,,2
12-p-bi-type_x2-kuma,12.7,12-p-bi-type,,,0.5,,,,,1,,,0.5,,,2
12-p-dshk-1938-twin_x4,12,12-p-dshk-1938-twin,,,1,,,,,2,,,1,,,4
12-p-dshk-1938-twin_x2-fore,12,12-p-dshk-1938-twin,,,1,,,,,1,,,0,,,2
12-p-dshk-1938-single_x13,12,12-p-dshk-1938-single,,,3,,,,,8,,,3,,,13
12-p-dshk-1938-single_x12,12,12-p-dshk-1938-single,,,3,,,,,7,,,3,,,12
12-p-dshk-1938-single_x8,12,12-p-dshk-1938-single,,,5,,,,,6,,,2,,,8
12-p-dshk-1938-single_x7,12,12-p-dshk-1938-single,,,1,,,,,4,,,3,,,7
12-p-dshk-1938-single_x6-alt,12,12-p-dshk-1938-single,,,0,,,,,3,,,2,,,6
12-p-dshk-1938-single_x6,12,12-p-dshk-1938-single,,,1,,,,,3,,,1,,,6
12-p-dshk-1938-single_x5,12,12-p-dshk-1938-single,,,1,,,,,3,,,2,,,5
12-p-dshk-1938-single_x4-fore,12,12-p-dshk-1938-single,,,1,,,,,2,,,0,,,4
12-p-dshk-1938-single_x4-aft,12,12-p-dshk-1938-single,,,0,,,,,2,,,1,,,4
12-p-dshk-1938-single_x4,12,12-p-dshk-1938-single,,,1,,,,,2,,,1,,,4
12-gs-markvi_x4-belmont,12,12-gs-markvi,,,2,,,,,2,,,2,,,4
12-gs-markvi_x4-fore,12,12-gs-markvi,,,2,,,,,1,,,1,,,2
12-gs-markvi_x2-clare,12,12-gs-markvi,,,0,,,,,2,,,1,,,2
12-gs-markvi_x2-belmont,12,12-gs-markvi,,,0,,,,,1,,,1,,,2
12-cp-markii_x8,12,12-cp-markii,,,1,,,,,4,,,1,,,8
12-cp-markii_x6,12,12-cp-markii,,,2,,,,,4,,,3,,,6
12-cp-markii_x4-val,12,12-cp-markii,,,1,,,,,2,,,2,,,4
12-cp-markii_x4-turret,12,12-cp-markii,,,2,,,,,2,,,2,,,4
12-cp-markii_x4-fiji,12,12-cp-markii,,,2,,,,,2,,,2,,,4
12-cp-markii_x4,12,12-cp-markii,,,1,,,,,2,,,1,,,4
12-cp-markii_x3-hawkins,12,12-cp-markii,,,0,,,,,2,,,3,,,3
12-cp-markii_x3-eagle-2,12,12-cp-markii,,,2,,,,,2,,,1,,,3
12-cp-markii_x3-eagle,12,12-cp-markii,,,1,,,,,3,,,1,,,3
12-cp-markii_x3-argus,12,12-cp-markii,,,1,,,,,1,,,2,,,3
12-cp-markii_x3,12,12-cp-markii,,,1,,,,,2,,,2,,,3
12-cp-markii_x2-turret,12,12-cp-markii,,,1,,,,,2,,,1,,,2
12-cp-markii_x2-side,12,12-cp-markii,,,0,,,,,1,,,0,,,2
12-cp-markii_x2-fore-2,12,12-cp-markii,,,2,,,,,1,,,0,,,2
12-cp-markii_x2-fore,12,12-cp-markii,,,1,,,,,1,,,0,,,2
12-cp-markii_x2-f-a,12,12-cp-markii,,,1,,,,,2,,,1,,,2
12-cp-markii_x2-dido,12,12-cp-markii,,,2,,,,,1,,,1,,,2
12-cp-markii_x2-coventry,12,12-cp-markii,,,0,,,,,1.5,,,1.5,,,2
12-cp-markii_x2-aft-alt,12,12-cp-markii,,,0,,,,,1,,,2,,,2
12-cp-markii_x2-aft-3,12,12-cp-markii,,,0,,,,,2,,,2,,,2
12-cp-markii_x2-aft,12,12-cp-markii,,,0,,,,,1,,,1,,,2
12-cp-markii_x2,12,12-cp-markii,,,1,,,,,1,,,1,,,2
12-cp-markii_x1-aft-p,12,12-cp-markii,,,0,,,,,0.5,,,0.5,,,1
12-cp-markii_x1-aft,12,12-cp-markii,,,0,,,,,1,,,1,,,1
11-p-colt-1877-10_x4,11,11-p-colt-1877-10,,,1,,,,,2,,,1,,0,4
11-p-colt-1877-10_x2-sides,11,11-p-colt-1877-10,,0,0,0,1,1,1,1,1,0,0,0,0,2
11-p-colt-1877-10_x2,11,11-p-colt-1877-10,,1,1,0.5,0.5,0,0,0,1,1,1,1,0,2
8-p-unknown_x12,8,8-p-unknown,,,,,,,,,,,,,,12
8-p-unknown_x4,8,8-p-unknown,,2,2,1,1,2,2,2,1,1,2,2,0,4
8-p-unknown_x2,8,8-p-unknown,,,1,,,1,,1,,,1,,,2
8-p-m07-12_x2-finder,8,8-p-m07-12,,,1,,,2,,2,,,1,,,2
8-p-hotchkiss-m1914_x16-bearn,8,8-p-hotchkiss-m1914,,,2,,,8,,8,,,2,,,16
8-p-hotchkiss-m1914_x12-bearn,8,8-p-hotchkiss-m1914,,,0,,,6,,6,,,0,,,12
8-p-hotchkiss-m1914_x4,8,8-p-hotchkiss-m1914,,,1,,,3,,3,,,3,,,4
8-p-hotchkiss-m1914_x3-aft,8,8-p-hotchkiss-m1914,,,0,,,3,,3,,,3,,,3
7-p-unknown_x14,7.9,7-p-unknown,,,2,,,7,,7,,,2,,,14
7-p-unknown_x10,7.9,7-p-unknown,,,1,,,5,,5,,,1,,,10
7-p-mg34_x3,7.9,7-p-mg34,,,2,,,2,,2,,,2,,,3
7-p-mg34_x2,7.9,7-p-mg34,,,1,,,1,,1,,,1,,,2
7-p-mg30_x1-fore,7.9,7-p-mg30,,,1,,,1,,1,,,0,,,1
7-p-mg13_x2,7.9,7-p-mg13,,,1,,,1,,1,,,1,,,2
7-p-unknown-2_x2,7.7,7-p-unknown-2,,,2,,,1,,1,,,1,,,2
7-p-type92_x2-aft,7.7,7-p-type92,,,0,,,1,,1,,,2,,,2
7-p-type92_x2,7.7,7-p-type92,,,1,,,1,,1,,,1,,,2
7-p-maxim-marki_x7,7.7,7-p-maxim-marki,,,2,,,3,,3,,,1,,,7
7-p-maxim-marki_x4,7.7,7-p-maxim-marki,,,1,,,2,,2,,,1,,,4
7-p-maxim-marki_x3,7.7,7-p-maxim-marki,,,1,,,1,,1,,,1,,,3
7-p-maxim-marki_x2-aft,7.7,7-p-maxim-marki,,,0,,,1,,1,,,2,,,2
7-p-maxim-aa_x4,7.7,7-p-maxim-aa,,,1,,,2,,2,,,1,,,4
7-p-maxim_x4,7.6,7-p-maxim,,,1,,,2,,2,,,1,,,4
7-p-m1895_x4-alt,7.6,7-p-m1895,,4,2,1,1,2,2,2,1,1,2,2,0,4
7-p-m1895_x4,7.6,7-p-m1895,,,1,,,2,,2,,,1,,0,4
7-p-browning_x2-top,7.6,7-p-browning,,,2,,,1,,1,,,2,,,2
7-p-browning_unknown,7.6,7-p-browning,,,,,,,,,,,,,,
7-cp-browning_x2-turret,7.6,7-cp-browning,,,1,,,2,,2,,,1,,,2
7-p-mg08_x4,7,7-p-mg08,,,1,,,2,,2,,,1,,,4
7-p-mg01_x12,7,7-p-mg01,,,4,,,5,,5,,,4,,0,12
7-p-mg01_x8,7,7-p-mg01,,1,1,1,4,3,3,3,4,1,1,1,0,8
7-p-mg01_x6,7,7-p-mg01,,1,1,0.5,2.5,2,3,2,2.5,0.5,1,1,0,6
7-p-mg01_x4-borodino,7,7-p-mg01,,2,2,1,1,2,2,2,1,1,1,2,0,4
7-p-mg01_x4,7,7-p-mg01,,,1,,,2,,2,,,1,,0,4
7-p-mg01_x2,7,7-p-mg01,,,1,,,1,,1,,,0,,0,2
7-p-maxim-aa-quad_x2-turret,7,7-p-maxim-aa-quad,,,1,,,2,,2,,,1,,2,2
7-p-lewis_x2-belmont,7,7-p-lewis,,,2,,,1,,1,,,1,,,2
7-p-lewis_x2,7,7-p-lewis,,,1,,,1,,1,,,1,,,2
6-p-3rd-year-type_x22,6,6-p-3rd-year-type,,,2,,,11,,11,,,2,,,22
6-p-3rd-year-type_x4,6,6-p-3rd-year-type,,,1,,,2,,2,,,1,,,4
6-p-3rd-year-type_x2-sides,6,6-p-3rd-year-type,,,0,,,1,,1,,,0,,,2
6-p-3rd-year-type_x2-aft,6,6-p-3rd-year-type,,,0,,,1,,1,,,2,,,2
6-p-3rd-year-type_x2,6,6-p-3rd-year-type,,,1,,,1,,1,,,1,,,2
dct-unknown_x6,,,dct-unknown,,0,0,0,0,,3,0,0,0,,0,6
dct-unknown_x4,,,dct-unknown,,0,0,0,0,,2,0,0,0,,0,4
dct-unknown_x2,,,dct-unknown,,0,0,0,0,,1,0,0,0,,0,2
dct-unknown_x1,,,dct-unknown,,0,0,0,0,,1,0,0,0,,0,1
dct-mkiv_x4,,,dct-mkiv,,0,0,0,0,,2,0,0,0,,0,4
dct-mki_x2,,,dct-mki,,0,0,0,0,,1,0,0,0,,0,2
dct-mk6-mk8_x6,,,dct-mk6-mk8,,0,0,0,0,,3,0,0,0,,0,6
dcr-unknown_x2,,,dcr-unknown,,0,0,0,0,,0,0,0,2,,0,2
dcr-unknown_x1,,,dcr-unknown,,0,0,0,0,,0,0,0,1,,0,1
dcr-mk6-mk8_x2,,,dcr-mk6-mk8,,0,0,0,0,,0,0,0,2,,0,2
dcr-mk3-mk8_x2,,,dcr-mk3-mk8,,0,0,0,0,,0,0,0,2,,0,2
placeholder_40/70-x6-minotaur,,,,,2,,,3,,3,,,2,,,6
placeholder_unrotated-projectile,,,,,0,0,0,0,,0,0,0,0,,0,0
placeholder_torpedoboat,,,,,0,0,0,0,,0,0,0,0,,0,0
placeholder_torpedo,,,,,0,0,0,0,,0,0,0,0,,0,0
placeholder_searchlight,,,,,0,0,0,0,,0,0,0,0,,0,0
placeholder_rocket,,,,,0,0,0,0,,0,0,0,0,,0,0
placeholder_missile,,,,,0,0,0,0,,0,0,0,0,,0,0
placeholder_minesweeping-gear,,,,,0,0,0,0,,0,0,0,0,,0,0
placeholder_mines,,,,,0,0,0,0,,0,0,0,0,,0,0
placeholder_landingcraft,,,,,0,0,0,0,,0,0,0,0,,0,0
placeholder_boat,,,,,0,0,0,0,,0,0,0,0,,0,0
placeholder_aswrl,,,,,0,0,0,0,,0,0,0,0,,0,0
placeholder_asroc,,,,,0,0,0,0,,0,0,0,0,,0,0
placeholder_120-rl-jpn,,,,,0,0,0,0,,0,0,0,0,,0,0
placeholder_unknown-gatling-gun,,,,,,,,,,,,,,,,
placeholder_11.4/94-machinegun,,,,,,,,,,,,,,,,
placeholder_11.4/87-machinegun,,,,,,,,,,,,,,,,
placeholder_11.4/59-machinegun,,,,,,,,,,,,,,,,