NamingCategory_1,NamingCategory_2,Namesake,NamingSource
_Lingual,Demonym,Highlander,https://en.wikipedia.org/wiki/Scottish_Highlands
_Lingual,Demonym,Tuscan,https://en.wikipedia.org/wiki/Tuscany
_Lingual,Gemstone,Amethyst,https://en.wikipedia.org/wiki/Amethyst
_Lingual,Gemstone,Diamond,https://en.wikipedia.org/wiki/Diamond
_Lingual,Gemstone,Emerald,https://en.wikipedia.org/wiki/Emerald
_Lingual,Gemstone,Onyx (Sardonyx),https://en.wikipedia.org/wiki/Onyx
_Lingual,Gemstone,Opal,https://en.wikipedia.org/wiki/Opal
_Lingual,Gemstone,Pearl,https://en.wikipedia.org/wiki/Pearl
_Lingual,Gemstone,Ruby,https://en.wikipedia.org/wiki/Ruby
_Lingual,Gemstone,Sapphire,https://en.wikipedia.org/wiki/Sapphire
_Lingual,Gemstone,Topaze,https://en.wikipedia.org/wiki/Diamond
_Lingual,Gemstone,Tourmaline,https://en.wikipedia.org/wiki/Tourmaline
_Lingual,Gemstone,Turquoise,https://en.wikipedia.org/wiki/Turquoise
_Lingual,Geography,Ocean,https://en.wiktionary.org/wiki/Ocean
_Lingual,Heraldic Symbol,Chevron,https://en.wikipedia.org/wiki/Chevron_(insignia)
_Lingual,Heraldic Symbol,Crescent,
_Lingual,Named Object,Flag of the United States,https://en.wikipedia.org/wiki/Flag_of_the_United_States
_Lingual,Named Object,Royal Oak,https://en.wikipedia.org/wiki/Royal_Oak
_Lingual,Named Object,United States Declaration of Independence,https://en.wikipedia.org/wiki/United_States_Declaration_of_Independence
_Lingual,Object,Arrow,https://en.wiktionary.org/wiki/arrow
_Lingual,Object,Aspis,https://en.wikipedia.org/wiki/Aspis
_Lingual,Object,Battleaxe,
_Lingual,Object,Broadsword,
_Lingual,Object,Cape,https://en.wikipedia.org/wiki/Cape
_Lingual,Object,Carronade,
_Lingual,Object,Chaplet,https://en.wikipedia.org/wiki/Chaplet_(headgear)
_Lingual,Object,Cockade,https://en.wikipedia.org/wiki/Cockade
_Lingual,Object,Crossbow,
_Lingual,Object,Crown,https://en.wikipedia.org/wiki/Crown
_Lingual,Object,Culverin,
_Lingual,Object,Cutlass,
_Lingual,Object,Dagger,
_Lingual,Object,Diadem,https://en.wikipedia.org/wiki/Diadem
_Lingual,Object,Garland,https://en.wikipedia.org/wiki/Garland
_Lingual,Object,Grenade,https://en.wikipedia.org/wiki/Grenade
_Lingual,Object,Howitzer,
_Lingual,Object,Javelin,https://en.wikipedia.org/wiki/Javelin
_Lingual,Object,Lance,https://en.wikipedia.org/wiki/Lance
_Lingual,Object,Lasso,https://en.wikipedia.org/wiki/Lasso
_Lingual,Object,Laurel Wreath,https://en.wikipedia.org/wiki/Laurel_wreath
_Lingual,Object,Longbow,
_Lingual,Object,Noble (Coin),https://en.wikipedia.org/wiki/Noble_(English_coin)
_Lingual,Object,Petard,https://en.wikipedia.org/wiki/Petard
_Lingual,Object,Quadrant,https://en.wikipedia.org/wiki/Quadrant_(instrument)
_Lingual,Object,Quick Match,https://en.wikipedia.org/wiki/Black_match
_Lingual,Object,Rifle,
_Lingual,Object,Rocket,https://en.wikipedia.org/wiki/Rocket
_Lingual,Object,Rosary,https://en.wikipedia.org/wiki/Rosary
_Lingual,Object,Sabre,https://en.wikipedia.org/wiki/Sabre
_Lingual,Object,Sceptre,https://en.wikipedia.org/wiki/Sceptre
_Lingual,Object,Scimitar,https://en.wikipedia.org/wiki/Scimitar
_Lingual,Object,Scythe,https://en.wikipedia.org/wiki/Scythe
_Lingual,Object,Sling,https://en.wikipedia.org/wiki/Sling_(weapon)
_Lingual,Object,Spear,https://en.wikipedia.org/wiki/Spear
_Lingual,Object,Sword,
_Lingual,Object,Talisman,https://en.wikipedia.org/wiki/Talisman
_Lingual,Object,Tomahawk,https://en.wikipedia.org/wiki/Tomahawk
_Lingual,Object,Torch,
_Lingual,Object,Trident,https://en.wikipedia.org/wiki/Trident
_Lingual,Object,Whip,https://en.wikipedia.org/wiki/Whip
_Lingual,Poetic Phrase,Eight-fold Clouds,https://en.wikipedia.org/wiki/Kojiki
_Lingual,Poetic Phrase,Field of a Thousand Generations,https://en.wikipedia.org/wiki/Chiyoda
_Lingual,Poetic Phrase,Girl of my Heart,https://en.wikipedia.org/wiki/Manx_language
_Lingual,Poetic Phrase,Swift and Sure,
_Lingual,Poetic Phrase,Thousand Years,https://en.wikipedia.org/wiki/Chitose
_Lingual,Portmanteau,Zubian,https://en.wikipedia.org/wiki/HMS_Zubian
_Lingual,Song,It's a Long Way to Tipperary,https://en.wikipedia.org/wiki/It%27s_a_Long_Way_to_Tipperary
_Lingual,Song,La Marseillaise,https://en.wikipedia.org/wiki/La_Marseillaise
_Lingual,Time,Eleventh Month,https://en.wikipedia.org/wiki/Calendar
_Lingual,Time,Fifteenth Solar Term,https://en.wikipedia.org/wiki/Solar_term
_Lingual,Time,Fifth Month,https://en.wikipedia.org/wiki/Calendar
_Lingual,Time,First Day of the Month,https://en.wikipedia.org/wiki/Calendar
_Lingual,Time,First Lunar Month,https://en.wikipedia.org/wiki/Lunar_calendar
_Lingual,Time,First Month,https://en.wikipedia.org/wiki/Calendar
_Lingual,Time,Fourth Month,https://en.wikipedia.org/wiki/Calendar
_Lingual,Time,Nineth Month,https://en.wikipedia.org/wiki/Calendar
_Lingual,Time,Second Month,https://en.wikipedia.org/wiki/Calendar
_Lingual,Time,Seventh Month,https://en.wikipedia.org/wiki/Calendar
_Lingual,Time,Sixth Month,https://en.wikipedia.org/wiki/Calendar
_Lingual,Time,Third Month,https://en.wikipedia.org/wiki/Calendar
_Lingual,Title,Ameer,https://en.wikipedia.org/wiki/Emir
_Lingual,Title,Atheling,https://en.wikipedia.org/wiki/%C3%86theling
_Lingual,Title,Begum,https://en.wikipedia.org/wiki/Begum
_Lingual,Title,Chieftain,
_Lingual,Title,Duchess,https://en.wikipedia.org/wiki/Duke
_Lingual,Title,Earl of Carysfort,https://en.wikipedia.org/wiki/Earl_of_Carysfort
_Lingual,Title,El Fateh,
_Lingual,Title,Emperor,https://en.wikipedia.org/wiki/Emperor
_Lingual,Title,Emperor of India,https://en.wikipedia.org/wiki/Emperor_of_India
_Lingual,Title,Empress,https://en.wikipedia.org/wiki/Emperor
_Lingual,Title,Generalissimo,https://en.wikipedia.org/wiki/Generalissimo
_Lingual,Title,Khedive,https://en.wikipedia.org/wiki/Khedive
_Lingual,Title,Lord Warden of the Cinque Ports,https://en.wikipedia.org/wiki/Lord_Warden_of_the_Cinque_Ports
_Lingual,Title,Mayor,
_Lingual,Title,Nawab,https://en.wikipedia.org/wiki/Nawab
_Lingual,Title,Premier,https://en.wikipedia.org/wiki/Premier
_Lingual,Title,President,https://en.wikipedia.org/wiki/President_(government_title)
_Lingual,Title,Priestesses of Vesta,https://en.wikipedia.org/wiki/Vestal_Virgin
_Lingual,Title,Prince of Wales,https://en.wikipedia.org/wiki/Prince_of_Wales
_Lingual,Title,Queen,https://en.wikipedia.org/wiki/Queen_regnant
_Lingual,Title,Rajah,https://en.wikipedia.org/wiki/Raja
_Lingual,Title,Rani,https://en.wikipedia.org/wiki/Rani
_Lingual,Title,Shah,https://en.wikipedia.org/wiki/Shah
_Lingual,Title,Thane,https://en.wikipedia.org/wiki/Thane_(Scotland)
_Lingual,Title,Tribune,https://en.wikipedia.org/wiki/Tribune
_Lingual,Virtue,Intrepid,https://en.wiktionary.org/wiki/intrepid
_Lingual,,Active,
_Lingual,,Activity,https://en.wiktionary.org/wiki/activity
_Lingual,,Adventure,
_Lingual,,Agile,
_Lingual,,Alarm,
_Lingual,,Alert,
_Lingual,,Ambush,
_Lingual,,Arbiter,https://en.wiktionary.org/wiki/arbiter
_Lingual,,Ardent,
_Lingual,,Arrogant,
_Lingual,,Assistance,
_Lingual,,Astronomer,https://en.wiktionary.org/wiki/astronomer
_Lingual,,Attack,
_Lingual,,Attacker,
_Lingual,,Attentive,
_Lingual,,Audacious,
_Lingual,,Audacity,
_Lingual,,Australian and New Zealand Army Corps,https://en.wikipedia.org/wiki/Australian_and_New_Zealand_Army_Corps
_Lingual,,Avenger,
_Lingual,,Aviator,
_Lingual,,Battle,
_Lingual,,Battler,
_Lingual,,Bellicose,
_Lingual,,Biter,
_Lingual,,Black,https://en.wikipedia.org/wiki/Negro
_Lingual,,Blond,https://en.wikipedia.org/wiki/Blond
_Lingual,,Boxer,https://en.wikipedia.org/wiki/Boxing
_Lingual,,Brazen,
_Lingual,,Brilliant,
_Lingual,,Brisk,
_Lingual,,Bruizer,
_Lingual,,Bullfighter,https://en.wikipedia.org/wiki/Bullfighter
_Lingual,,Bulwark,
_Lingual,,Caprice,
_Lingual,,Captain,https://en.wikipedia.org/wiki/Captain_(naval)
_Lingual,,Carefree,
_Lingual,,Careful,
_Lingual,,Cavalier,https://en.wikipedia.org/wiki/Cavalier
_Lingual,,Centurion,https://en.wikipedia.org/wiki/Centurion
_Lingual,,Challenger,
_Lingual,,Champion,
_Lingual,,Charger,
_Lingual,,Charity,
_Lingual,,Chaser,
_Lingual,,Cheerful,
_Lingual,,Chivalrous,
_Lingual,,Concord,
_Lingual,,Conflict,
_Lingual,,Conqueror,
_Lingual,,Conquest,
_Lingual,,Consort,
_Lingual,,Contest,
_Lingual,,Coquette,
_Lingual,,Courageous,
_Lingual,,Creole,
_Lingual,,Crusader,https://en.wikipedia.org/wiki/Crusades
_Lingual,,Dainty,
_Lingual,,Daring,
_Lingual,,Dart,
_Lingual,,Dasher,
_Lingual,,Dauntless,
_Lingual,,Decoy,
_Lingual,,Defence,
_Lingual,,Defender,
_Lingual,,Defense,
_Lingual,,Defiance,
_Lingual,,Delight,
_Lingual,,Democracy,https://en.wikipedia.org/wiki/Democracy
_Lingual,,Despatch,
_Lingual,,Desperate,
_Lingual,,Devastation,
_Lingual,,Druid,https://en.wikipedia.org/wiki/Druid
_Lingual,,Earnest,
_Lingual,,Echo (Sound),
_Lingual,,Eclipse,
_Lingual,,Encounter,
_Lingual,,Endeavor,
_Lingual,,Enterprise,
_Lingual,,Escapade,
_Lingual,,Escort,
_Lingual,,Express,
_Lingual,,Expressive,
_Lingual,,Fame,
_Lingual,,Favourite,
_Lingual,,Fearless,
_Lingual,,Fencer,
_Lingual,,Fervent,
_Lingual,,Fickle,
_Lingual,,Fiery,
_Lingual,,Foam,https://en.wikipedia.org/wiki/Foam
_Lingual,,Foresight,
_Lingual,,Forester,
_Lingual,,Formidable,
_Lingual,,Fortune,
_Lingual,,Forward,
_Lingual,,Free,
_Lingual,,Friendly,
_Lingual,,Furious,
_Lingual,,Fury,
_Lingual,,Gallant,
_Lingual,,Ghost,https://en.wiktionary.org/wiki/ghost
_Lingual,,Gladiator,
_Lingual,,Glorious,
_Lingual,,Glory,
_Lingual,,Grim,
_Lingual,,Guardian,
_Lingual,,Gunner,
_Lingual,,Handy,
_Lingual,,Happiness,
_Lingual,,Hardy,
_Lingual,,Harvester,
_Lingual,,Hasty,
_Lingual,,Haughty,
_Lingual,,Havoc,
_Lingual,,Havock,
_Lingual,,Hearty,
_Lingual,,Hero,https://en.wikipedia.org/wiki/Hero
_Lingual,,Homeland,https://en.wikipedia.org/wiki/Homeland
_Lingual,,Hope,
_Lingual,,Hostile,
_Lingual,,Hunter,
_Lingual,,Hunting,https://en.wiktionary.org/wiki/hunting
_Lingual,,Illustrious,
_Lingual,,Immortality,
_Lingual,,Imperial,
_Lingual,,Imperious,
_Lingual,,Implacable,
_Lingual,,Impregnable,
_Lingual,,Impulsive,
_Lingual,,Inconstant,
_Lingual,,Indefatigable,
_Lingual,,Indoctrinator,
_Lingual,,Indomitable,
_Lingual,,Infantryman,
_Lingual,,Inflexible,
_Lingual,,Insolent,
_Lingual,,Invincible,
_Lingual,,Irresistible,
_Lingual,,Justice,https://en.wikipedia.org/wiki/Justice
_Lingual,,Lancer,https://en.wikipedia.org/wiki/Lancer
_Lingual,,Legacy of the Nation,
_Lingual,,Legion,https://en.wikipedia.org/wiki/Roman_legion
_Lingual,,Liberty,https://en.wikipedia.org/wiki/Liberty
_Lingual,,Lightfoot,
_Lingual,,Lively,
_Lingual,,Lookout,
_Lingual,,Loyal,
_Lingual,,Magic,
_Lingual,,Magnanimous,
_Lingual,,Magnificent,
_Lingual,,Majestic,
_Lingual,,Mamluk,https://en.wikipedia.org/wiki/Mamluk
_Lingual,,Mandate,
_Lingual,,Marine Bioluminescence,https://en.wikipedia.org/wiki/Bioluminescence#Distribution
_Lingual,,Marksman,
_Lingual,,Martial,
_Lingual,,Marvel,
_Lingual,,Massive,
_Lingual,,Matchless,
_Lingual,,Menace,
_Lingual,,Mentor,
_Lingual,,Military Tattoo,https://en.wikipedia.org/wiki/Military_tattoo
_Lingual,,Mindful,
_Lingual,,Minion,
_Lingual,,Minstrel,https://en.wikipedia.org/wiki/Minstrel
_Lingual,,Mischief,
_Lingual,,Mischief,
_Lingual,,Monarch,https://en.wiktionary.org/wiki/monarch
_Lingual,,Musketeer,https://en.wikipedia.org/wiki/Musketeer
_Lingual,,Mutin,https://en.wiktionary.org/wiki/mutin
_Lingual,,Mystic,
_Lingual,,Noble,
_Lingual,,Nomad,
_Lingual,,Nonpareil,https://en.wiktionary.org/wiki/nonpareil
_Lingual,,Nonsuch,
_Lingual,,Obdurate,
_Lingual,,Obdurate,
_Lingual,,Obedient,
_Lingual,,Observer,
_Lingual,,Ocean Might,
_Lingual,,Onslaught,
_Lingual,,Opportune,
_Lingual,,Oracle,https://en.wikipedia.org/wiki/Oracle
_Lingual,,Paragon,
_Lingual,,Pathfinder,
_Lingual,,Patrician,https://en.wikipedia.org/wiki/Patrician_(ancient_Rome)
_Lingual,,Patriot,
_Lingual,,Patriotic Zeal,
_Lingual,,Patrol,https://en.wikipedia.org/wiki/Patrol
_Lingual,,Patroller,https://en.wikipedia.org/wiki/Patrol
_Lingual,,Peerless,
_Lingual,,Pioneer,https://en.wikipedia.org/wiki/Pioneer
_Lingual,,Pique,https://en.wiktionary.org/wiki/pique
_Lingual,,Plucky,
_Lingual,,Powerful,
_Lingual,,Prince,
_Lingual,,Privateer,
_Lingual,,Puncher,
_Lingual,,Pursuer,
_Lingual,,Quality,
_Lingual,,Radiant,
_Lingual,,Raider,
_Lingual,,Ranger,
_Lingual,,Rapid,
_Lingual,,Ravager,
_Lingual,,Ready,
_Lingual,,Reaper,
_Lingual,,Reckless,https://en.wiktionary.org/wiki/reckless
_Lingual,,Recruit,
_Lingual,,Redoubt,https://en.wikipedia.org/wiki/Redoubt
_Lingual,,Redoubtable,
_Lingual,,Relentless,
_Lingual,,Reliant,https://en.wiktionary.org/wiki/reliant
_Lingual,,Renown,
_Lingual,,Reprisal,
_Lingual,,Reproachless,
_Lingual,,Republic,https://en.wikipedia.org/wiki/Republic
_Lingual,,Repulse,
_Lingual,,Research,
_Lingual,,Resistance,
_Lingual,,Resolution,
_Lingual,,Restless,
_Lingual,,Resurrected,
_Lingual,,Retribution,
_Lingual,,Revenge,
_Lingual,,Rigid,
_Lingual,,Rigorous,
_Lingual,,Rival,
_Lingual,,Robust,
_Lingual,,Royalist,
_Lingual,,Ruler,
_Lingual,,Sapper,
_Lingual,,Savage,
_Lingual,,Scourge,
_Lingual,,Scout,
_Lingual,,Searcher,
_Lingual,,Searcher,
_Lingual,,Second,
_Lingual,,Senator,https://en.wikipedia.org/wiki/Senate
_Lingual,,Sentinel,
_Lingual,,Sepoy,https://en.wikipedia.org/wiki/Sepoy
_Lingual,,Serene,
_Lingual,,Sharpshooter,
_Lingual,,Sibyl,https://en.wikipedia.org/wiki/Sibyl
_Lingual,,Sirdar,https://en.wikipedia.org/wiki/Sirdar
_Lingual,,Skilful,
_Lingual,,Skirmisher,
_Lingual,,Slinger,
_Lingual,,Smiter,
_Lingual,,Soldier (Archer),https://en.wiktionary.org/wiki/archer
_Lingual,,Soldier (Rifleman),https://en.wikipedia.org/wiki/Rifleman
_Lingual,,Sorceress,
_Lingual,,Speaker,https://en.wikipedia.org/wiki/Speaker_(politics)
_Lingual,,Speedy,
_Lingual,,Spiteful,
_Lingual,,Spitfire,
_Lingual,,Splendid,
_Lingual,,Sportive,
_Lingual,,Sprightly,
_Lingual,,Stalker,
_Lingual,,Stalwart,
_Lingual,,Staunch,
_Lingual,,Steadfast,
_Lingual,,Strenuous,https://en.wiktionary.org/wiki/strenuous
_Lingual,,Striker,
_Lingual,,Stronghold,
_Lingual,,Sturdy,
_Lingual,,Success,
_Lingual,,Sudden,
_Lingual,,Superb,
_Lingual,,Surly,
_Lingual,,Surprise,
_Lingual,,Swift,
_Lingual,,Swordsman,
_Lingual,,Symbol of Patriotism,
_Lingual,,Tactician,
_Lingual,,Teaser,
_Lingual,,Tenacious,
_Lingual,,Termagant,https://en.wikipedia.org/wiki/Termagant
_Lingual,,Terrible,
_Lingual,,Thruster,
_Lingual,,Thunderer,
_Lingual,,Tirade,
_Lingual,,Tormentor,
_Lingual,,Torrid,
_Lingual,,Torrid,
_Lingual,,Tracker,
_Lingual,,Trenchant,
_Lingual,,Triumph,
_Lingual,,Triumphant,
_Lingual,,Trouncer,
_Lingual,,Truant,
_Lingual,,Truculent,
_Lingual,,Trumpeter,https://en.wikipedia.org/wiki/Herald
_Lingual,,Trusty,
_Lingual,,Truth,https://en.wikipedia.org/wiki/Truth
_Lingual,,Tumult,
_Lingual,,Turbulent,
_Lingual,,Tyrant,
_Lingual,,Umpire,
_Lingual,,Undaunted,
_Lingual,,Unity,
_Lingual,,Valiant,
_Lingual,,Valorous,
_Lingual,,Vanguard,https://en.wiktionary.org/wiki/vanguard
_Lingual,,Vanity,
_Lingual,,Vanquisher,
_Lingual,,Vehement,
_Lingual,,Venerable,
_Lingual,,Vengeance,
_Lingual,,Vengeful,
_Lingual,,Venom,https://en.wikipedia.org/wiki/Venom
_Lingual,,Venturous,
_Lingual,,Versatile,
_Lingual,,Veteran,
_Lingual,,Viceroy,
_Lingual,,Victor,
_Lingual,,Victorious,
_Lingual,,Victory,
_Lingual,,Vidette,
_Lingual,,Vigilant,
_Lingual,,Viking,https://en.wikipedia.org/wiki/Vikings
_Lingual,,Vindictive,
_Lingual,,Violent,
_Lingual,,Virago,https://en.wikipedia.org/wiki/Virago
_Lingual,,Virulent,
_Lingual,,Viscount,
_Lingual,,Vivacious,
_Lingual,,Vivid,
_Lingual,,Volcano,
_Lingual,,Volunteer,
_Lingual,,Votary,
_Lingual,,Voyager,
_Lingual,,Wakamiya,https://en.wikipedia.org/wiki/Mikogami#Wakamiya
_Lingual,,Wakeful,
_Lingual,,Wanderer,
_Lingual,,Warrior,
_Lingual,,Watch,https://en.wiktionary.org/wiki/watch
_Lingual,,Watching,https://en.wiktionary.org/wiki/watching
_Lingual,,Watchman,
_Lingual,,Welcome,
_Lingual,,Welfare,
_Lingual,,White,
_Lingual,,White Cloth,
_Lingual,,Willful,
_Lingual,,Wistful,
_Lingual,,Witch,https://en.wikipedia.org/wiki/Witchcraft
_Lingual,,Wrangler (University),https://en.wikipedia.org/wiki/Wrangler_(University_of_Cambridge)
_Lingual,,Wrestler,
_Lingual,,Yeoman,https://en.wikipedia.org/wiki/Yeoman_(disambiguation)
_Lingual,,Zealous,
_Lingual,,Zest,
Animal,Arachnid,Spider,https://en.wikipedia.org/wiki/Spider
Animal,Bird,Albatross,https://en.wikipedia.org/wiki/Albatross
Animal,Bird,American Robin,https://en.wikipedia.org/wiki/American_robin
Animal,Bird,Auk,https://en.wikipedia.org/wiki/Auk
Animal,Bird,Avocet,https://en.wikipedia.org/wiki/Avocet
Animal,Bird,Bittern,https://en.wikipedia.org/wiki/Bittern
Animal,Bird,Bobolink,https://en.wikipedia.org/wiki/Bobolink
Animal,Bird,Brant,https://en.wikipedia.org/wiki/Brant_(goose)
Animal,Bird,Bulbul,https://en.wikipedia.org/wiki/Bulbul
Animal,Bird,Bullfinch,https://en.wikipedia.org/wiki/Pyrrhula
Animal,Bird,Buzzard,https://en.wikipedia.org/wiki/Buzzard
Animal,Bird,Cardinal,https://en.wikipedia.org/wiki/Cardinalidae
Animal,Bird,Chewink,https://en.wikipedia.org/wiki/Eastern_towhee
Animal,Bird,Common Moorhen,https://en.wikipedia.org/wiki/Common_moorhen
Animal,Bird,Condor,https://en.wikipedia.org/wiki/Condor
Animal,Bird,Cormorant,https://en.wikipedia.org/wiki/Cormorant
Animal,Bird,Corn Crake,https://en.wikipedia.org/wiki/Corn_crake
Animal,Bird,Crane,https://en.wikipedia.org/wiki/Crane_(bird)
Animal,Bird,Curlew,https://en.wikipedia.org/wiki/Curlew
Animal,Bird,Dove,https://en.wikipedia.org/wiki/Columbidae
Animal,Bird,Eagle,https://en.wikipedia.org/wiki/Eagle
Animal,Bird,Eider,https://en.wikipedia.org/wiki/Eider
Animal,Bird,European Goldfinch,https://en.wikipedia.org/wiki/European_goldfinch
Animal,Bird,European Green Woodpecker,https://en.wikipedia.org/wiki/HMS_Warspite
Animal,Bird,Falcon,https://en.wikipedia.org/wiki/Falcon
Animal,Bird,Finch,https://en.wikipedia.org/wiki/Finch
Animal,Bird,Flamingo,https://en.wikipedia.org/wiki/Flamingo
Animal,Bird,Gannet,https://en.wikipedia.org/wiki/Gannet
Animal,Bird,Goose,https://en.wikipedia.org/wiki/Goose
Animal,Bird,Goshawk,https://en.wikipedia.org/wiki/Northern_goshawk
Animal,Bird,Grebe,https://en.wikipedia.org/wiki/Grebe
Animal,Bird,Hawk,https://en.wikipedia.org/wiki/Hawk
Animal,Bird,Heron,https://en.wikipedia.org/wiki/Heron
Animal,Bird,Kingfisher,https://en.wikipedia.org/wiki/Kingfisher
Animal,Bird,Kite (bird),https://en.wikipedia.org/wiki/Kite_(bird)
Animal,Bird,Lapwing,https://en.wikipedia.org/wiki/Lapwing
Animal,Bird,Lark,https://en.wikipedia.org/wiki/Lark
Animal,Bird,Linnet,https://en.wikipedia.org/wiki/Common_linnet
Animal,Bird,Magpie,https://en.wikipedia.org/wiki/Magpie
Animal,Bird,Mallard,https://en.wikipedia.org/wiki/Mallard
Animal,Bird,New World Oriole,https://en.wikipedia.org/wiki/New_World_oriole
Animal,Bird,Old World Oriole,https://en.wikipedia.org/wiki/Old_World_oriole
Animal,Bird,Ortolan,https://en.wikipedia.org/wiki/Ortolan_bunting
Animal,Bird,Osprey,https://en.wikipedia.org/wiki/Osprey
Animal,Bird,Ostrich,https://en.wikipedia.org/wiki/Ostrich
Animal,Bird,Owl,https://en.wikipedia.org/wiki/Owl
Animal,Bird,Partridge,https://en.wikipedia.org/wiki/Partridge
Animal,Bird,Peacock,https://en.wikipedia.org/wiki/Peafowl
Animal,Bird,Pelican,https://en.wikipedia.org/wiki/Pelican
Animal,Bird,Penguin,https://en.wikipedia.org/wiki/Penguin
Animal,Bird,Peregrine Falcon,https://en.wikipedia.org/wiki/Peregrine_falcon
Animal,Bird,Peregrine Falcon,https://en.wikipedia.org/wiki/Peregrine_falcon
Animal,Bird,Petrel,https://en.wikipedia.org/wiki/Petrel
Animal,Bird,Pheasant,https://en.wikipedia.org/wiki/Pheasant
Animal,Bird,Pigeon,https://en.wikipedia.org/wiki/Columbidae
Animal,Bird,Plover,https://en.wikipedia.org/wiki/Plover
Animal,Bird,Quail,https://en.wikipedia.org/wiki/Quail
Animal,Bird,Rail,https://en.wikipedia.org/wiki/Rail_(bird)
Animal,Bird,Raven,https://en.wikipedia.org/wiki/Raven
Animal,Bird,Redpoll,https://en.wikipedia.org/wiki/Redpoll
Animal,Bird,Redwing,https://en.wikipedia.org/wiki/Redwing
Animal,Bird,Redwing,https://en.wikipedia.org/wiki/Redwing
Animal,Bird,Sanderling,https://en.wikipedia.org/wiki/Sanderling
Animal,Bird,Sandpiper,https://en.wikipedia.org/wiki/Sandpiper
Animal,Bird,Sea Eagle,https://en.wikipedia.org/wiki/Sea_eagle
Animal,Bird,Seagull,https://en.wikipedia.org/wiki/Gull
Animal,Bird,Shearwater,https://en.wikipedia.org/wiki/Shearwater
Animal,Bird,Shelduck,https://en.wikipedia.org/wiki/Tadorna
Animal,Bird,Skylark,https://en.wikipedia.org/wiki/Alauda
Animal,Bird,Sparrowhawk,https://en.wikipedia.org/wiki/Sparrowhawk
Animal,Bird,Stork,https://en.wikipedia.org/wiki/Stork
Animal,Bird,Swallow,https://en.wikipedia.org/wiki/Swallow
Animal,Bird,Swan,https://en.wikipedia.org/wiki/Swan
Animal,Bird,Swan (Young),https://en.wikipedia.org/wiki/Swan#Young_swan
Animal,Bird,Tanager,https://en.wikipedia.org/wiki/Tanager
Animal,Bird,Teal,https://en.wikipedia.org/wiki/Teal
Animal,Bird,Tern,https://en.wikipedia.org/wiki/Tern
Animal,Bird,Thrasher,https://en.wikipedia.org/wiki/Thrasher
Animal,Bird,Thrush,https://en.wikipedia.org/wiki/Thrush_(bird)
Animal,Bird,Turkey,https://en.wikipedia.org/wiki/Turkey_(bird)
Animal,Bird,Vireo,https://en.wikipedia.org/wiki/Vireo
Animal,Bird,Vulture,https://en.wikipedia.org/wiki/Vulture
Animal,Bird,Warbler,https://en.wikipedia.org/wiki/Warbler
Animal,Bird,Wedge-tailed Eagle,https://en.wikipedia.org/wiki/Wedge-tailed_eagle
Animal,Bird,Whippoorwill,https://en.wikipedia.org/wiki/Eastern_whip-poor-will
Animal,Bird,White-naped Crane,https://en.wikipedia.org/wiki/White-naped_crane
Animal,Bird,Widgeon,https://en.wikipedia.org/wiki/Wigeon
Animal,Bird,Willet,https://en.wikipedia.org/wiki/Willet
Animal,Bird,Woodcock,https://en.wikipedia.org/wiki/Woodcock
Animal,Bird,Wren,https://en.wikipedia.org/wiki/Wren
Animal,Bird,Wryneck,https://en.wikipedia.org/wiki/Wryneck
Animal,Cartilaginous Fish,Shark,https://en.wikipedia.org/wiki/Shark
Animal,Cartilaginous Fish,Skate,https://en.wikipedia.org/wiki/Skate_(fish)
Animal,Cephalopod,Nautilus,https://en.wikipedia.org/wiki/Nautilus
Animal,Gastropod,Acavus,https://en.wikipedia.org/wiki/Acavus
Animal,Gastropod,Adula,
Animal,Gastropod,Alexia,https://en.wikipedia.org/wiki/Alexania_(gastropod)
Animal,Gastropod,Amastra,https://en.wikipedia.org/wiki/Amastra
Animal,Gastropod,Ancylus,https://en.wikipedia.org/wiki/Ancylus
Animal,Gastropod,Gadila,https://en.wikipedia.org/wiki/Gadila_(mollusc)
Animal,Gastropod,Macoma,https://en.wikipedia.org/wiki/Macoma
Animal,Gastropod,Miralda,https://en.wikipedia.org/wiki/Miralda
Animal,Gastropod,Rapana,https://en.wikipedia.org/wiki/Rapana
Animal,Insect,Cricket,https://en.wikipedia.org/wiki/Cricket_(insect)
Animal,Insect,Dragonfly,https://en.wikipedia.org/wiki/Dragonfly
Animal,Insect,Firefly,https://en.wikipedia.org/wiki/Firefly
Animal,Insect,Gadfly,https://en.wikipedia.org/wiki/Botfly
Animal,Insect,Glowworm,https://en.wikipedia.org/wiki/Glowworm
Animal,Insect,Gnat,https://en.wikipedia.org/wiki/Gnat
Animal,Insect,Grasshopper,https://en.wikipedia.org/wiki/Grasshopper
Animal,Insect,Grasshopper,https://en.wikipedia.org/wiki/Grasshopper
Animal,Insect,Greenfly,https://en.wikipedia.org/wiki/Myzus_persicae
Animal,Insect,Hornet,https://en.wikipedia.org/wiki/Hornet
Animal,Insect,Locust,https://en.wikipedia.org/wiki/Acrididae
Animal,Insect,Mayfly,https://en.wikipedia.org/wiki/Mayfly
Animal,Insect,Midge,https://en.wikipedia.org/wiki/Midge
Animal,Insect,Mosquito,https://en.wikipedia.org/wiki/Mosquito
Animal,Insect,Moth,https://en.wikipedia.org/wiki/Moth
Animal,Insect,Sandfly,https://en.wikipedia.org/wiki/Sandfly
Animal,Insect,Sandfly,https://en.wikipedia.org/wiki/Sandfly
Animal,Insect,Scorpion,https://en.wikipedia.org/wiki/Scorpion
Animal,Insect,Vanessa,https://en.wikipedia.org/wiki/Vanessa_(butterfly)
Animal,Insect,Wasp,https://en.wikipedia.org/wiki/Wasp
Animal,Mammal,American Bison,https://en.wikipedia.org/wiki/American_bison
Animal,Mammal,Antelope,https://en.wikipedia.org/wiki/Antelope
Animal,Mammal,Badger,https://en.wikipedia.org/wiki/Badger
Animal,Mammal,Bat,https://en.wikipedia.org/wiki/Bat
Animal,Mammal,Bear,https://en.wikipedia.org/wiki/Bear
Animal,Mammal,Beaver,https://en.wikipedia.org/wiki/Beaver
Animal,Mammal,Chamois,https://en.wikipedia.org/wiki/Chamois
Animal,Mammal,Deer (Male),https://en.wikipedia.org/wiki/Deer
Animal,Mammal,Deer (Young),https://en.wikipedia.org/wiki/Deer
Animal,Mammal,Dog (Beagle),https://en.wikipedia.org/wiki/Beagle
Animal,Mammal,Dog (Bloodhound),https://en.wiktionary.org/wiki/bloodhound
Animal,Mammal,Dog (Bulldog),https://en.wikipedia.org/wiki/Bulldog
Animal,Mammal,Dog (Foxhound),https://en.wikipedia.org/wiki/Foxhound
Animal,Mammal,Dog (Greyhound),https://en.wikipedia.org/wiki/Greyhound
Animal,Mammal,Dog (Lurcher),https://en.wikipedia.org/wiki/Lurcher
Animal,Mammal,Dog (Mastiff),https://en.wikipedia.org/wiki/Mastiff
Animal,Mammal,Dog (Pinscher),https://en.wikipedia.org/wiki/Pinscher
Animal,Mammal,Dog (Puppy),https://en.wikipedia.org/wiki/Birth
Animal,Mammal,Dog (Retriever),https://en.wikipedia.org/wiki/Retriever
Animal,Mammal,Dog (Setter),https://en.wikipedia.org/wiki/Setter
Animal,Mammal,Dog (Whippet),https://en.wikipedia.org/wiki/Whippet
Animal,Mammal,Dog (Wolfhound),https://en.wikipedia.org/wiki/Wolfhound
Animal,Mammal,Elephant,https://en.wikipedia.org/wiki/Elephant
Animal,Mammal,Ferret,https://en.wikipedia.org/wiki/Ferret
Animal,Mammal,Fox,https://en.wikipedia.org/wiki/Fox
Animal,Mammal,Fox (Female),https://en.wikipedia.org/wiki/Fox
Animal,Mammal,Gazelle,https://en.wikipedia.org/wiki/Gazelle
Animal,Mammal,Hedgehog,https://en.wikipedia.org/wiki/Hedgehog
Animal,Mammal,Horse (Racehorse),https://en.wikipedia.org/wiki/Horse_racing
Animal,Mammal,Jackal,https://en.wikipedia.org/wiki/Jackal
Animal,Mammal,Jaguar,https://en.wikipedia.org/wiki/Jaguar
Animal,Mammal,Kangaroo,https://en.wikipedia.org/wiki/Kangaroo
Animal,Mammal,Kestrel,https://en.wikipedia.org/wiki/Kestrel
Animal,Mammal,Leopard,https://en.wikipedia.org/wiki/Leopard
Animal,Mammal,Lion,https://en.wikipedia.org/wiki/Lion-class_battleship
Animal,Mammal,Lynx,https://en.wikipedia.org/wiki/Lynx
Animal,Mammal,Narwhal,https://en.wikipedia.org/wiki/Narwhal
Animal,Mammal,Opossum,https://en.wikipedia.org/wiki/Opossum
Animal,Mammal,Oribi,https://en.wikipedia.org/wiki/Oribi
Animal,Mammal,Otter,https://en.wikipedia.org/wiki/Otter
Animal,Mammal,Panther,https://en.wikipedia.org/wiki/Black_panther
Animal,Mammal,Polar Bear,https://en.wikipedia.org/wiki/Polar_bear
Animal,Mammal,Porcupine,https://en.wikipedia.org/wiki/Porcupine
Animal,Mammal,Porpoise,https://en.wikipedia.org/wiki/Porpoise
Animal,Mammal,Racoon,https://en.wikipedia.org/wiki/Raccoon
Animal,Mammal,Risso's Dolphin,https://en.wikipedia.org/wiki/Risso%27s_dolphin
Animal,Mammal,Roe Deer (Female),https://en.wikipedia.org/wiki/Roe_deer
Animal,Mammal,Roe Deer (Male),https://en.wikipedia.org/wiki/Roe_deer
Animal,Mammal,Sable,https://en.wikipedia.org/wiki/Sable
Animal,Mammal,Seal,https://en.wikipedia.org/wiki/Pinniped
Animal,Mammal,Springbok,https://en.wikipedia.org/wiki/Springbok
Animal,Mammal,Tiger,https://en.wikipedia.org/wiki/Tiger
Animal,Mammal,Tiger (Female),https://en.wikipedia.org/wiki/Tiger
Animal,Mammal,Walrus,https://en.wikipedia.org/wiki/Walrus
Animal,Mammal,Weasel,https://en.wikipedia.org/wiki/Weasel
Animal,Mammal,Whale,https://en.wikipedia.org/wiki/Whale
Animal,Mammal,Wolf,https://en.wikipedia.org/wiki/Wolf
Animal,Mammal,Wolverine,https://en.wikipedia.org/wiki/Wolverine
Animal,Mammal,Zebra,https://en.wikipedia.org/wiki/Zebra
Animal,Ray-Finned Fish,Albacore,https://en.wikipedia.org/wiki/Albacore
Animal,Ray-Finned Fish,Anglerfish,https://en.wikipedia.org/wiki/Anglerfish
Animal,Ray-Finned Fish,Barracouta,https://en.wikipedia.org/wiki/Thyrsites_lepidopodea
Animal,Ray-Finned Fish,Bonito,https://en.wikipedia.org/wiki/Bonito
Animal,Ray-Finned Fish,Flying Fish,https://en.wikipedia.org/wiki/Flying_fish
Animal,Ray-Finned Fish,Salmon,https://en.wikipedia.org/wiki/Salmon
Animal,Ray-Finned Fish,Snapper,https://en.wikipedia.org/wiki/Lutjanidae
Animal,Ray-Finned Fish,Sturgeon,https://en.wikipedia.org/wiki/Sturgeon
Animal,Ray-Finned Fish,Sunfish,https://en.wikipedia.org/wiki/Ocean_sunfish
Animal,Ray-Finned Fish,Swordfish,https://en.wikipedia.org/wiki/Swordfish
Animal,Ray-Finned Fish,Tarpon,https://en.wikipedia.org/wiki/Tarpon
Animal,Ray-Finned Fish,Whiting,https://en.wikipedia.org/wiki/Whiting_(fish)
Animal,Ray-Finned Fish,Wolffish,https://en.wikipedia.org/wiki/Anarhichadidae
Animal,Reptile,Caiman,https://en.wikipedia.org/wiki/Caiman
Animal,Reptile,Cameleon,https://en.wikipedia.org/wiki/Chameleon
Animal,Reptile,Cobra,https://en.wikipedia.org/wiki/Cobra
Animal,Reptile,Lizard,https://en.wikipedia.org/wiki/Lizard
Animal,Reptile,Rattlesnake,https://en.wikipedia.org/wiki/Rattlesnake
Animal,Reptile,Viper,https://en.wikipedia.org/wiki/Viper
Animal,Sea Urchin,Sea Urchin,https://en.wikipedia.org/wiki/Sea_urchin
Animal,Starfish,Starfish,https://en.wikipedia.org/wiki/Starfish
Astronomical,Body,Autumn Moon,https://en.wikipedia.org/wiki/Moon
Astronomical,Body,Clear Moon in Autumn,https://en.wikipedia.org/wiki/Moon
Astronomical,Body,Comet,https://en.wikipedia.org/wiki/Comet
Astronomical,Body,Comet,https://en.wikipedia.org/wiki/Comet
Astronomical,Body,Meteor,https://en.wikipedia.org/wiki/Meteor
Astronomical,Body,Night Moon,https://en.wikipedia.org/wiki/Moon
Astronomical,Body,Shining Moon,https://en.wikipedia.org/wiki/Moon
Astronomical,Body,Spring Moon,https://en.wikipedia.org/wiki/Moon
Astronomical,Body,Star,https://en.wikipedia.org/wiki/Star
Astronomical,Body,Summer Moon,https://en.wikipedia.org/wiki/Moon
Astronomical,Body,The Moon,https://en.wikipedia.org/wiki/Moon
Astronomical,Body,Venus (Planet),https://en.wikipedia.org/wiki/Venus
Astronomical,Body,Winter Moon,https://en.wikipedia.org/wiki/Moon
Astronomical,Conjunction,Beautiful Moon,https://en.wikipedia.org/wiki/Lunar_phase
Astronomical,Conjunction,Dawn,https://en.wikipedia.org/wiki/Dawn
Astronomical,Conjunction,Dusk,https://en.wikipedia.org/wiki/Dusk
Astronomical,Conjunction,Full Moon,https://en.wikipedia.org/wiki/Lunar_phase
Astronomical,Conjunction,Moonlight,https://en.wikipedia.org/wiki/Moonlight
Astronomical,Conjunction,New Moon,https://en.wikipedia.org/wiki/Lunar_phase
Astronomical,Conjunction,Sunrise,https://en.wikipedia.org/wiki/Sunrise
Astronomical,Conjunction,Twilight,https://en.wikipedia.org/wiki/Twilight
Astronomical,Conjunction,Waning Moon,https://en.wikipedia.org/wiki/Lunar_phase
Astronomical,Conjunction,Waxing Crescent,https://en.wikipedia.org/wiki/Lunar_phase
Astronomical,Conjunction,Waxing Moon,https://en.wikipedia.org/wiki/Lunar_phase
Astronomical,Constellation,Lyra Constellation,https://en.wikipedia.org/wiki/Lyra
Astronomical,Constellation,Taurus,https://en.wikipedia.org/wiki/Taurus_(astrology)
Astronomical,Constellation,Zodiac,https://en.wikipedia.org/wiki/Zodiac
Astronomical,Star,Polaris,https://en.wikipedia.org/wiki/Polaris
Astronomical,Star,"Sirius, Canis Major",https://en.wikipedia.org/wiki/Sirius
Astronomical,Star,Vega,https://en.wikipedia.org/wiki/Vega
Astronomical,,Zenith,
Botanical,Asterid,Camellia Tree,https://en.wikipedia.org/wiki/Camellia
Botanical,Asterid,Catalpa Tree,https://en.wikipedia.org/wiki/Catalpa
Botanical,Asterid,Chrysanthemum,https://en.wikipedia.org/wiki/Chrysanthemum
Botanical,Asterid,Clerodendrum Tree,https://en.wikipedia.org/wiki/Clerodendrum
Botanical,Asterid,Empress Tree,https://en.wikipedia.org/wiki/Paulownia_tomentosa
Botanical,Asterid,Holly,https://en.wikipedia.org/wiki/Holly
Botanical,Asterid,Marigold,https://en.wikipedia.org/wiki/Calendula
Botanical,Asterid,Morning Glory,https://en.wikipedia.org/wiki/Morning_glory
Botanical,Asterid,Mugwort,https://en.wikipedia.org/wiki/Mugwort
Botanical,Asterid,Persimmon Tree,https://en.wikipedia.org/wiki/Persimmon
Botanical,Asterid,Sakaki Tree,https://en.wikipedia.org/wiki/Cleyera_japonica
Botanical,Asterid,Sesame,https://en.wikipedia.org/wiki/Sesame
Botanical,Asterid,Sunflower,https://en.wikipedia.org/wiki/Helianthus
Botanical,Commelinid,Arrow Bamboo,https://en.wikipedia.org/wiki/Pseudosasa_japonica
Botanical,Commelinid,Bamboo,https://en.wikipedia.org/wiki/Bamboo
Botanical,Commelinid,Bamboo Sprout,https://en.wikipedia.org/wiki/Bamboo
Botanical,Commelinid,Black Bamboo,https://en.wikipedia.org/wiki/Phyllostachys_nigra
Botanical,Commelinid,Chinese Silver Grass,https://en.wikipedia.org/wiki/Miscanthus_sinensis
Botanical,Commelinid,Kangaroo Grass,https://en.wikipedia.org/wiki/Themeda_triandra
Botanical,Commelinid,Male Bamboo,https://en.wikipedia.org/wiki/Bamboo
Botanical,Commelinid,Reed,https://en.wikipedia.org/wiki/Phragmites
Botanical,Commelinid,Rice Seedling,https://en.wikipedia.org/wiki/Rice
Botanical,Conifer,Chinese Torreya,https://en.wikipedia.org/wiki/Torreya_grandis
Botanical,Conifer,Cypress Tree,https://en.wikipedia.org/wiki/Cupressaceae
Botanical,Conifer,Fir Tree,https://en.wikipedia.org/wiki/Fir
Botanical,Conifer,Hinoki Cypress,https://en.wikipedia.org/wiki/Chamaecyparis_obtusa
Botanical,Conifer,Japanese Cedar,https://en.wikipedia.org/wiki/Cryptomeria
Botanical,Conifer,Japanese Cypress,https://en.wikipedia.org/wiki/Chamaecyparis_obtusa
Botanical,Conifer,Pine Tree,https://en.wikipedia.org/wiki/Pine
Botanical,Conifer,Tsuga Tree,https://en.wikipedia.org/wiki/Tsuga
Botanical,Eudicot,Asian Knotweed,https://en.wikipedia.org/wiki/Reynoutria
Botanical,Eudicot,Katsura Tree,https://en.wikipedia.org/wiki/Cercidiphyllum_japonicum
Botanical,Eudicot,Lotus,https://en.wikipedia.org/wiki/Nelumbo
Botanical,Feature,Oak Tree (Nut),https://en.wikipedia.org/wiki/Acorn
Botanical,Feature,Thorn,"https://en.wikipedia.org/wiki/Thorns,_spines,_and_prickles"
Botanical,Fern,Bracken,https://en.wikipedia.org/wiki/Bracken
Botanical,Fern,Bracken Sprout,https://en.wikipedia.org/wiki/Bracken
Botanical,Magnoliid,Camphor Tree,https://en.wikipedia.org/wiki/Camphora_officinarum
Botanical,Rosid,Birch Tree,https://en.wikipedia.org/wiki/Birch
Botanical,Rosid,Bottle Gourd,https://en.wikipedia.org/wiki/Calabash
Botanical,Rosid,Bush Clover,https://en.wikipedia.org/wiki/Lespedeza
Botanical,Rosid,Cherry Tree,https://en.wikipedia.org/wiki/Cherry
Botanical,Rosid,Chestnut Tree,https://en.wikipedia.org/wiki/Chestnut
Botanical,Rosid,Chinaberry Tree,https://en.wikipedia.org/wiki/Melia_azedarach
Botanical,Rosid,Chinquapin Tree,https://en.wikipedia.org/wiki/Castanopsis
Botanical,Rosid,Elm Tree,https://en.wikipedia.org/wiki/Elm
Botanical,Rosid,First Cherry Blossom,https://en.wikipedia.org/wiki/Cherry
Botanical,Rosid,First Plum Blossom,https://en.wikipedia.org/wiki/Plum
Botanical,Rosid,Hibiscus,https://en.wikipedia.org/wiki/Hibiscus
Botanical,Rosid,Horse Chestnut Tree,https://en.wikipedia.org/wiki/Aesculus_hippocastanum
Botanical,Rosid,Ivy,https://en.wikipedia.org/wiki/Parthenocissus
Botanical,Rosid,Japanese Arrowroot,https://en.wikipedia.org/wiki/Kudzu
Botanical,Rosid,Japanese Elm,https://en.wikipedia.org/wiki/Zelkova_serrata
Botanical,Rosid,Korean Hill Cherry Tree,https://en.wikipedia.org/wiki/Prunus_leveilleana
Botanical,Rosid,Live Oak Tree,https://en.wikipedia.org/wiki/Live_oak
Botanical,Rosid,Mandarin Orange,https://en.wikipedia.org/wiki/Mandarin_orange
Botanical,Rosid,Maple Tree,https://en.wikipedia.org/wiki/Maple
Botanical,Rosid,Mulberry Tree,https://en.wikipedia.org/wiki/Morus_(plant)
Botanical,Rosid,Oak Tree,https://en.wikipedia.org/wiki/Oak
Botanical,Rosid,Oak Wood,https://en.wikipedia.org/wiki/Oak
Botanical,Rosid,Peach Tree,https://en.wikipedia.org/wiki/Peach
Botanical,Rosid,Pear Tree,https://en.wikipedia.org/wiki/Pear
Botanical,Rosid,Plum Tree,https://en.wikipedia.org/wiki/Plum
Botanical,Rosid,Shamrock,https://en.wikipedia.org/wiki/Shamrock
Botanical,Rosid,Sycamore Tree,https://en.wikipedia.org/wiki/Sycamore
Botanical,Rosid,Violet,https://en.wikipedia.org/wiki/Viola_(plant)
Botanical,Rosid,Water Caltrop,https://en.wikipedia.org/wiki/Water_caltrop
Botanical,Rosid,Willow Tree,https://en.wikipedia.org/wiki/Willow
Botanical,Rosid,Wisteria,https://en.wikipedia.org/wiki/Wisteria
Botanical,Rosid,Young Cherry Tree,https://en.wikipedia.org/wiki/Cherry
Botanical,,New Leaves,
Categorical,Descriptor,Descriptor,
Categorical,Descriptor,Royal Great Ship,
Categorical,Hull Number,Hull Number,https://en.wikipedia.org/wiki/Hull_number
Categorical,Placeholder,Placeholder,
Categorical,Squence,Squence,
Geographical,Bay,"Alazan Bay, Texas, US",https://en.wikipedia.org/wiki/Alazan_Bay
Geographical,Bay,"Alikula Bay, Alaska, US",
Geographical,Bay,"Anguilla Bay, Alaska, US",https://en.wikipedia.org/wiki/Maurelle_Island
Geographical,Bay,"Astrolabe Bay, Alaska, US",https://www.history.navy.mil/research/histories/ship-histories/danfs/a/astrolabe-bay.html
Geographical,Bay,"Baffin Bay, Texas, US",https://en.wikipedia.org/wiki/Baffin_Bay_(Texas)
Geographical,Bay,"Barataria Bay, Louisiana, US",https://en.wikipedia.org/wiki/Barataria_Bay
Geographical,Bay,"Barnegat Bay, New Jersey, US",https://en.wikipedia.org/wiki/Barnegat_Bay
Geographical,Bay,"Bastian Bay, Louisiana, US",
Geographical,Bay,"Biscayne Bay, Florida, US",https://en.wikipedia.org/wiki/Biscayne_Bay
Geographical,Bay,"Bolinas Lagoon, California, US",https://en.wikipedia.org/wiki/Bolinas_Lagoon
Geographical,Bay,"Bucareli Bay, Alaska, US",https://en.wikipedia.org/wiki/Bucareli_Bay
Geographical,Bay,"Casco Bay, Maine, US",https://en.wikipedia.org/wiki/Casco_Bay
Geographical,Bay,"Chapin Bay, Alaska, US",
Geographical,Bay,"Chatham Harbor, Massachusetts, US","https://en.wikipedia.org/wiki/Chatham,_Massachusetts"
Geographical,Bay,"Chincoteague Bay, Maryland, US",https://en.wikipedia.org/wiki/Chincoteague_Bay
Geographical,Bay,"Commencement Bay, Washington, US",https://en.wikipedia.org/wiki/Commencement_Bay
Geographical,Bay,"Cook Inlet, Alaska, US",https://en.wikipedia.org/wiki/Cook_Inlet
Geographical,Bay,"Coos Bay, Oregon, US",https://en.wikipedia.org/wiki/Coos_Bay
Geographical,Bay,"Cordova Bay, Alaska, US",https://en.wikipedia.org/wiki/Cordova_Bay
Geographical,Bay,"Corpus Christi Bay, Texas, US",https://en.wikipedia.org/wiki/Corpus_Christi_Bay
Geographical,Bay,"Didrickson Bay, Alaska, US",
Geographical,Bay,"Dolomi Bay, Alaska, US",
Geographical,Bay,"Duxbury Bay, Massachusetts, US",https://en.wikipedia.org/wiki/Duxbury_Bay_(Massachusetts)
Geographical,Bay,"Elbow Bay, New York, US",
Geographical,Bay,"Fanshaw Bay, Alaska, US",
Geographical,Bay,"Floyds Bay, Virginia, US",https://en.wikipedia.org/wiki/Burtons_Bay
Geographical,Bay,"Fortaleza Bay, Alaska, US",
Geographical,Bay,"Frosty Bay, Alaska, US",
Geographical,Bay,"Gambier Bay, Alaska, US",https://en.wikipedia.org/wiki/Admiralty_Island
Geographical,Bay,"Gardiners Bay, New York, US",https://en.wikipedia.org/wiki/Gardiners_Bay
Geographical,Bay,"Glacier Bay, Alaska, US",https://en.wikipedia.org/wiki/Glacier_Bay_Basin
Geographical,Bay,"Greenwich Bay, Rhode Island, US",https://en.wikipedia.org/wiki/Greenwich_Bay_(Rhode_Island)
Geographical,Bay,"Half Moon Bay, California, US","https://en.wikipedia.org/wiki/Half_Moon_Bay,_California"
Geographical,Bay,"Hobart Bay, Alaska, US","https://en.wikipedia.org/wiki/Hobart_Bay,_Alaska"
Geographical,Bay,"Hoggatt Bay, Alaska, US",https://en.wikipedia.org/wiki/Baranof_Island
Geographical,Bay,"Humboldt Bay, California, US",https://en.wikipedia.org/wiki/Humboldt_Bay
Geographical,Bay,"Kadashan Bay, Alaska, US",https://en.wikipedia.org/wiki/Kadashan_Bay
Geographical,Bay,"Kaita Bay, Alaska, US",
Geographical,Bay,"Kalinin Bay, Alaska, US",
Geographical,Bay,"Kanalku Bay, Alaska, US",https://en.wikipedia.org/wiki/Admiralty_Island
Geographical,Bay,"Kasaan Bay, Alaska, US",
Geographical,Bay,"Keweenaw Bay, Michigan, US",https://en.wikipedia.org/wiki/Keweenaw_Bay
Geographical,Bay,"Kitkun Bay, Alaska, US",
Geographical,Bay,"Liscombe Bay, Alaska, US",https://en.wikipedia.org/wiki/Dall_Island
Geographical,Bay,"Matagorda Bay, Texas, US",https://en.wikipedia.org/wiki/Matagorda_Bay
Geographical,Bay,"Mission Bay, California, US",https://en.wikipedia.org/wiki/Mission_Bay_(San_Diego)
Geographical,Bay,"Mobjack Bay, Virginia, US",https://en.wikipedia.org/wiki/Mobjack_Bay
Geographical,Bay,"Natoma Bay, Alaska, US",
Geographical,Bay,"Nehenta Bay, Alaska, US",https://en.wikipedia.org/wiki/Gravina_Island
Geographical,Bay,"Niantic Bay, Connecticut, US",https://en.wikipedia.org/wiki/Niantic_River
Geographical,Bay,"Ommaney Bay, Alaska, US",https://en.wikipedia.org/wiki/Baranof_Island
Geographical,Bay,"Onslow Bay, North Carolina, US",https://en.wikipedia.org/wiki/Onslow_Bay
Geographical,Bay,"Orca Bay, Alaska, US",https://en.wikipedia.org/wiki/Orca_Bay_(Alaska)
Geographical,Bay,"Oyster Bay, New York, US",https://en.wikipedia.org/wiki/Oyster_Bay_(inlet)
Geographical,Bay,"Perdido Bay, Alabama, US",https://en.wikipedia.org/wiki/Perdido_Bay
Geographical,Bay,"Petrof Bay, Alaska, US",https://en.wikipedia.org/wiki/Petrof_Bay
Geographical,Bay,"Pybus Bay, Alaska, US",
Geographical,Bay,"Rehoboth Bay, Delaware, US",https://en.wikipedia.org/wiki/Rehoboth_Bay
Geographical,Bay,"Rockaway Inlet, New York, US",https://en.wikipedia.org/wiki/Rockaway_Inlet
Geographical,Bay,"Rudyerd Bay, Alaska, US","https://en.wikipedia.org/wiki/Ketchikan_Gateway_Borough,_Alaska"
Geographical,Bay,"Saginaw Bay, Alaska, US",https://en.wikipedia.org/wiki/Kuiu_Island
Geographical,Bay,"San Alberto Bay, Alaska, US",
Geographical,Bay,"San Carlos Bay, Florida, US",https://en.wikipedia.org/wiki/San_Carlos_Bay
Geographical,Bay,"San Pablo Bay, California, US",https://en.wikipedia.org/wiki/San_Pablo_Bay
Geographical,Bay,"Sargent Bay, Alaska, US",https://en.wikipedia.org/wiki/Revillagigedo_Island
Geographical,Bay,"Shamrock Bay, Alaska, US",https://en.wikipedia.org/wiki/Baranof_Island
Geographical,Bay,"Shipley Bay, Alaska, US",https://en.wikipedia.org/wiki/Kosciusko_Island
Geographical,Bay,"Sitkoh Bay, Alaska, US",https://en.wikipedia.org/wiki/Chichagof_Island
Geographical,Bay,"St. Andrews Bay, Florida, US",https://en.wikipedia.org/wiki/St._Andrews_Bay_(Florida)
Geographical,Bay,"St. Joseph Bay, Florida, US",https://en.wikipedia.org/wiki/St._Joseph_Bay
Geographical,Bay,"Steamer Bay, Alaska, US",https://en.wikipedia.org/wiki/USS_Steamer_Bay
Geographical,Bay,"Suisun Bay, California, US",https://en.wikipedia.org/wiki/Suisun_Bay
Geographical,Bay,"Sunset Bay, Oregon, US",https://en.wikipedia.org/wiki/Sunset_Bay_State_Park
Geographical,Bay,"Takanis Bay, Alaska, US",https://en.wikipedia.org/wiki/Yakobi_Island
Geographical,Bay,"Thetis Bay, Alaska, US",https://en.wikipedia.org/wiki/Kuiu_Island
Geographical,Bay,"Timbalier Bay, Louisiana, US",https://en.wikipedia.org/wiki/Timbalier_Bay
Geographical,Bay,"Totem Bay, Alaska, US",
Geographical,Bay,"Unimak Bay, Alaska, US",https://en.wikipedia.org/wiki/Unimak_Bay
Geographical,Bay,"Vermilion Bay, Louisiana, US",https://en.wikipedia.org/wiki/Vermilion_Bay_(Louisiana)
Geographical,Bay,"Willapa Bay, Washington, US",https://en.wikipedia.org/wiki/Willapa_Bay
Geographical,Bay,"Willoughby Bay, Virginia, US",https://en.wikipedia.org/wiki/Willoughby_Spit
Geographical,Bay,"Windham Bay, Alaska, US",https://en.wikipedia.org/wiki/Windham_Bay
Geographical,Bay,"Winyah Bay, South Carolina, US",https://en.wikipedia.org/wiki/Winyah_Bay
Geographical,Bay,"Yakutat Bay, Alaska, US",https://en.wikipedia.org/wiki/Yakutat_Bay
Geographical,Cape,"Cape Arkona, Germany",https://en.wikipedia.org/wiki/Cape_Arkona
Geographical,Cape,"Cape Crillon, Russia",https://en.wikipedia.org/wiki/Cape_Crillon
Geographical,Cape,"Cape Kamui, Japan",https://en.wikipedia.org/wiki/Cape_Kamui
Geographical,Cape,"Cape of Good Hope, South Africa",https://en.wikipedia.org/wiki/Cape_of_Good_Hope
Geographical,Cape,"Hel Peninsula, Pomeranian Voivodeship, Poland",https://en.wikipedia.org/wiki/Hel_Peninsula
Geographical,Continent,Africa,https://en.wikipedia.org/wiki/Africa
Geographical,Continent,Americas,https://en.wikipedia.org/wiki/Americas
Geographical,Island,"Belle Isle, France",https://en.wikipedia.org/wiki/Belle_%C3%8Ele
Geographical,Island,"Castle Rock, Alaska, US",https://en.wikipedia.org/wiki/Castle_Rock_(Alaska)
Geographical,Island,"Chios, Greece",https://en.wikipedia.org/wiki/Chios
Geographical,Island,"Crete, Greece",https://en.wikipedia.org/wiki/Crete
Geographical,Island,"Cuba, Cuba",https://en.wikipedia.org/wiki/Cuba
Geographical,Island,Curacao,https://en.wikipedia.org/wiki/Cura%C3%A7ao
Geographical,Island,"Edisto Island, South Carolina, US",https://en.wikipedia.org/wiki/Edisto_Island
Geographical,Island,"Estero Island, Florida, US",https://en.wikipedia.org/wiki/Estero_Island
Geographical,Island,Great Britain,https://en.wikipedia.org/wiki/Great_Britain
Geographical,Island,Ireland,https://en.wikipedia.org/wiki/Erin
Geographical,Island,Island of Taiwan,https://en.wikipedia.org/wiki/Geography_of_Taiwan
Geographical,Island,"Isle of Wight, England, UK",https://en.wikipedia.org/wiki/Isle_of_Wight
Geographical,Island,"Jamaica Island, Maine, US",https://en.wikipedia.org/wiki/Seavey%27s_Island
Geographical,Island,"Jersey, UK",https://en.wikipedia.org/wiki/Jersey
Geographical,Island,"Lesbos, Greece",https://en.wikipedia.org/wiki/Lesbos
Geographical,Island,"Lesbos, Greece",https://en.wikipedia.org/wiki/Lesbos
Geographical,Island,"Long Island, New York, US",https://en.wikipedia.org/wiki/Long_Island
Geographical,Island,"Luzon, Philippines",https://en.wikipedia.org/wiki/Luzon
Geographical,Island,"Mackinac Island, Michigan, US",https://en.wikipedia.org/wiki/Mackinac_Island
Geographical,Island,"Nagaura Island, Japan",
Geographical,Island,"Salamis Island, Greece",https://en.wikipedia.org/wiki/Salamis_Island
Geographical,Island,"Samos, Greece",https://en.wikipedia.org/wiki/Samos
Geographical,Island,"San Clemente Island, California, US",https://en.wikipedia.org/wiki/San_Clemente_Island
Geographical,Island,"Stord, Norway",https://en.wikipedia.org/wiki/Stord_(island)
Geographical,Island,"Tasmania, Australia",https://en.wikipedia.org/wiki/Tasmania
Geographical,Island,"Tenedos, Turkey",https://en.wikipedia.org/wiki/Tenedos
Geographical,Island,"Tenedos, Turkey",https://en.wikipedia.org/wiki/Tenedos
Geographical,Island,"Tobago, Trinidad and Tobago",https://en.wikipedia.org/wiki/Trinidad
Geographical,Island,"Trinidad, Trinidad and Tobago",https://en.wikipedia.org/wiki/Trinidad
Geographical,Island,"Valcour Island, New York, US",https://en.wikipedia.org/wiki/Valcour_Island
Geographical,Lake,"Lake Carnegie, New Jersey, US",https://en.wikipedia.org/wiki/Lake_Carnegie_(New_Jersey)
Geographical,Lake,"Lake Superior, North America",https://en.wikipedia.org/wiki/Lake_Superior
Geographical,Lake,"Lake Tahoe, California, US",https://en.wikipedia.org/wiki/Lake_Tahoe
Geographical,Lake,"Lake Tokiwa, Japan",https://en.wikipedia.org/wiki/Tokiwa_Park
Geographical,Lake,Moosehead Lake,https://en.wikipedia.org/wiki/Moosehead_Lake
Geographical,Lake,"Ullswater, England, UK",https://en.wikipedia.org/wiki/Ullswater
Geographical,Mountain,"Dunderberg Mountain, New York, US",https://en.wikipedia.org/wiki/Dunderberg_Mountain
Geographical,Mountain,"Mount Akagi, Japan",https://en.wikipedia.org/wiki/Mount_Akagi
Geographical,Mountain,"Mount Amagi, Japan",https://en.wikipedia.org/wiki/Mount_Amagi
Geographical,Mountain,"Mount Aoba, Japan",https://en.wikipedia.org/wiki/Mount_Aoba
Geographical,Mountain,"Mount Asama, Japan",https://en.wikipedia.org/wiki/Mount_Asama
Geographical,Mountain,"Mount Ashigara, Japan",https://en.wikipedia.org/wiki/Mount_Ashigara
Geographical,Mountain,"Mount Aso, Japan",https://en.wikipedia.org/wiki/Mount_Aso
Geographical,Mountain,"Mount Atago, Japan",https://en.wikipedia.org/wiki/Mount_Atago
Geographical,Mountain,"Mount Azuma, Japan",https://en.wikipedia.org/wiki/Mount_Azuma-kofuji
Geographical,Mountain,"Mount Chokai, Japan",https://en.wikipedia.org/wiki/Mount_Ch%C5%8Dkai
Geographical,Mountain,"Mount Damavand, Iran",https://en.wikipedia.org/wiki/Mount_Damavand
Geographical,Mountain,"Mount Fuji, Japan",https://en.wikipedia.org/wiki/Mount_Fuji
Geographical,Mountain,"Mount Furutaka, Japan",
Geographical,Mountain,"Mount Haguro, Japan",https://en.wikipedia.org/wiki/Mount_Haguro
Geographical,Mountain,"Mount Haruna, Japan",https://en.wikipedia.org/wiki/Mount_Haruna
Geographical,Mountain,"Mount Hiei, Japan",https://en.wikipedia.org/wiki/Mount_Hiei
Geographical,Mountain,"Mount Ibuki, Japan",https://en.wikipedia.org/wiki/Mount_Ibuki
Geographical,Mountain,"Mount Ikoma, Japan",https://en.wikipedia.org/wiki/Mount_Ikoma
Geographical,Mountain,"Mount Iwate, Japan",https://en.wikipedia.org/wiki/Mount_Iwate
Geographical,Mountain,"Mount Kasagi, Japan",https://en.wikipedia.org/wiki/Mount_Kasagi
Geographical,Mountain,"Mount Kearsarge, New Hampshire, US","https://en.wikipedia.org/wiki/Mount_Kearsarge_(Merrimack_County,_New_Hampshire)"
Geographical,Mountain,"Mount Kirishima, Japan",https://en.wikipedia.org/wiki/Mount_Kirishima
Geographical,Mountain,"Mount Kongo, Japan",https://en.wikipedia.org/wiki/Mount_Kong%C5%8D
Geographical,Mountain,"Mount Kurama, Japan",https://en.wikipedia.org/wiki/Mount_Kurama
Geographical,Mountain,"Mount Maya, Japan",https://en.wikipedia.org/wiki/Mount_Maya
Geographical,Mountain,"Mount Myoko, Japan",https://en.wikipedia.org/wiki/Mount_My%C5%8Dk%C5%8D
Geographical,Mountain,"Mount Nachi, Japan",
Geographical,Mountain,"Mount Nikko-Shirane, Japan",https://en.wikipedia.org/wiki/Mount_Nikk%C5%8D-Shirane
Geographical,Mountain,"Mount Otowa, Japan",
Geographical,Mountain,"Mount Takao, Japan",https://en.wikipedia.org/wiki/Mount_Takao
Geographical,Mountain,"Mount Tsukuba, Japan",https://en.wikipedia.org/wiki/Mount_Tsukuba
Geographical,Mountain,"Mount Unebi, Japan",https://en.wikipedia.org/wiki/Mount_Unebi
Geographical,Mountain,"Mount Wakakusa, Japan",https://en.wikipedia.org/wiki/Mount_Wakakusa
Geographical,Mountain,"Mount Yamato Katsuragi, Japan",https://en.wikipedia.org/wiki/Mount_Yamato_Katsuragi
Geographical,Mountain,"Mountain Kinugasa, Japan",
Geographical,Mountain,"Yu Shan, Taiwan",https://en.wikipedia.org/wiki/Yu_Shan
Geographical,Mountain Range,"Cheviot Hills, UK",https://en.wikipedia.org/wiki/Cheviot_Hills
Geographical,Peninsula,"Isle of Thanet, England, UK",https://en.wikipedia.org/wiki/Isle_of_Thanet
Geographical,Peninsula,"Shawmut Peninsula, Massachusetts, US",https://en.wikipedia.org/wiki/Shawmut_Peninsula
Geographical,Region,"Akashi, Hyogo, Japan","https://en.wikipedia.org/wiki/Akashi,_Hy%C5%8Dgo"
Geographical,Region,"Alsace, France",https://en.wikipedia.org/wiki/Alsace
Geographical,Region,"Bearn, France",https://en.wikipedia.org/wiki/B%C3%A9arn
Geographical,Region,"Brittany, France",https://en.wikipedia.org/wiki/Brittany
Geographical,Region,"Dalmatia, Europe",https://en.wikipedia.org/wiki/Dalmatia
Geographical,Region,"East Frisia, Germany",https://en.wikipedia.org/wiki/East_Frisia
Geographical,Region,"Flanders, Belgium",https://en.wikipedia.org/wiki/Flanders
Geographical,Region,"French Riviera, France",https://en.wikipedia.org/wiki/French_Riviera
Geographical,Region,"Gascony, France",https://en.wikipedia.org/wiki/Gascony
Geographical,Region,Gaul,https://en.wikipedia.org/wiki/Gaul
Geographical,Region,"Guyenne, France",https://en.wikipedia.org/wiki/Guyenne
Geographical,Region,"Helgoland, Germany",https://en.wikipedia.org/wiki/Heligoland
Geographical,Region,"Hesse, Germany",https://en.wikipedia.org/wiki/Hesse
Geographical,Region,Kashmir,https://en.wikipedia.org/wiki/Kashmir
Geographical,Region,"Khibiny Mountains, Murmansk Oblast, Russia",https://en.wikipedia.org/wiki/Khibiny_Mountains
Geographical,Region,"Kuril Islands, Russia",https://en.wikipedia.org/wiki/Kuril_Islands
Geographical,Region,"Languedoc, France",https://en.wikipedia.org/wiki/Languedoc
Geographical,Region,"Lorraine, France",https://en.wikipedia.org/wiki/Lorraine
Geographical,Region,"Matsushima, Miyagi Prefecture, Japan",https://en.wikipedia.org/wiki/Matsushima
Geographical,Region,"Miyako Islands, Japan",https://en.wikipedia.org/wiki/Miyako_Islands
Geographical,Region,"Munster, Ireland",https://en.wikipedia.org/wiki/Munster
Geographical,Region,"Naniwa-ku, Osaka, Japan","https://en.wikipedia.org/wiki/Naniwa-ku,_Osaka"
Geographical,Region,"Normandy, France",https://en.wikipedia.org/wiki/Normandy
Geographical,Region,"Orkney Islands, Scotland, UK",https://en.wikipedia.org/wiki/Orkney
Geographical,Region,"Provence, France",https://en.wikipedia.org/wiki/Provence
Geographical,Region,"Rheinland, Germany",https://en.wikipedia.org/wiki/Rhineland
Geographical,Region,"Suma-ku, Kobe, Japan","https://en.wikipedia.org/wiki/Suma-ku,_Kobe"
Geographical,Region,Svenner Islands,https://en.wikipedia.org/wiki/Svenner_Islands
Geographical,Region,"Takachiho-gawara, Kagoshima Prefecture, Japan",https://en.wikipedia.org/wiki/Takachiho-gawara
Geographical,Region,"The Lennox, Scotland, UK",https://en.wikipedia.org/wiki/The_Lennox
Geographical,Region,"Thuringia, Germany",https://en.wikipedia.org/wiki/Thuringia
Geographical,Region,"Ulster, Ireland",https://en.wikipedia.org/wiki/Ulster
Geographical,Region,"Yaeyama Islands, Japan",https://en.wikipedia.org/wiki/Yaeyama_Islands
Geographical,Region,"Yodo Domain, Japan",https://en.wikipedia.org/wiki/Yodo_Domain
Geographical,Region,"Yoshino District, Nara, Japan","https://en.wikipedia.org/wiki/Yoshino_District,_Nara"
Geographical,River,"Abukuma River, Japan",https://en.wikipedia.org/wiki/Abukuma_River
Geographical,River,"Acheron, Greece",https://en.wikipedia.org/wiki/Acheron
Geographical,River,"Agano River, Japan",https://en.wikipedia.org/wiki/Agano_River
Geographical,River,"Annapolis River, Canada",https://en.wikipedia.org/wiki/Annapolis_River
Geographical,River,"Assiniboine River, Manitoba, Canada",https://en.wikipedia.org/wiki/Assiniboine_River
Geographical,River,"Chaudiere River, Quebec, Canada",https://en.wikipedia.org/wiki/Chaudi%C3%A8re_River
Geographical,River,"Chenango River, New York, US",https://en.wikipedia.org/wiki/Chenango_River
Geographical,River,"Columbia River, North America",https://en.wikipedia.org/wiki/Columbia_River
Geographical,River,"Dnieper River, Ukraine",https://en.wikipedia.org/wiki/Dnieper
Geographical,River,"Elbe River, Germany",https://en.wikipedia.org/wiki/Elbe
Geographical,River,"Ettrick Water, Scotland, UK",https://en.wikipedia.org/wiki/Ettrick_Water
Geographical,River,"Euphrates, Asia",https://en.wikipedia.org/wiki/Euphrates
Geographical,River,"Fraser River, British Columbia, Canada",https://en.wikipedia.org/wiki/Fraser_River
Geographical,River,"Gala Water, Scotland, UK",https://en.wikipedia.org/wiki/Gala_Water
Geographical,River,"Ganges, India",https://en.wikipedia.org/wiki/Ganges
Geographical,River,"Gatineau River, Quebec, Canada",https://en.wikipedia.org/wiki/Gatineau_River
Geographical,River,"Huon River, Tasmania, Australia",https://en.wikipedia.org/wiki/Huon_River
Geographical,River,"Indus River, Pakistan",https://en.wikipedia.org/wiki/Indus_River
Geographical,River,"Isuzu River, Japan",https://en.wikipedia.org/wiki/Isuzu_River
Geographical,River,"Jaguaribe River, Brazil",https://en.wikipedia.org/wiki/Jaguaribe_River
Geographical,River,"Japura River, Brazil",https://en.wikipedia.org/wiki/Japur%C3%A1_River
Geographical,River,"Javary River, Brazil",https://en.wikipedia.org/wiki/Javary_River
Geographical,River,"Jed Water, Scotland, UK",https://en.wikipedia.org/wiki/Jed_Water
Geographical,River,"Jinzu River, Japan",https://en.wikipedia.org/wiki/Jinz%C5%AB_River
Geographical,River,"Jurua River, Brazil",https://en.wikipedia.org/wiki/Juru%C3%A1_River
Geographical,River,"Juruena River, Mato Grosso, Brazil",https://en.wikipedia.org/wiki/Juruena_River
Geographical,River,"Jutai River, Brazil",https://en.wikipedia.org/wiki/Juta%C3%AD_River
Geographical,River,"Kako River, Japan",https://en.wikipedia.org/wiki/Kako_River_(Japan)
Geographical,River,"Kale Water, Scotland, UK",https://en.wikipedia.org/wiki/Kale_Water
Geographical,River,"Kinugawa River, Japan",
Geographical,River,"Kiso River, Japan",https://en.wikipedia.org/wiki/Kiso_River
Geographical,River,"Kitakami River, Japan",https://en.wikipedia.org/wiki/Kitakami_River
Geographical,River,"Kootenay River, British Columbia, Canada",https://en.wikipedia.org/wiki/Kootenay_River
Geographical,River,"Kuma River, Japan",https://en.wikipedia.org/wiki/Kuma_River_(Japan)
Geographical,River,"Kumano River, Japan",https://en.wikipedia.org/wiki/Kumano_River
Geographical,River,"Lis River, Portugal",https://en.wikipedia.org/wiki/Lis_River
Geographical,River,"Margaree River, Nova Scotia, Canada",https://en.wikipedia.org/wiki/Margaree_River
Geographical,River,"Mikuma River, Japan",
Geographical,River,"Mogami River, Japan",https://en.wikipedia.org/wiki/Mogami_River
Geographical,River,"Nagara River, Japan",https://en.wikipedia.org/wiki/Nagara_River
Geographical,River,"Naka River, Japan",https://en.wikipedia.org/wiki/Naka_River_(Tochigi_Ibaraki)
Geographical,River,"Natori River, Japan",https://en.wikipedia.org/wiki/Natori_River
Geographical,River,"Niagara River, North America",https://en.wikipedia.org/wiki/Niagara_River
Geographical,River,"Oi River, Japan",https://en.wikipedia.org/wiki/%C5%8Ci_River
Geographical,River,"Orontes River, Syria",https://en.wikipedia.org/wiki/Orontes_River
Geographical,River,"Ottawa River, Canada",https://en.wikipedia.org/wiki/Ottawa_River
Geographical,River,"Oyodo River, Japan",https://en.wikipedia.org/wiki/%C5%8Cyodo_River
Geographical,River,"Pactolus River, Turkey",https://en.wikipedia.org/wiki/Pactolus
Geographical,River,"Parramatta River, New South Wales, Australia",https://en.wikipedia.org/wiki/Parramatta_River
Geographical,River,"Qu'Appelle River, Saskatchewan, Canada",https://en.wikipedia.org/wiki/Qu%27Appelle_River
Geographical,River,"Restigouche River, New Brunswick, Canada",https://en.wikipedia.org/wiki/Restigouche_River
Geographical,River,"River Arno, Tuscany, Italy",https://en.wikipedia.org/wiki/Arno
Geographical,River,"River Arun, England, UK",https://en.wikipedia.org/wiki/River_Arun
Geographical,River,"River Avon, England, UK","https://en.wikipedia.org/wiki/River_Avon,_Bristol"
Geographical,River,"River Blackwater, England, UK","https://en.wikipedia.org/wiki/River_Blackwater,_Essex"
Geographical,River,"River Boyne, Ireland",https://en.wikipedia.org/wiki/River_Boyne
Geographical,River,"River Carron, Scotland, UK","https://en.wikipedia.org/wiki/River_Carron,_Forth"
Geographical,River,"River Chelmer, England, UK",https://en.wikipedia.org/wiki/River_Chelmer
Geographical,River,"River Cherwell, England, UK",https://en.wikipedia.org/wiki/River_Cherwell
Geographical,River,"River Colne, England, UK","https://en.wikipedia.org/wiki/River_Colne,_Essex"
Geographical,River,"River Dee, Wales, UK","https://en.wikipedia.org/wiki/River_Dee,_Wales"
Geographical,River,"River Derwent, England, UK","https://en.wikipedia.org/wiki/River_Derwent,_Derbyshire"
Geographical,River,"River Doon, Scotland, UK",https://en.wikipedia.org/wiki/River_Doon
Geographical,River,"River Eden, England, UK","https://en.wikipedia.org/wiki/River_Eden,_Cumbria"
Geographical,River,"River Erne, Ireland",https://en.wikipedia.org/wiki/River_Erne
Geographical,River,"River Esk, England, UK","https://en.wikipedia.org/wiki/River_Esk,_North_Yorkshire"
Geographical,River,"River Exe, England, UK",https://en.wikipedia.org/wiki/River_Exe
Geographical,River,"River Forth, Scotland, UK",https://en.wikipedia.org/wiki/River_Forth
Geographical,River,"River Foyle, Ireland",https://en.wikipedia.org/wiki/River_Foyle
Geographical,River,"River Garry, Scotland, UK","https://en.wikipedia.org/wiki/River_Garry,_Perthshire"
Geographical,River,"River Itchen, England, UK","https://en.wikipedia.org/wiki/River_Itchen,_Hampshire"
Geographical,River,"River Kennet, England, UK",https://en.wikipedia.org/wiki/River_Kennet
Geographical,River,"River Lea, England, UK",https://en.wikipedia.org/wiki/River_Lea
Geographical,River,"River Leven, Scotland, UK","https://en.wikipedia.org/wiki/River_Leven,_Dunbartonshire"
Geographical,River,"River Liffey, Ireland",https://en.wikipedia.org/wiki/River_Liffey
Geographical,River,"River Medina, England, UK",https://en.wikipedia.org/wiki/River_Medina
Geographical,River,"River Medway, England, UK",https://en.wikipedia.org/wiki/River_Medway
Geographical,River,"River Mersey, England, UK",https://en.wikipedia.org/wiki/River_Mersey
Geographical,River,"River Moy, Ireland",https://en.wikipedia.org/wiki/River_Moy
Geographical,River,"River Ness, Scotland, UK",https://en.wikipedia.org/wiki/River_Ness
Geographical,River,"River Nith, Scotland, UK",https://en.wikipedia.org/wiki/River_Nith
Geographical,River,"River Orwell, England, UK",https://en.wikipedia.org/wiki/River_Orwell
Geographical,River,"River Orwell, England, UK",https://en.wikipedia.org/wiki/River_Orwell
Geographical,River,"River Ouse, England, UK","https://en.wikipedia.org/wiki/River_Ouse,_Yorkshire"
Geographical,River,"River Ribble, England, UK",https://en.wikipedia.org/wiki/River_Ribble
Geographical,River,"River Rother, England, UK","https://en.wikipedia.org/wiki/River_Rother,_South_Yorkshire"
Geographical,River,"River Severn, England, UK",https://en.wikipedia.org/wiki/River_Severn
Geographical,River,"River Shannon, Ireland",https://en.wikipedia.org/wiki/River_Shannon
Geographical,River,"River Stour, England, UK","https://en.wikipedia.org/wiki/River_Stour,_Worcestershire"
Geographical,River,"River Swale, England, UK",https://en.wikipedia.org/wiki/River_Swale
Geographical,River,"River Test, England, UK",https://en.wikipedia.org/wiki/River_Test
Geographical,River,"River Teviot, Scotland, UK",https://en.wikipedia.org/wiki/River_Teviot
Geographical,River,"River Thames, England, UK",https://en.wikipedia.org/wiki/River_Thames
Geographical,River,"River Torrens, South Australia, Australia",https://en.wikipedia.org/wiki/River_Torrens
Geographical,River,"River Ure, England, UK",https://en.wikipedia.org/wiki/River_Ure
Geographical,River,"River Usk, Wales, UK",https://en.wikipedia.org/wiki/River_Usk
Geographical,River,"River Waveney, England, UK",https://en.wikipedia.org/wiki/River_Waveney
Geographical,River,"River Wear, England, UK",https://en.wikipedia.org/wiki/River_Wear
Geographical,River,"River Welland, England, UK",https://en.wikipedia.org/wiki/River_Welland
Geographical,River,"River Wye, Wales, UK",https://en.wikipedia.org/wiki/River_Wye
Geographical,River,"Saguenay River, Quebec, Canada",https://en.wikipedia.org/wiki/Saguenay_River
Geographical,River,"Saint Francis River, North America",https://en.wikipedia.org/wiki/Saint_Francis_River_(Canada%E2%80%93United_States)
Geographical,River,"Sakawa River, Japan",https://en.wikipedia.org/wiki/Sakawa_River
Geographical,River,"Sangamon River, Illinois, US",https://en.wikipedia.org/wiki/Sangamon_River
Geographical,River,"Santee River, South Carolina, US",https://en.wikipedia.org/wiki/Santee_River
Geographical,River,"Saskatchewan River, Saskatchewan, Canada",https://en.wikipedia.org/wiki/Saskatchewan_River
Geographical,River,"Sendai River, Japan",
Geographical,River,"Shinano River, Japan",https://en.wikipedia.org/wiki/Shinano_River
Geographical,River,"Skeena River, British Columbia, Canada",https://en.wikipedia.org/wiki/Skeena_River
Geographical,River,"St. Clair River, North America",https://en.wikipedia.org/wiki/St._Clair_River
Geographical,River,"St. Croix River, North America",https://en.wikipedia.org/wiki/St._Croix_River_(Maine%E2%80%93New_Brunswick)
Geographical,River,"St. George River, Maine, US",https://en.wikipedia.org/wiki/St._George_River_(Maine)
Geographical,River,"St. Lawrence River, Quebec, Canada",https://en.wikipedia.org/wiki/St._Lawrence_River
Geographical,River,"Suwannee River, Florida, US",https://en.wikipedia.org/wiki/Suwannee_River
Geographical,River,"Suzuya River, Japan",
Geographical,River,"Swam River, Western Australia",https://en.wikipedia.org/wiki/Swan_River_(Western_Australia)
Geographical,River,"Tama River, Japan",https://en.wikipedia.org/wiki/Tama_River
Geographical,River,"Tatsuta River, Japan",https://en.wikipedia.org/wiki/Tatsuta_River
Geographical,River,"Tenryu River, Japan",https://en.wikipedia.org/wiki/Tenry%C5%AB_River
Geographical,River,"Tone River, Japan",https://en.wikipedia.org/wiki/Tone_River
Geographical,River,"Volta River, Ghana",https://en.wikipedia.org/wiki/Volta_River
Geographical,River,"Warrego River, Queensland, Australia",https://en.wikipedia.org/wiki/Warrego_River
Geographical,River,"Weser River, Germany",https://en.wikipedia.org/wiki/Weser
Geographical,River,"Yahagi River, Japan",https://en.wikipedia.org/wiki/Yahagi_River
Geographical,River,"Yarra River, Victoria, Australia",https://en.wikipedia.org/wiki/Yarra_River
Geographical,River,"Yoneshiro River, Japan",https://en.wikipedia.org/wiki/Yoneshiro_River
Geographical,River,"Yubari River, Japan",https://en.wikipedia.org/wiki/Y%C5%ABbari_River
Geographical,River,"Yura River, Japan",https://en.wikipedia.org/wiki/Yura_River_(Japan)
Geographical,River,"Zambezi, Mozambique",https://en.wikipedia.org/wiki/Zambezi#/media/File:Zambezi.svg
Geographical,Sandbar,"Amanohashidate, Kyoto Prefecture, Japan",https://en.wikipedia.org/wiki/Amanohashidate
Geographical,Sound,"Albemarle Sound, North Carolina, US",https://en.wikipedia.org/wiki/Albemarle_Sound
Geographical,Sound,"Altamaha Sound, Georgia, US",https://en.wikipedia.org/wiki/Altamaha_River
Geographical,Sound,"Barnes Sound, Florida, US",https://en.wikipedia.org/wiki/Barnes_Sound
Geographical,Sound,"Block Island Sound, Rhode Island, US",https://en.wikipedia.org/wiki/Block_Island_Sound
Geographical,Sound,"Bogue Sound, North Carolina, US",https://en.wikipedia.org/wiki/Bogue_Sound
Geographical,Sound,"Breton Sound, Louisiana, US",https://en.wikipedia.org/wiki/Breton_Sound
Geographical,Sound,"Calibogue Sound, South Carolina, US",https://en.wikipedia.org/wiki/Daufuskie_Island
Geographical,Sound,"Card Sound, Florida, US",https://en.wikipedia.org/wiki/Card_Sound_Bridge
Geographical,Sound,"Chandeleur Sound, Louisiana, US",https://en.wikipedia.org/wiki/Chandeleur_Sound
Geographical,Sound,"Copahee Sound, South Carolina, US",
Geographical,Sound,"Core Sound, North Carolina, US",https://en.wikipedia.org/wiki/Core_Sound
Geographical,Sound,"Croatan Sound, North Carolina, US",https://en.wikipedia.org/wiki/Croatan_Sound
Geographical,Sound,"Cumberland Sound, Georgia, US",https://en.wikipedia.org/wiki/Cumberland_River_(Georgia)
Geographical,Sound,"Currituck Sound, North Carolina, US",https://en.wikipedia.org/wiki/Currituck_Sound
Geographical,Sound,"Hamlin Sound, South Carolina, US",
Geographical,Sound,"Hobe Sound, Florida, US","https://en.wikipedia.org/wiki/Hobe_Sound,_Florida"
Geographical,Sound,"Nassau Sound, Florida, US",
Geographical,Sound,"Norton Sound, Alaska, US",https://en.wikipedia.org/wiki/Norton_Sound
Geographical,Sound,"Pine Island Sound, Florida, US",https://en.wikipedia.org/wiki/Pine_Island_Sound
Geographical,Sound,"Pocomoke Sound, Maryland, US",https://en.wikipedia.org/wiki/Pocomoke_Sound
Geographical,Sound,"Prince William Sound, Alaska, US",https://en.wikipedia.org/wiki/Prince_William_Sound
Geographical,Sound,"Puget Sound, Washington, US",https://en.wikipedia.org/wiki/Puget_Sound
Geographical,Sound,"Salisbury Sound, Alaska, US",https://en.wikipedia.org/wiki/Salisbury_Sound
Geographical,Sound,"St. George Sound, Florida, US",https://en.wikipedia.org/wiki/Apalachicola_Bay
Geographical,Sound,"St. Simons Sound, Georgia, US",https://en.wikipedia.org/wiki/St._Simons_Sound
Geographical,Sound,"Tangier Sound, Maryland, US",https://en.wikipedia.org/wiki/Tangier_Sound
Geographical,Sound,"Townsend Sound, New Jersey, US",https://en.wikipedia.org/wiki/Townsends_Inlet
Geographical,Strait,"Absecon Inlet, New Jersey, US",https://en.wikipedia.org/wiki/Absecon_Inlet
Geographical,Strait,"Bering Strait, Alaska, US",https://en.wikipedia.org/wiki/Bering_Strait
Geographical,Strait,"Corson Inlet, New Jersey, US",https://en.wikipedia.org/wiki/Corson_Inlet
Geographical,Strait,"Shelikof Strait, Alaska, US",https://en.wikipedia.org/wiki/Shelikof_Strait
Geographical,Strait,"Tsugaru Strait, Japan",https://en.wikipedia.org/wiki/Tsugaru_Strait
Geographical,Strait,"Wachapreague Channel, Virginia, US",https://en.wikipedia.org/wiki/Wachapreague_Channel
Geographical,Valley,"Engadine Valley, Switzerland",https://en.wikipedia.org/wiki/Engadin
Geographical,Valley,"Yosemite Valley, California, US",https://en.wikipedia.org/wiki/Yosemite_Valley
Historical,Castle,"Tintagel Castle, England, UK",https://en.wikipedia.org/wiki/Tintagel_Castle
Historical,Document,Argentine Declaration of Independence,https://en.wikipedia.org/wiki/Argentine_Declaration_of_Independence
Historical,Document,Argentine Declaration of Independence,https://en.wikipedia.org/wiki/Argentine_Declaration_of_Independence
Historical,Document,Constitution of the United States,https://en.wikipedia.org/wiki/Constitution_of_the_United_States
Historical,Dynasty,House of Baden,https://en.wikipedia.org/wiki/House_of_Z%C3%A4hringen#House_of_Baden
Historical,Dynasty,House of Mecklenburg,https://en.wikipedia.org/wiki/House_of_Mecklenburg
Historical,Dynasty,House of Stuart,https://en.wikipedia.org/wiki/House_of_Stuart
Historical,Dynasty,House of Wettin,https://en.wikipedia.org/wiki/House_of_Wettin
Historical,Dynasty,House of Wittelsbach,https://en.wikipedia.org/wiki/House_of_Wittelsbach
Historical,Dynasty,House of Zahringen,https://en.wikipedia.org/wiki/House_of_Z%C3%A4hringen
Historical,Event,Diecisiete de Octubre,https://en.wikipedia.org/wiki/Loyalty_Day_(Argentina)
Historical,Event,Independence of Brazil,https://en.wikipedia.org/wiki/Independence_of_Brazil
Historical,Event,"Kitty Hawk, North Carolina","https://en.wikipedia.org/wiki/Kitty_Hawk,_North_Carolina"
Historical,Land Battle,"Actions along the Matanikau, World War II",https://en.wikipedia.org/wiki/Actions_along_the_Matanikau
Historical,Land Battle,"Battle of Agincourt, Hundred Years War",https://en.wikipedia.org/wiki/Battle_of_Agincourt
Historical,Land Battle,"Battle of Agincourt, Hundred Years' War",https://en.wikipedia.org/wiki/Battle_of_Agincourt
Historical,Land Battle,"Battle of Albuera, Peninsular War",https://en.wikipedia.org/wiki/Battle_of_Albuera
Historical,Land Battle,"Battle of Aliwal, First Anglo-Sikh War",https://en.wikipedia.org/wiki/First_Anglo-Sikh_War
Historical,Land Battle,"Battle of Antietam, American Civil War",https://en.wikipedia.org/wiki/Battle_of_Antietam
Historical,Land Battle,"Battle of Badr, Muslim–Quraysh War",https://en.wikipedia.org/wiki/Battle_of_Badr
Historical,Land Battle,"Battle of Bairoko, World War II",https://en.wikipedia.org/wiki/Battle_of_Bairoko
Historical,Land Battle,"Battle of Barfleur, Nine Years' War",https://en.wikipedia.org/wiki/Battles_of_Barfleur_and_La_Hougue
Historical,Land Battle,"Battle of Barrosa, Peninsular War",https://en.wikipedia.org/wiki/Battle_of_Barrosa
Historical,Land Battle,"Battle of Barrosa, Peninsular War",https://en.wikipedia.org/wiki/Battle_of_Barrosa
Historical,Land Battle,"Battle of Bataan, World War II",https://en.wikipedia.org/wiki/Battle_of_Bataan
Historical,Land Battle,"Battle of Bataan, World War II",https://en.wikipedia.org/wiki/Battle_of_Bataan
Historical,Land Battle,"Battle of Belleau Wood, World War I",https://en.wikipedia.org/wiki/Battle_of_Belleau_Wood
Historical,Land Battle,"Battle of Bennington, American Revolutionary War",https://en.wikipedia.org/wiki/Battle_of_Bennington
Historical,Land Battle,"Battle of Blenheim, War of the Spanish Succession",https://en.wikipedia.org/wiki/Battle_of_Blenheim
Historical,Land Battle,"Battle of Bunker Hill, American Revolutionary War",https://en.wikipedia.org/wiki/Battle_of_Bunker_Hill
Historical,Land Battle,"Battle of Chacabuco, Chilean War of Independence",https://en.wikipedia.org/wiki/Battle_of_Chacabuco
Historical,Land Battle,"Battle of Chancellorsville, American Civil War",https://en.wikipedia.org/wiki/Battle_of_Chancellorsville
Historical,Land Battle,"Battle of Chippawa, War of 1812",https://en.wikipedia.org/wiki/Battle_of_Chippawa
Historical,Land Battle,"Battle of Chosin Reservoir, Korean War",https://en.wikipedia.org/wiki/Battle_of_Chosin_Reservoir
Historical,Land Battle,"Battle of Corunna, Peninsular War",https://en.wikipedia.org/wiki/Battle_of_Corunna
Historical,Land Battle,"Battle of Cowpens, American Revolutionary War",https://en.wikipedia.org/wiki/Battle_of_Cowpens
Historical,Land Battle,"Battle of Crecy, Hundred Years' War",https://en.wikipedia.org/wiki/Battle_of_Cr%C3%A9cy
Historical,Land Battle,"Battle of Derna, First Barbary War",https://en.wikipedia.org/wiki/Battle_of_Derna_(1805)
Historical,Land Battle,"Battle of Dumlupınar, Greco-Turkish War of 1919-1922",https://en.wikipedia.org/wiki/Battle_of_Dumlup%C4%B1nar
Historical,Land Battle,"Battle of Dunkirk, World War II",https://en.wikipedia.org/wiki/Battle_of_Dunkirk
Historical,Land Battle,"Battle of Friedland, War of the Fourth Coalition",https://en.wikipedia.org/wiki/Battle_of_Friedland
Historical,Land Battle,"Battle of Gettysburg, American Civil War",https://en.wikipedia.org/wiki/Battle_of_Gettysburg
Historical,Land Battle,"Battle of Hue, Vietnam War",https://en.wikipedia.org/wiki/Battle_of_Hu%E1%BA%BF
Historical,Land Battle,"Battle of Isly, Franco-Moroccan War",https://en.wikipedia.org/wiki/Battle_of_Isly
Historical,Land Battle,"Battle of Jena-Auerstedt, War of the Fourth Coalition",https://en.wikipedia.org/wiki/Battle_of_Jena%E2%80%93Auerstedt
Historical,Land Battle,"Battle of Kandahar, Second Anglo-Afghan War",https://en.wikipedia.org/wiki/Battle_of_Kandahar_(1880)
Historical,Land Battle,"Battle of Khaybar, Muslim–Quraysh War",https://en.wikipedia.org/wiki/Battle_of_Khaybar
Historical,Land Battle,"Battle of Kilkis-Lachanas, Second Balkan War",https://en.wikipedia.org/wiki/Battle_of_Kilkis%E2%80%93Lachanas
Historical,Land Battle,"Battle of La Hougue, Nine Years' War",https://en.wikipedia.org/wiki/Battles_of_Barfleur_and_La_Hougue
Historical,Land Battle,"Battle of Lexington, American Revolutionary War",https://en.wikipedia.org/wiki/Battles_of_Lexington_and_Concord#Lexington
Historical,Land Battle,"Battle of Magenta, Second Italian War of Independence",https://en.wikipedia.org/wiki/Battle_of_Magenta
Historical,Land Battle,"Battle of Malplaquet, War of the Spanish Succession",https://en.wikipedia.org/wiki/Battle_of_Malplaquet
Historical,Land Battle,"Battle of Marengo, War of the Second Coalition",https://en.wikipedia.org/wiki/Battle_of_Marengo
Historical,Land Battle,"Battle of Mindoro, World War II",https://en.wikipedia.org/wiki/Battle_of_Mindoro
Historical,Land Battle,"Battle of Mons, World War I",https://en.wikipedia.org/wiki/Battle_of_Mons
Historical,Land Battle,"Battle of Monterrey, Mexican-American War",https://en.wikipedia.org/wiki/Battle_of_Monterrey
Historical,Land Battle,"Battle of Munda Point, World War II",https://en.wikipedia.org/wiki/Battle_of_Munda_Point
Historical,Land Battle,"Battle of New Orleans, War of 1812",https://en.wikipedia.org/wiki/Battle_of_New_Orleans
Historical,Land Battle,"Battle of Novara, First Italian War of Independence",https://en.wikipedia.org/wiki/Battle_of_Novara_(1849)
Historical,Land Battle,"Battle of Omdurman, Anglo-Egyptian conquest of Sudan",https://en.wikipedia.org/wiki/Battle_of_Omdurman
Historical,Land Battle,"Battle of Oriskany, American Revolutionary War",https://en.wikipedia.org/wiki/Battle_of_Oriskany
Historical,Land Battle,"Battle of Oudenarde, War of the Spanish Succession",https://en.wikipedia.org/wiki/Battle_of_Oudenarde
Historical,Land Battle,"Battle of Poitiers, Hundred Years' War",https://en.wikipedia.org/wiki/Battle_of_Poitiers
Historical,Land Battle,"Battle of Princeton, American Revolutionary War",https://en.wikipedia.org/wiki/Battle_of_Princeton
Historical,Land Battle,"Battle of Ramillies, War of the Spanish Succession",https://en.wikipedia.org/wiki/Battle_of_Ramillies
Historical,Land Battle,"Battle of Saint-Lo, World War II",https://en.wikipedia.org/wiki/Battle_of_Saint-L%C3%B4
Historical,Land Battle,"Battle of San Jacinto, Texas Revolution",https://en.wikipedia.org/wiki/Battle_of_San_Jacinto
Historical,Land Battle,"Battle of Savastepe, Greco-Turkish War of 1919-1922",
Historical,Land Battle,"Battle of Shiloh, American Civil War",https://en.wikipedia.org/wiki/Battle_of_Shiloh
Historical,Land Battle,"Battle of Solferino, Second Italian War of Independence",https://en.wikipedia.org/wiki/Battle_of_Solferino
Historical,Land Battle,"Battle of Talavera, Peninsular War",https://en.wikipedia.org/wiki/Battle_of_Talavera
Historical,Land Battle,"Battle of the Alma, Crimean War",https://en.wikipedia.org/wiki/Battle_of_the_Alma
Historical,Land Battle,"Battle of the Somme, World War I",https://en.wikipedia.org/wiki/Battle_of_the_Somme
Historical,Land Battle,"Battle of the Somme, World War I",https://en.wikipedia.org/wiki/Battle_of_the_Somme
Historical,Land Battle,"Battle of the Yser, World War I",https://en.wikipedia.org/wiki/Battle_of_the_Yser
Historical,Land Battle,"Battle of Verdun, World War I",https://en.wikipedia.org/wiki/Battle_of_Verdun
Historical,Land Battle,"Battle of Vimeiro, Peninsular War",https://en.wikipedia.org/wiki/Battle_of_Vimeiro
Historical,Land Battle,"Battle of Vimy Ridge, World War I",https://en.wikipedia.org/wiki/Battle_of_Vimy_Ridge
Historical,Land Battle,"Battle of Vitoria, War of the Sixth Coalition",https://en.wikipedia.org/wiki/Battle_of_Vitoria
Historical,Land Battle,"Battle of Waterloo, War of the Seventh Coalition",https://en.wikipedia.org/wiki/Battle_of_Waterloo
Historical,Land Battle,"Battle of White Plains, American Revolutionary War",https://en.wikipedia.org/wiki/Battle_of_White_Plains
Historical,Land Battle,"Battle of Wissembourg, Franco-Prussian War",https://en.wikipedia.org/wiki/Battle_of_Wissembourg_(1870)
Historical,Land Battle,"Battle of Worth, Franco-Prussian War",https://en.wikipedia.org/wiki/Battle_of_W%C3%B6rth
Historical,Land Battle,"Battles of Saratoga, American Revolutionary War",https://en.wikipedia.org/wiki/Battles_of_Saratoga
Historical,Land Battle,"Capture of Fort Crown Point, American Revolutionary War",https://en.wikipedia.org/wiki/Capture_of_Fort_Ticonderoga
Historical,Land Battle,"Capture of Fort Ticonderoga, American Revolutionary War",https://en.wikipedia.org/wiki/Capture_of_Fort_Ticonderoga
Historical,Land Battle,"First Battle of the Aisne, World War I",https://en.wikipedia.org/wiki/First_Battle_of_the_Aisne
Historical,Land Battle,"First Battle of the Marne, World War I",https://en.wikipedia.org/wiki/First_Battle_of_the_Marne
Historical,Land Battle,"Second Battle of El Alamein, World War II",https://en.wikipedia.org/wiki/Second_Battle_of_El_Alamein
Historical,Land Battle,"Siege of Bastogne, World War II",https://en.wikipedia.org/wiki/Siege_of_Bastogne
Historical,Land Battle,"Siege of Cadiz, Peninsular War",https://en.wikipedia.org/wiki/Siege_of_C%C3%A1diz
Historical,Land Battle,"Siege of Fort Vincennes, American Revolutionary War",https://en.wikipedia.org/wiki/Siege_of_Fort_Vincennes
Historical,Land Battle,"Siege of Kimberley, Second Boer War",https://en.wikipedia.org/wiki/Siege_of_Kimberley
Historical,Land Battle,"Siege of Namur (1695), Nine Years' War",https://en.wikipedia.org/wiki/Siege_of_Namur_(1695)
Historical,Land Battle,"Siege of Petropavlovsk, Crimean War",https://en.wikipedia.org/wiki/Siege_of_Petropavlovsk
Historical,Land Battle,"Siege of Tobruk, World War II",https://en.wikipedia.org/wiki/Siege_of_Tobruk
Historical,Land Battle,"Siege of Vicksburg, American Civil War",https://en.wikipedia.org/wiki/Siege_of_Vicksburg
Historical,Land Battle,"Siege of Yorktown, American Revolutionary War",https://en.wikipedia.org/wiki/Siege_of_Yorktown
Historical,Military Campaign,"Admiralty Islands Campaign, World War II",https://en.wikipedia.org/wiki/Admiralty_Islands_campaign
Historical,Military Campaign,"Battle of Sicily, World War II",https://en.wikipedia.org/wiki/Allied_invasion_of_Sicily
Historical,Military Campaign,"Bougainville Campaign, World War II",https://en.wikipedia.org/wiki/Bougainville_campaign
Historical,Military Campaign,Gallipoli Campaign,https://en.wikipedia.org/wiki/Gallipoli_campaign
Historical,Military Campaign,"Gilbert Islands Campaign, World War II",https://en.wikipedia.org/wiki/Gilbert_and_Marshall_Islands_campaign
Historical,Military Campaign,"Guadalcanal Campaign, World War II",https://en.wikipedia.org/wiki/Guadalcanal_campaign
Historical,Military Campaign,"Solomon Islands Campaign, World War II",https://en.wikipedia.org/wiki/Solomon_Islands_campaign
Historical,Military Campaign,"Spanish Armada, Anglo-Spanish War (1585–1604)",https://en.wikipedia.org/wiki/Spanish_Armada
Historical,Monument,Colossus of Rhodes,https://en.wikipedia.org/wiki/Colossus_of_Rhodes
Historical,Naval Academy,"Naval Academy Etajima, Hiroshima Prefecture, Japan",https://en.wikipedia.org/wiki/Naval_Academy_Etajima
Historical,Naval Battle,Action at Barfleur. War of the Grand Alliance,https://en.wikipedia.org/wiki/Action_at_Barfleur
Historical,Naval Battle,"Battle of Badung Strait, World War II",https://en.wikipedia.org/wiki/Battle_of_Badung_Strait
Historical,Naval Battle,"Battle of Camperdown, War of the First Coalition",https://en.wikipedia.org/wiki/Battle_of_Camperdown
Historical,Naval Battle,"Battle of Cape Esperance, World War II",https://en.wikipedia.org/wiki/Battle_of_Cape_Esperance
Historical,Naval Battle,"Battle of Cape Matapan, World War II",https://en.wikipedia.org/wiki/Battle_of_Cape_Matapan
Historical,Naval Battle,"Battle of Cape St. George, World War II",https://en.wikipedia.org/wiki/Battle_of_Cape_St._George
Historical,Naval Battle,"Battle of Gravelines, Anglo-Spanish War (1585–1604)",https://en.wikipedia.org/wiki/Spanish_Armada#Battle_of_Gravelines
Historical,Naval Battle,"Battle of Jutland, World War I",https://en.wikipedia.org/wiki/Battle_of_Jutland
Historical,Naval Battle,"Battle of Kula Gulf, World War II",https://en.wikipedia.org/wiki/Battle_of_Kula_Gulf
Historical,Naval Battle,"Battle of Lagos, Seven Years' War",https://en.wikipedia.org/wiki/Battle_of_Lagos
Historical,Naval Battle,"Battle of Lake Champlain, War of 1812",https://en.wikipedia.org/wiki/Battle_of_Plattsburgh
Historical,Naval Battle,"Battle of Lake Erie, War of 1812",https://en.wikipedia.org/wiki/Battle_of_Lake_Erie
Historical,Naval Battle,"Battle of Lemnos, First Balkan War",https://en.wikipedia.org/wiki/Battle_of_Lemnos_(1913)
Historical,Naval Battle,"Battle of Lepanto, Fourth Ottoman-Venetian War",https://en.wikipedia.org/wiki/Battle_of_Lepanto
Historical,Naval Battle,"Battle of Leyte Gulf, World War II",https://en.wikipedia.org/wiki/Battle_of_Leyte_Gulf
Historical,Naval Battle,"Battle of Makassar Strait, World War II",https://en.wikipedia.org/wiki/Battle_of_Makassar_Strait
Historical,Naval Battle,"Battle of Manila Bay, Spanish-American War",https://en.wikipedia.org/wiki/Battle_of_Manila_Bay
Historical,Naval Battle,"Battle of Midway, World War II",https://en.wikipedia.org/wiki/Battle_of_Midway
Historical,Naval Battle,"Battle of Mobile Bay, American Civil War",https://en.wikipedia.org/wiki/Battle_of_Mobile_Bay
Historical,Naval Battle,"Battle of Navarino, Greek War of Independence",https://en.wikipedia.org/wiki/Battle_of_Navarino
Historical,Naval Battle,"Battle of Navarino, Greek War of Independence",https://en.wikipedia.org/wiki/Battle_of_Navarino
Historical,Naval Battle,"Battle of Quiberon Bay, Seven Years War",https://en.wikipedia.org/wiki/Battle_of_Quiberon_Bay
Historical,Naval Battle,"Battle of San Domingo, War of the Third Coalition",https://en.wikipedia.org/wiki/War_of_the_Third_Coalition
Historical,Naval Battle,"Battle of Savo Island, World War II",https://en.wikipedia.org/wiki/Battle_of_Savo_Island
Historical,Naval Battle,"Battle of Sluys, Hundred Years' War",https://en.wikipedia.org/wiki/Battle_of_Sluys
Historical,Naval Battle,"Battle of Solebay, Third Anglo-Dutch War",https://en.wikipedia.org/wiki/Battle_of_Solebay
Historical,Naval Battle,"Battle of St. Lucia, Anglo-French War (1778–1783)",https://en.wikipedia.org/wiki/Battle_of_St._Lucia
Historical,Naval Battle,"Battle of Tassafaronga, World War II",https://en.wikipedia.org/wiki/Battle_of_Tassafaronga
Historical,Naval Battle,"Battle of the Bismarck Sea, World War II",https://en.wikipedia.org/wiki/Battle_of_the_Bismarck_Sea
Historical,Naval Battle,"Battle of the Coral Sea, World War II",https://en.wikipedia.org/wiki/Battle_of_the_Coral_Sea
Historical,Naval Battle,"Battle of the Gabbard, First Anglo-Dutch War",https://en.wikipedia.org/wiki/Battle_of_the_Gabbard
Historical,Naval Battle,"Battle of the Nile, War of the Second Coalition",https://en.wikipedia.org/wiki/Battle_of_the_Nile
Historical,Naval Battle,"Battle of the Philippine Sea, World War II",https://en.wikipedia.org/wiki/Battle_of_the_Philippine_Sea
Historical,Naval Battle,"Battle of the River Plate, World War II",https://en.wikipedia.org/wiki/Battle_of_the_River_Plate
Historical,Naval Battle,"Battle of the Saintes, Anglo-French War (1778–1783)",https://en.wikipedia.org/wiki/Battle_of_the_Saintes
Historical,Naval Battle,"Battle of the Tagus, Liberal Wars",https://en.wikipedia.org/wiki/Battle_of_the_Tagus_(1831)
Historical,Naval Battle,"Battle of Trafalgar, War of the Third Coalition",https://en.wikipedia.org/wiki/Battle_of_Trafalgar
Historical,Naval Battle,"Battle of Trincomalee, Anglo-French War (1778–1783)",https://en.wikipedia.org/wiki/Battle_of_Trincomalee
Historical,Naval Battle,"Battle of Vella Gulf, World War II",https://en.wikipedia.org/wiki/Battle_of_Vella_Gulf
Historical,Naval Battle,"Battle of Vigo Bay, War of the Spanish Succession",https://en.wikipedia.org/wiki/Battle_of_Vigo_Bay
Historical,Naval Battle,"Naval Battle of Casablanca, World War II",https://en.wikipedia.org/wiki/Naval_Battle_of_Casablanca
Historical,Naval Battle,"Second Battle of Cape Finisterre, War of the Austrian Succession",https://en.wikipedia.org/wiki/War_of_the_Austrian_Succession
Historical,Naval Battle,"St. James' Day Battle, Second Anglo-Dutch War",https://en.wikipedia.org/wiki/St._James%27_Day_Battle
Historical,Naval Invasion,"Battle of Anzio, World War II",https://en.wikipedia.org/wiki/Battle_of_Anzio
Historical,Naval Invasion,"Battle of Attu, World War II",https://en.wikipedia.org/wiki/Battle_of_Attu
Historical,Naval Invasion,"Battle of Cape Gloucester, World War II",https://en.wikipedia.org/wiki/Battle_of_Cape_Gloucester
Historical,Naval Invasion,"Battle of Corregidor, World War II",https://en.wikipedia.org/wiki/Battle_of_Corregidor
Historical,Naval Invasion,"Battle of Eniwetok, World War II",https://en.wikipedia.org/wiki/Battle_of_Eniwetok
Historical,Naval Invasion,"Battle of Hollandia, World War II",https://en.wikipedia.org/wiki/Battle_of_Hollandia
Historical,Naval Invasion,"Battle of Iwo Jima, World War II",https://en.wikipedia.org/wiki/Battle_of_Iwo_Jima
Historical,Naval Invasion,"Battle of Kwajalein, World War II",https://en.wikipedia.org/wiki/Battle_of_Kwajalein
Historical,Naval Invasion,"Battle of Normandy, World War II",https://en.wikipedia.org/wiki/Operation_Overlord
Historical,Naval Invasion,"Battle of Okinawa, World War II",https://en.wikipedia.org/wiki/Battle_of_Okinawa
Historical,Naval Invasion,"Battle of Peleliu, World War II",https://en.wikipedia.org/wiki/Battle_of_Peleliu
Historical,Naval Invasion,"Battle of Port Royal, American Civil War",https://en.wikipedia.org/wiki/Battle_of_Port_Royal
Historical,Naval Invasion,"Battle of Roi, World War II",https://en.wikipedia.org/wiki/Battle_of_Kwajalein
Historical,Naval Invasion,"Battle of Saint Kitts, Anglo-French War (1778–1783)",https://en.wikipedia.org/wiki/Battle_of_Saint_Kitts
Historical,Naval Invasion,"Battle of Saipan, World War II",https://en.wikipedia.org/wiki/Battle_of_Saipan
Historical,Naval Invasion,"Battle of Tarawa, World War II",https://en.wikipedia.org/wiki/Battle_of_Tarawa
Historical,Naval Invasion,"Battle of the Taku Forts, Boxer Rebellion",https://en.wikipedia.org/wiki/Battle_of_the_Taku_Forts_(1900)
Historical,Naval Invasion,"Battle of Tinian, World War II",https://en.wikipedia.org/wiki/Battle_of_Tinian
Historical,Naval Invasion,"Battle of Tulagi and Gavutu-Tanambogo, World War II",https://en.wikipedia.org/wiki/Battle_of_Tulagi_and_Gavutu%E2%80%93Tanambogo
Historical,Naval Invasion,"Battle of Wake Island, World War II",https://en.wikipedia.org/wiki/Battle_of_Wake_Island
Historical,Naval Invasion,"Bombardment of Sfax, French conquest of Tunisia",https://en.wikipedia.org/wiki/French_cruiser_Sfax
Historical,Naval Invasion,"Capture of Belle Ile, Seven Years' War",https://en.wikipedia.org/wiki/Capture_of_Belle_%C3%8Ele
Historical,Naval Invasion,"Fishguard, Wales, UK",https://en.wikipedia.org/wiki/Fishguard
Historical,Naval Invasion,"Invasion of Lingayen Gulf, World War II",https://en.wikipedia.org/wiki/Invasion_of_Lingayen_Gulf
Historical,Naval Invasion,"Invasion of Salamaua-Lae, World War II",https://en.wikipedia.org/wiki/Invasion_of_Salamaua%E2%80%93Lae
Historical,Naval Invasion,"Landing at Saidor, World War II",https://en.wikipedia.org/wiki/Landing_at_Saidor
Historical,Naval Invasion,"Landings on Rendova, World War II",https://en.wikipedia.org/wiki/Landings_on_Rendova
Historical,Naval Invasion,"Normandy Landings, World War II",https://en.wikipedia.org/wiki/Normandy_landings
Historical,Naval Invasion,"Operation Avalanche, World War II",https://en.wikipedia.org/wiki/Operation_Avalanche
Historical,Naval Invasion,"Second Battle of Guam, World War II",https://en.wikipedia.org/wiki/Battle_of_Guam_(1944)
Historical,Naval Invasion,"Siboney, Spanish-American War","https://en.wikipedia.org/wiki/Siboney,_Cuba"
Historical,Naval Raid,"Raid on Makin Island, World War II",https://en.wikipedia.org/wiki/Raid_on_Makin_Island
Historical,Naval Raid,"Raid on Marcus Island, World War II",https://en.wikipedia.org/wiki/Minamitorishima
Historical,Racehorse,The Tetrarch,https://en.wikipedia.org/wiki/The_Tetrarch
Historical,Ship,HMAS Canberra (D33),https://en.wikipedia.org/wiki/HMAS_Canberra_(D33)
Historical,Ship,HMS Unicorn (1776),https://en.wikipedia.org/wiki/HMS_Unicorn_(1776)
Historical,Ship,USS Constitution (1794),https://en.wikipedia.org/wiki/USS_Constitution
Historical,War,Argentine Revolutionary War,https://en.wikipedia.org/wiki/May_Revolution
Individual,Admiral,Aaron Stanton Merrill,https://en.wikipedia.org/wiki/Aaron_S._Merrill
Individual,Admiral,Aaron Ward,https://en.wikipedia.org/wiki/Aaron_Ward_(sailor)
Individual,Admiral,Abraham Duquesne,https://en.wikipedia.org/wiki/Abraham_Duquesne
Individual,Admiral,Abraham Whipple,https://en.wikipedia.org/wiki/Abraham_Whipple
Individual,Admiral,"Adam Duncan, 1st Viscount Duncan","https://en.wikipedia.org/wiki/Adam_Duncan,_1st_Viscount_Duncan"
Individual,Admiral,Adriaen van Trappen Banckert,https://en.wikipedia.org/wiki/Adriaen_Banckert
Individual,Admiral,Alain Emmanuel de Coetlogon,https://en.wikipedia.org/wiki/Alain_Emmanuel_de_Co%C3%ABtlogon
Individual,Admiral,Albert Gleaves,https://en.wikipedia.org/wiki/Albert_Gleaves
Individual,Admiral,Albert Mertz,https://en.wikipedia.org/wiki/USS_Mertz#Namesake
Individual,Admiral,Albert Parker Niblack,https://en.wikipedia.org/wiki/Albert_Parker_Niblack
Individual,Admiral,Albert Smith Barker,https://en.wikipedia.org/wiki/Albert_S._Barker
Individual,Admiral,Albert Weston Grant,https://en.wikipedia.org/wiki/Albert_W._Grant
Individual,Admiral,Alexander Colden Rhind,https://en.wikipedia.org/wiki/Alexander_Rhind
Individual,Admiral,Alexander Murray,https://en.wikipedia.org/wiki/Alexander_Murray_(1816%E2%80%931884)
Individual,Admiral,Alexander Scammel Wadsworth,https://en.wikipedia.org/wiki/Alexander_S._Wadsworth
Individual,Admiral,Alfred Thayer Mahan,https://en.wikipedia.org/wiki/Alfred_Thayer_Mahan
Individual,Admiral,Alfred von Tirpitz,https://en.wikipedia.org/wiki/Alfred_von_Tirpitz
Individual,Admiral,Amable Gilles Troude,https://en.wikipedia.org/wiki/Amable_Troude
Individual,Admiral,Amedee Courbet,https://en.wikipedia.org/wiki/Am%C3%A9d%C3%A9e_Courbet
Individual,Admiral,Andreas Vokos Miaoulis,https://en.wikipedia.org/wiki/Andreas_Miaoulis
Individual,Admiral,Andrew Ellicott Kennedy Benham,https://en.wikipedia.org/wiki/Andrew_E._K._Benham
Individual,Admiral,Andrew Hull Foote,https://en.wikipedia.org/wiki/Andrew_Hull_Foote
Individual,Admiral,Anne Hilarion de Tourville,https://en.wikipedia.org/wiki/Anne_Hilarion_de_Tourville
Individual,Admiral,Arleigh Albert Burke,https://en.wikipedia.org/wiki/Arleigh_Burke
Individual,Admiral,Armand Simon Marie Blanquet du Chayla,https://en.wikipedia.org/wiki/Armand_Blanquet_du_Chayla
Individual,Admiral,Arthur Sinclair,https://en.wikipedia.org/wiki/Arthur_Sinclair
Individual,Admiral,Arthur William Radford,https://en.wikipedia.org/wiki/Arthur_W._Radford
Individual,Admiral,Auguste Leopold Protet,https://en.wikipedia.org/wiki/Auguste_L%C3%A9opold_Protet
Individual,Admiral,Augustus Francis Fechteler,https://en.wikipedia.org/wiki/Augustus_F._Fechteler
Individual,Admiral,Augustus Henry Kilty,https://en.wikipedia.org/wiki/Augustus_Kilty
Individual,Admiral,"Augustus Keppel, 1st Viscount Keppel","https://en.wikipedia.org/wiki/Augustus_Keppel,_1st_Viscount_Keppel"
Individual,Admiral,Augustus Ludlow Case,https://en.wikipedia.org/wiki/Augustus_Case
Individual,Admiral,Austin Melvin Knight,https://en.wikipedia.org/wiki/Austin_M._Knight
Individual,Admiral,"Baldwin Wake Walker, 1st Baronet",https://en.wikipedia.org/wiki/Baldwin_Wake_Walker
Individual,Admiral,Bancroft Gherardi,https://en.wikipedia.org/wiki/Bancroft_Gherardi
Individual,Admiral,Benjamin Franklin Isherwood,https://en.wikipedia.org/wiki/Benjamin_F._Isherwood
Individual,Admiral,Benjamin Peffer Lamberton,https://en.wikipedia.org/wiki/Benjamin_P._Lamberton
Individual,Admiral,Bernard Dubourdieu,https://en.wikipedia.org/wiki/Bernard_Dubourdieu
Individual,Admiral,Bernard Jaureguiberry,https://en.wikipedia.org/wiki/Bernard_Jaur%C3%A9guiberry
Individual,Admiral,Blas de Lezo y Olavarrieta,https://en.wikipedia.org/wiki/Blas_de_Lezo
Individual,Admiral,Bowman Hendry McCalla,https://en.wikipedia.org/wiki/Bowman_H._McCalla
Individual,Admiral,Bradley Allen Fiske,https://en.wikipedia.org/wiki/Bradley_A._Fiske
Individual,Admiral,Cadwalader Ringgold,https://en.wikipedia.org/wiki/Cadwalader_Ringgold
Individual,Admiral,Carl Theodore Vogelgesang,https://en.wikipedia.org/wiki/Carl_Theodore_Vogelgesang
Individual,Admiral,Cary Travers Grayson,https://en.wikipedia.org/wiki/Cary_T._Grayson
Individual,Admiral,Caspar Frederick Goodrich,https://en.wikipedia.org/wiki/Caspar_F._Goodrich
Individual,Admiral,Casto Secundino Maria Mendez Nunez,https://en.wikipedia.org/wiki/Casto_M%C3%A9ndez_N%C3%BA%C3%B1ez
Individual,Admiral,Cesar-Joseph Bourayne,https://en.wikipedia.org/wiki/C%C3%A9sar-Joseph_Bourayne
Individual,Admiral,Charles Bowers Momsen,https://en.wikipedia.org/wiki/Charles_Momsen
Individual,Admiral,Charles Dwight Sigsbee,https://en.wikipedia.org/wiki/Charles_Dwight_Sigsbee
Individual,Admiral,Charles Edgar Clark,https://en.wikipedia.org/wiki/Charles_Edgar_Clark
Individual,Admiral,Charles Edmund Nugent,https://en.wikipedia.org/wiki/Charles_Edmund_Nugent
Individual,Admiral,Charles Frederick Hughes,https://en.wikipedia.org/wiki/Charles_Frederick_Hughes
Individual,Admiral,Charles Henry Davis,https://en.wikipedia.org/wiki/Charles_Henry_Davis
Individual,Admiral,"Charles Howard, 1st Earl of Nottingham","https://en.wikipedia.org/wiki/Charles_Howard,_1st_Earl_of_Nottingham"
Individual,Admiral,Charles John Napier,https://en.wikipedia.org/wiki/Charles_Napier_(Royal_Navy_officer)
Individual,Admiral,Charles John Napier,https://en.wikipedia.org/wiki/Charles_Napier_(Royal_Navy_officer)
Individual,Admiral,Charles Johnston Badger,https://en.wikipedia.org/wiki/Charles_Johnston_Badger
Individual,Admiral,"Charles Middleton, 1st Baron Barham","https://en.wikipedia.org/wiki/Charles_Middleton,_1st_Baron_Barham"
Individual,Admiral,Charles Morris,https://en.wikipedia.org/wiki/Charles_Morris_(naval_officer)
Individual,Admiral,Charles Peshall Plunkett,https://en.wikipedia.org/wiki/Charles_Peshall_Plunkett
Individual,Admiral,Charles Preston Nelson,https://en.wikipedia.org/wiki/Charles_P._Nelson_(admiral)
Individual,Admiral,Charles Purcell Cecil,https://en.wikipedia.org/wiki/Charles_P._Cecil
Individual,Admiral,Charles Rene Magon de Medine,https://en.wikipedia.org/wiki/Charles_Ren%C3%A9_Magon_de_M%C3%A9dine
Individual,Admiral,Charles Rigault de Genouilly,https://en.wikipedia.org/wiki/Charles_Rigault_de_Genouilly
Individual,Admiral,Charles Saunders,https://en.wikipedia.org/wiki/Charles_Saunders_(Royal_Navy_officer)
Individual,Admiral,Charles Stewart,https://en.wikipedia.org/wiki/Charles_Stewart_(United_States_Navy_officer)
Individual,Admiral,Charles Stewart Boggs,https://en.wikipedia.org/wiki/Charles_S._Boggs
Individual,Admiral,Charles Stillman Sperry,https://en.wikipedia.org/wiki/Charles_Stillman_Sperry
Individual,Admiral,Charles Turner Joy,https://en.wikipedia.org/wiki/C._Turner_Joy
Individual,Admiral,Charles Wager,https://en.wikipedia.org/wiki/Charles_Wager
Individual,Admiral,Charles Watson,https://en.wikipedia.org/wiki/Charles_Watson_(Royal_Navy_officer)
Individual,Admiral,Charles Wilkes,https://en.wikipedia.org/wiki/Charles_Wilkes
Individual,Admiral,Charles-Alexandre Leon Durand Linois,https://en.wikipedia.org/wiki/Charles-Alexandre_L%C3%A9on_Durand_Linois
Individual,Admiral,Chester W. Nimitz,https://en.wikipedia.org/wiki/Chester_W._Nimitz
Individual,Admiral,Christopher Myngs,https://en.wikipedia.org/wiki/Christopher_Myngs
Individual,Admiral,Claude Vernon Ricketts,https://en.wikipedia.org/wiki/Claude_V._Ricketts
Individual,Admiral,"Claude, comte de Forbin-Gardanne",https://en.wikipedia.org/wiki/Claude_de_Forbin
Individual,Admiral,Cornelius Kinchiloe Stribling,https://en.wikipedia.org/wiki/Cornelius_Stribling
Individual,Admiral,Cosme Damian de Churruca y Elorza,https://en.wikipedia.org/wiki/Cosme_Dami%C3%A1n_Churruca
Individual,Admiral,"Cuthbert Collingwood, 1st Baron Collingwood","https://en.wikipedia.org/wiki/Cuthbert_Collingwood,_1st_Baron_Collingwood"
Individual,Admiral,Daniel Ammen,https://en.wikipedia.org/wiki/Daniel_Ammen
Individual,Admiral,Daniel Judson Callaghan,https://en.wikipedia.org/wiki/Daniel_J._Callaghan
Individual,Admiral,Daniel Lawrence Braine,https://en.wikipedia.org/wiki/Daniel_L._Braine
Individual,Admiral,David Conner,https://en.wikipedia.org/wiki/David_Conner_(naval_officer)
Individual,Admiral,David Dixon Porter,https://en.wikipedia.org/wiki/David_Dixon_Porter
Individual,Admiral,David F. Sellers,https://en.wikipedia.org/wiki/David_F._Sellers
Individual,Admiral,David Glasgow Farragut,https://en.wikipedia.org/wiki/David_Farragut
Individual,Admiral,David Milne,https://en.wikipedia.org/wiki/David_Milne_(Royal_Navy_officer)
Individual,Admiral,David Stockton McDougal,https://en.wikipedia.org/wiki/David_McDougal
Individual,Admiral,Donald McNeill Fairfax,https://en.wikipedia.org/wiki/Donald_McNeill_Fairfax
Individual,Admiral,Dragut,https://en.wikipedia.org/wiki/Dragut
Individual,Admiral,Edmund Ross Colhoun,https://en.wikipedia.org/wiki/Edmund_Colhoun
Individual,Admiral,Edward Augustus Inglefield,https://en.wikipedia.org/wiki/Edward_Augustus_Inglefield
Individual,Admiral,Edward Boscawen,https://en.wikipedia.org/wiki/Edward_Boscawen
Individual,Admiral,Edward Codrington,https://en.wikipedia.org/wiki/Edward_Codrington
Individual,Admiral,Edward David Taussig,https://en.wikipedia.org/wiki/Edward_D._Taussig
Individual,Admiral,"Edward Hawke, 1st Baron Hawke","https://en.wikipedia.org/wiki/Edward_Hawke,_1st_Baron_Hawke"
Individual,Admiral,Edward Hughes,https://en.wikipedia.org/wiki/Edward_Hughes_(Royal_Navy_officer)
Individual,Admiral,Edward Lull Cochrane,https://en.wikipedia.org/wiki/Edward_L._Cochrane
Individual,Admiral,"Edward Pellew, 1st Viscount Exmouth","https://en.wikipedia.org/wiki/Edward_Pellew,_1st_Viscount_Exmouth"
Individual,Admiral,Edward Preble,https://en.wikipedia.org/wiki/Edward_Preble
Individual,Admiral,"Edward Russell, 1st Earl of Orford","https://en.wikipedia.org/wiki/Edward_Russell,_1st_Earl_of_Orford"
Individual,Admiral,Edward Simpson,https://en.wikipedia.org/wiki/Edward_Simpson_(naval_officer)
Individual,Admiral,Edward Spragge,https://en.wikipedia.org/wiki/Edward_Spragge
Individual,Admiral,Edward Walter Eberle,https://en.wikipedia.org/wiki/Edward_Walter_Eberle
Individual,Admiral,Edward Whitaker,https://en.wikipedia.org/wiki/Edward_Whitaker
Individual,Admiral,Edwin Alexander Anderson Jr.,https://en.wikipedia.org/wiki/Edwin_Anderson_Jr.
Individual,Admiral,Egbert Bartholomeuszoon Kortenaer,https://en.wikipedia.org/wiki/Egbert_Bartholomeusz_Kortenaer
Individual,Admiral,Elie Augustus Frederick La Vallette,https://en.wikipedia.org/wiki/Elie_A._F._La_Vallette
Individual,Admiral,Elmo Russell Zumwalt Jr.,https://en.wikipedia.org/wiki/Elmo_Zumwalt
Individual,Admiral,Ernest Gregor Small,https://en.wikipedia.org/wiki/Ernest_G._Small
Individual,Admiral,Ernest Joseph King,https://en.wikipedia.org/wiki/Ernest_J._King
Individual,Admiral,Esek Hopkins,https://en.wikipedia.org/wiki/Esek_Hopkins
Individual,Admiral,Etienne Eustache Bruix,https://en.wikipedia.org/wiki/%C3%89tienne_Eustache_Bruix
Individual,Admiral,Eugene Henry Cozzens Leutze,https://en.wikipedia.org/wiki/Eugene_Henry_Cozzens_Leutze
Individual,Admiral,Fabius Maximus Stanly,https://en.wikipedia.org/wiki/Fabius_Stanly
Individual,Admiral,Federico Carlos Gravina y Napoli,https://en.wikipedia.org/wiki/Federico_Gravina
Individual,Admiral,Felix Budwell Stump,https://en.wikipedia.org/wiki/Felix_Stump
Individual,Admiral,Forrest Beton Royal,https://en.wikipedia.org/wiki/Forrest_B._Royal
Individual,Admiral,Forrest Percival Sherman,https://en.wikipedia.org/wiki/Forrest_Sherman
Individual,Admiral,Foxhall A. Parker Jr.,https://en.wikipedia.org/wiki/Foxhall_A._Parker_Jr.
Individual,Admiral,Francis Asbury Roe,https://en.wikipedia.org/wiki/Francis_Asbury_Roe
Individual,Admiral,Francis Drake,https://en.wikipedia.org/wiki/Francis_Drake
Individual,Admiral,Francis Hoyt Gregory,https://en.wikipedia.org/wiki/Francis_Gregory
Individual,Admiral,Francis Munroe Ramsay,https://en.wikipedia.org/wiki/Francis_Munroe_Ramsay
Individual,Admiral,"Francisco Manuel Barroso, Baron of Amazonas","https://en.wikipedia.org/wiki/Francisco_Manuel_Barroso,_Baron_of_Amazonas"
Individual,Admiral,Francois Joseph Bouvet,https://en.wikipedia.org/wiki/Fran%C3%A7ois_Joseph_Bouvet
Individual,Admiral,Francois Joseph Paul de Grasse,https://en.wikipedia.org/wiki/Fran%C3%A7ois_Joseph_Paul_de_Grasse
Individual,Admiral,Francois Louis Rousselet de Chateaurenault,https://en.wikipedia.org/wiki/Fran%C3%A7ois_Louis_Rousselet_de_Ch%C3%A2teaurenault
Individual,Admiral,Frank Edmund Beatty,https://en.wikipedia.org/wiki/Frank_E._Beatty
Individual,Admiral,Frank Friday Fletcher,https://en.wikipedia.org/wiki/Frank_Friday_Fletcher
Individual,Admiral,Frank Hamilton Newcomb,https://en.wikipedia.org/wiki/Frank_H._Newcomb
Individual,Admiral,Frank Jack Fletcher,https://en.wikipedia.org/wiki/Frank_Jack_Fletcher
Individual,Admiral,Franklin Buchanan,https://en.wikipedia.org/wiki/Franklin_Buchanan
Individual,Admiral,Franz von Hipper,https://en.wikipedia.org/wiki/Franz_von_Hipper
Individual,Admiral,Frederick J. Horne,https://en.wikipedia.org/wiki/Frederick_J._Horne
Individual,Admiral,Frederick Moosbrugger,https://en.wikipedia.org/wiki/Frederick_Moosbrugger
Individual,Admiral,Frederick Vallette McNair,https://en.wikipedia.org/wiki/Frederick_V._McNair
Individual,Admiral,Galvarino Riveros Cardenas,https://en.wikipedia.org/wiki/Galvarino_Riveros_C%C3%A1rdenas
Individual,Admiral,George Albert Converse,https://en.wikipedia.org/wiki/George_A._Converse
Individual,Admiral,"George Anson, 1st Baron Anson","https://en.wikipedia.org/wiki/George_Anson,_1st_Baron_Anson"
Individual,Admiral,George Augustus Westphal,https://en.wikipedia.org/wiki/George_Augustus_Westphal
Individual,Admiral,George Balch,https://en.wikipedia.org/wiki/George_Balch
Individual,Admiral,George Beall Balch,https://en.wikipedia.org/wiki/George_Balch
Individual,Admiral,George Collier Remey,https://en.wikipedia.org/wiki/George_C._Remey
Individual,Admiral,George Dewey,https://en.wikipedia.org/wiki/George_Dewey
Individual,Admiral,George Foster Emmons,https://en.wikipedia.org/wiki/George_F._Emmons
Individual,Admiral,George Hamilton Perkins,https://en.wikipedia.org/wiki/George_H._Perkins
Individual,Admiral,George Henry Wadleigh,https://en.wikipedia.org/wiki/George_H._Wadleigh
Individual,Admiral,"George Keith Elphinstone, 1st Viscount Keith","https://en.wikipedia.org/wiki/George_Elphinstone,_1st_Viscount_Keith"
Individual,Admiral,"George Rodney, 1st Baron Rodney","https://en.wikipedia.org/wiki/George_Rodney,_1st_Baron_Rodney"
Individual,Admiral,George Walton,https://en.wikipedia.org/wiki/George_Walton_(Royal_Navy_officer)
Individual,Admiral,Georgios Sachtouris,https://en.wikipedia.org/wiki/Georgios_Sachtouris
Individual,Admiral,Giovanni Dionigi Galeni,https://en.wikipedia.org/wiki/Occhiali
Individual,Admiral,Gordon Paiʻea Chung-Hoon,https://en.wikipedia.org/wiki/Gordon_Chung-Hoon
Individual,Admiral,Guert Gansevoort,https://en.wikipedia.org/wiki/Guert_Gansevoort
Individual,Admiral,Guy-Victor Duperre,https://en.wikipedia.org/wiki/Guy-Victor_Duperr%C3%A9
Individual,Admiral,Halsey Powell,https://en.wikipedia.org/wiki/Halsey_Powell
Individual,Admiral,Harry E. Yarnell,https://en.wikipedia.org/wiki/Harry_E._Yarnell
Individual,Admiral,Harry Shepard Knapp,https://en.wikipedia.org/wiki/Harry_Shepard_Knapp
Individual,Admiral,Harry Wilbur Hill,https://en.wikipedia.org/wiki/Harry_W._Hill_(admiral)
Individual,Admiral,Hayreddin Barbarossa,https://en.wikipedia.org/wiki/Hayreddin_Barbarossa
Individual,Admiral,Henry A. Walke,https://en.wikipedia.org/wiki/Henry_A._Walke
Individual,Admiral,Henry Ariosto Wiley,https://en.wikipedia.org/wiki/Henry_A._Wiley
Individual,Admiral,Henry Braid Wilson Jr.,https://en.wikipedia.org/wiki/Henry_Braid_Wilson
Individual,Admiral,Henry Clay Taylor,https://en.wikipedia.org/wiki/Henry_Clay_Taylor
Individual,Admiral,Henry Erben,https://en.wikipedia.org/wiki/Henry_Erben
Individual,Admiral,"Henry FitzRoy, 1st Duke of Grafton","https://en.wikipedia.org/wiki/Henry_FitzRoy,_1st_Duke_of_Grafton"
Individual,Admiral,"Henry FitzRoy, 1st Duke of Grafton","https://en.wikipedia.org/wiki/Henry_FitzRoy,_1st_Duke_of_Grafton"
Individual,Admiral,Henry Haywood Bell,https://en.wikipedia.org/wiki/Henry_H._Bell
Individual,Admiral,Henry Kent Hewitt,https://en.wikipedia.org/wiki/Henry_Kent_Hewitt
Individual,Admiral,Henry Knox Thatcher,https://en.wikipedia.org/wiki/Henry_Thatcher
Individual,Admiral,Henry Maston Mullinnix,https://en.wikipedia.org/wiki/Henry_M._Mullinnix
Individual,Admiral,Henry Thomas Mayo,https://en.wikipedia.org/wiki/Henry_T._Mayo
Individual,Admiral,Henry Vansittart,https://en.wikipedia.org/wiki/Henry_Vansittart_(Royal_Navy_officer)
Individual,Admiral,Herald Franklin Stout,https://en.wikipedia.org/wiki/Herald_F._Stout
Individual,Admiral,Hermann Freiherr von Spaun,https://en.wikipedia.org/wiki/Hermann_von_Spaun
Individual,Admiral,Hilary Pollard Jones Jr.,https://en.wikipedia.org/wiki/Hilary_P._Jones
Individual,Admiral,Hiram Paulding,https://en.wikipedia.org/wiki/Hiram_Paulding
Individual,Admiral,"Horatio Nelson, 1st Viscount Nelson","https://en.wikipedia.org/wiki/Horatio_Nelson,_1st_Viscount_Nelson"
Individual,Admiral,Hugh Rodman,https://en.wikipedia.org/wiki/Hugh_Rodman
Individual,Admiral,Hutchinson Ingham Cone,https://en.wikipedia.org/wiki/Hutchinson_I._Cone
Individual,Admiral,Hyacinthe Laurent Theophile Aube,https://en.wikipedia.org/wiki/Th%C3%A9ophile_Aube
Individual,Admiral,Isaac Campbell Kidd,https://en.wikipedia.org/wiki/Isaac_C._Kidd
Individual,Admiral,Isaac Chauncey,https://en.wikipedia.org/wiki/Isaac_Chauncey
Individual,Admiral,Isaac Hull,https://en.wikipedia.org/wiki/Isaac_Hull
Individual,Admiral,Jacob Nicholas Jones,https://en.wikipedia.org/wiki/Jacob_Jones_(naval_officer)
Individual,Admiral,Jacques Felix Emmanuel Hamelin,https://en.wikipedia.org/wiki/Jacques_F%C3%A9lix_Emmanuel_Hamelin
Individual,Admiral,James Alden Jr.,https://en.wikipedia.org/wiki/James_Alden_Jr.
Individual,Admiral,James Augustin Greer,https://en.wikipedia.org/wiki/James_Augustin_Greer
Individual,Admiral,James Bond Stockdale,https://en.wikipedia.org/wiki/James_Stockdale
Individual,Admiral,"James Douglas, 1st Baronet","https://en.wikipedia.org/wiki/Sir_James_Douglas,_1st_Baronet"
Individual,Admiral,James Edward Jouett,https://en.wikipedia.org/wiki/James_Edward_Jouett
Individual,Admiral,James Fife Jr.,https://en.wikipedia.org/wiki/James_Fife_Jr.
Individual,Admiral,James Findlay Schenck,https://en.wikipedia.org/wiki/James_F._Schenck
Individual,Admiral,"James Hawkins-Whitshed, 1st Baronet",https://en.wikipedia.org/wiki/James_Hawkins-Whitshed
Individual,Admiral,James Henry Glennon,https://en.wikipedia.org/wiki/James_H._Glennon
Individual,Admiral,James Hoban Sands,https://en.wikipedia.org/wiki/James_H._Sands
Individual,Admiral,James Hooker Strong,https://en.wikipedia.org/wiki/James_Hooker_Strong
Individual,Admiral,James Kelsey Cogswell,https://en.wikipedia.org/wiki/James_Kelsey_Cogswell
Individual,Admiral,James Lawrence Lardner,https://en.wikipedia.org/wiki/James_L._Lardner
Individual,Admiral,James Meredith Helm,https://en.wikipedia.org/wiki/James_Meredith_Helm
Individual,Admiral,James Robert Madison Mullany,https://en.wikipedia.org/wiki/James_Robert_Madison_Mullany
Individual,Admiral,"James Saumarez, 1st Baron de Saumarez","https://en.wikipedia.org/wiki/James_Saumarez,_1st_Baron_de_Saumarez"
Individual,Admiral,James Shedden Palmer,https://en.wikipedia.org/wiki/James_Shedden_Palmer
Individual,Admiral,James Vashon,https://en.wikipedia.org/wiki/James_Vashon
Individual,Admiral,James Wishart,https://en.wikipedia.org/wiki/James_Wishart
Individual,Admiral,Jean Bart,https://en.wikipedia.org/wiki/Jean_Bart
Individual,Admiral,Jean de Vienne,https://en.wikipedia.org/wiki/Jean_de_Vienne
Individual,Admiral,Jean-Baptiste Cecille,https://en.wikipedia.org/wiki/Jean-Baptiste_C%C3%A9cille
Individual,Admiral,Jean-Marie Dayot,https://en.wikipedia.org/wiki/Jean-Marie_Dayot
Individual,Admiral,Jean-Marthe-Adrien l'Hermite,https://en.wikipedia.org/wiki/Jean-Marthe-Adrien_l%27Hermite
Individual,Admiral,Jesse Barrett Oldendorf,https://en.wikipedia.org/wiki/Jesse_B._Oldendorf
Individual,Admiral,"Joaquim Marques Lisboa, Marquis of Tamandaré","https://en.wikipedia.org/wiki/Joaquim_Marques_Lisboa,_Marquis_of_Tamandar%C3%A9"
Individual,Admiral,Joel Abbot,https://en.wikipedia.org/wiki/Joel_Abbot_(naval_officer)
Individual,Admiral,Joel Roberts Poinsett Pringle,https://en.wikipedia.org/wiki/Joel_R._P._Pringle
Individual,Admiral,Johan van Galen,https://en.wikipedia.org/wiki/Johan_van_Galen
Individual,Admiral,John Ancrum Winslow,https://en.wikipedia.org/wiki/John_Ancrum_Winslow
Individual,Admiral,John Barry,https://en.wikipedia.org/wiki/John_Barry_(naval_officer)
Individual,Admiral,John Benbow,https://en.wikipedia.org/wiki/John_Benbow
Individual,Admiral,John Berrien Montgomery,https://en.wikipedia.org/wiki/John_B._Montgomery
Individual,Admiral,John Donald Kelly,https://en.wikipedia.org/wiki/John_Kelly_(Royal_Navy_officer)
Individual,Admiral,John Donaldson Ford,https://en.wikipedia.org/wiki/John_D._Ford
Individual,Admiral,John Downes,https://en.wikipedia.org/wiki/John_Downes_(naval_officer)
Individual,Admiral,John Drake Sloat,https://en.wikipedia.org/wiki/John_D._Sloat
Individual,Admiral,John Duncan Bulkeley,https://en.wikipedia.org/wiki/John_D._Bulkeley
Individual,Admiral,John Elliott Pillsbury,https://en.wikipedia.org/wiki/John_E._Pillsbury
Individual,Admiral,John Goodwin Gregory Peyton,https://en.wikipedia.org/wiki/John_Peyton_(Royal_Navy_officer)
Individual,Admiral,John Grimes Walker,https://en.wikipedia.org/wiki/John_Grimes_Walker
Individual,Admiral,John Guest,https://en.wikipedia.org/wiki/John_Guest_(naval_officer)
Individual,Admiral,John Halligan Jr.,https://en.wikipedia.org/wiki/John_Halligan_Jr.
Individual,Admiral,John Hawkins,
Individual,Admiral,John Hazelwood,https://en.wikipedia.org/wiki/John_Hazelwood
Individual,Admiral,John Henry Russell,https://en.wikipedia.org/wiki/John_Henry_Russell
Individual,Admiral,John Henry Towers,https://en.wikipedia.org/wiki/John_Henry_Towers
Individual,Admiral,John Henry Upshur,https://en.wikipedia.org/wiki/John_Henry_Upshur
Individual,Admiral,John Hood,https://en.wikipedia.org/wiki/John_Hood_(naval_officer)
Individual,Admiral,"John Jervis, 1st Earl of St Vincent","https://en.wikipedia.org/wiki/John_Jervis,_1st_Earl_of_St_Vincent"
Individual,Admiral,John Kennedy Barton,https://en.wikipedia.org/wiki/John_Kennedy_Barton
Individual,Admiral,John Lorimer Worden,https://en.wikipedia.org/wiki/John_Lorimer_Worden
Individual,Admiral,John Manley,https://en.wikipedia.org/wiki/John_Manley_(naval_officer)
Individual,Admiral,John Narborough,https://en.wikipedia.org/wiki/John_Narborough
Individual,Admiral,John Pritchett Gillis,https://en.wikipedia.org/wiki/John_P._Gillis
Individual,Admiral,John Sidney McCain Sr.,https://en.wikipedia.org/wiki/John_S._McCain_Sr.
Individual,Admiral,John Woodward Philip,https://en.wikipedia.org/wiki/John_Woodward_Philip
Individual,Admiral,Jonas Howard Ingram,https://en.wikipedia.org/wiki/Jonas_H._Ingram
Individual,Admiral,Joseph Bullock Coghlan,https://en.wikipedia.org/wiki/Joseph_Coghlan
Individual,Admiral,Joseph M. Reeves,https://en.wikipedia.org/wiki/Joseph_M._Reeves
Individual,Admiral,Joseph Strauss,https://en.wikipedia.org/wiki/Joseph_Strauss_(admiral)
Individual,Admiral,Joseph-Marie Nielly,https://en.wikipedia.org/wiki/Joseph-Marie_Nielly
Individual,Admiral,Joshua Barney,https://en.wikipedia.org/wiki/Joshua_Barney
Individual,Admiral,Josiah Tattnall III,https://en.wikipedia.org/wiki/Josiah_Tattnall_III
Individual,Admiral,Juan Francisco de Langara y Huarte,https://en.wikipedia.org/wiki/Juan_de_L%C3%A1ngara
Individual,Admiral,Juan Jose Latorre,https://en.wikipedia.org/wiki/Juan_Jos%C3%A9_Latorre
Individual,Admiral,Julien Marie Cosmao-Kerjulien,https://en.wikipedia.org/wiki/Julien_Cosmao
Individual,Admiral,Karel Willem Frederik Marie Doorman,https://en.wikipedia.org/wiki/Karel_Doorman
Individual,Admiral,Konstantinos Kanaris,https://en.wikipedia.org/wiki/Konstantinos_Kanaris
Individual,Admiral,Lawrence Kearny,https://en.wikipedia.org/wiki/Lawrence_Kearny
Individual,Admiral,Lawson Paterson Ramage,https://en.wikipedia.org/wiki/Lawson_P._Ramage
Individual,Admiral,Leonard Charner,https://en.wikipedia.org/wiki/L%C3%A9onard_Charner
Individual,Admiral,Lewis Ashfield Kimberly,https://en.wikipedia.org/wiki/Lewis_Kimberly
Individual,Admiral,Lewis Warrington,https://en.wikipedia.org/wiki/Lewis_Warrington_(United_States_Navy_officer)
Individual,Admiral,Louis Charles du Chaffault de Besne,https://en.wikipedia.org/wiki/Louis_Charles_du_Chaffault_de_Besn%C3%A9
Individual,Admiral,Louis Henri de Gueydon,https://en.wikipedia.org/wiki/Louis_Henri_de_Gueydon
Individual,Admiral,Louis Malesherbes Goldsborough,https://en.wikipedia.org/wiki/Louis_M._Goldsborough
Individual,Admiral,Louis Pierre Alexis Pothuau,https://en.wikipedia.org/wiki/Louis_Pierre_Alexis_Pothuau
Individual,Admiral,Louis-Rene Levassor de Latouche Treville,https://en.wikipedia.org/wiki/Louis-Ren%C3%A9_Levassor_de_Latouche_Tr%C3%A9ville
Individual,Admiral,Louis-Rene Levassor de Latouche Treville,https://en.wikipedia.org/wiki/Louis-Ren%C3%A9_Levassor_de_Latouche_Tr%C3%A9ville
Individual,Admiral,"Luc Urbain du Bouexic, comte de Guichen","https://en.wikipedia.org/wiki/Luc_Urbain_du_Bou%C3%ABxic,_comte_de_Guichen"
Individual,Admiral,Lucien Young,https://en.wikipedia.org/wiki/Lucien_Young
Individual,Admiral,Luis Py,https://en.wikipedia.org/wiki/Luis_Py
Individual,Admiral,Luis Uribe,https://en.wikipedia.org/wiki/Luis_Uribe
Individual,Admiral,Lynde Dupuy McCormick,https://en.wikipedia.org/wiki/Lynde_D._McCormick
Individual,Admiral,Manuel Domecq Garcia,https://en.wikipedia.org/wiki/Manuel_Domecq_Garcia
Individual,Admiral,Marc Andrew Mitscher,https://en.wikipedia.org/wiki/Marc_Mitscher
Individual,Admiral,Mark Lambert Bristol,https://en.wikipedia.org/wiki/Mark_Lambert_Bristol
Individual,Admiral,Martin George Guisse,https://en.wikipedia.org/wiki/Martin_George_Guisse
Individual,Admiral,Maximilian von Spee,https://en.wikipedia.org/wiki/Maximilian_von_Spee
Individual,Admiral,Melancthon Taylor Woolsey,https://en.wikipedia.org/wiki/Melancthon_Taylor_Woolsey
Individual,Admiral,Miguel Grau,https://en.wikipedia.org/wiki/Miguel_Grau
Individual,Admiral,Montgomery Sicard,https://en.wikipedia.org/wiki/Montgomery_Sicard
Individual,Admiral,Morton Lyndholm Deyo,https://en.wikipedia.org/wiki/Morton_Deyo
Individual,Admiral,Nathan Crook Twining,https://en.wikipedia.org/wiki/Nathan_Crook_Twining
Individual,Admiral,Nehemiah Mayo Dyer,https://en.wikipedia.org/wiki/Nehemiah_Dyer
Individual,Admiral,Nesbit Josiah Willoughby,https://en.wikipedia.org/wiki/Nesbit_Willoughby
Individual,Admiral,Noble Edward Irwin,https://en.wikipedia.org/wiki/Noble_Edward_Irwin
Individual,Admiral,Norman Scott,https://en.wikipedia.org/wiki/Norman_Scott_(admiral)
Individual,Admiral,Norman von Heldreich Farquhar,https://en.wikipedia.org/wiki/Norman_von_Heldreich_Farquhar
Individual,Admiral,Occhiali,https://en.wikipedia.org/wiki/Occhiali
Individual,Admiral,Oliver Hazard Perry,https://en.wikipedia.org/wiki/Oliver_Hazard_Perry
Individual,Admiral,Oscar Charles Badger,https://en.wikipedia.org/wiki/Oscar_C._Badger
Individual,Admiral,Oscar Walter Farenholt,https://en.wikipedia.org/wiki/Oscar_Walter_Farenholt
Individual,Admiral,Paul Frederick Foster,https://en.wikipedia.org/wiki/Paul_Frederick_Foster
Individual,Admiral,Pavlos Kountouriotis,https://en.wikipedia.org/wiki/Pavlos_Kountouriotis
Individual,Admiral,Peirce Crosby,https://en.wikipedia.org/wiki/Peirce_Crosby
Individual,Admiral,"Peter Parker, 1st Baronet","https://en.wikipedia.org/wiki/Sir_Peter_Parker,_1st_Baronet"
Individual,Admiral,Peter Warren,https://en.wikipedia.org/wiki/Peter_Warren_(Royal_Navy_officer)
Individual,Admiral,"Philip Bowes Vere Broke, 1st Baronet",https://en.wikipedia.org/wiki/Philip_Broke
Individual,Admiral,Phormio,https://en.wikipedia.org/wiki/Phormio
Individual,Admiral,Piali Pasha,https://en.wikipedia.org/wiki/Piali_Pasha
Individual,Admiral,Piali Pasha,https://en.wikipedia.org/wiki/Piali_Pasha
Individual,Admiral,Pierre Andre de Suffren,https://en.wikipedia.org/wiki/Pierre_Andr%C3%A9_de_Suffren
Individual,Admiral,Pierre-Nicolas de Rolland,https://en.wikipedia.org/wiki/Pierre-Nicolas_de_Rolland
Individual,Admiral,Piet Pieterszoon Hein,https://en.wikipedia.org/wiki/Piet_Pieterszoon_Hein
Individual,Admiral,Pulteney Malcolm,https://en.wikipedia.org/wiki/Pulteney_Malcolm
Individual,Admiral,Ralph Earle,https://en.wikipedia.org/wiki/Ralph_Earle_(American_naval_officer)
Individual,Admiral,Raymond Ames Spruance,https://en.wikipedia.org/wiki/Raymond_A._Spruance
Individual,Admiral,Reigert Bolivar Lowry,https://en.wikipedia.org/wiki/Reigart_Bolivar_Lowry
Individual,Admiral,Reinhard Scheer,https://en.wikipedia.org/wiki/Reinhard_Scheer
Individual,Admiral,Remigio Elías Aguirre Romero,https://en.wikipedia.org/wiki/El%C3%ADas_Aguirre
Individual,Admiral,Rene Duguay-Trouin,https://en.wikipedia.org/wiki/Ren%C3%A9_Duguay-Trouin
Individual,Admiral,Richard Dale,https://en.wikipedia.org/wiki/Richard_Dale
Individual,Admiral,Richard Grenville,https://en.wikipedia.org/wiki/Richard_Grenville
Individual,Admiral,Richard Hetherington O'Kane,https://en.wikipedia.org/wiki/Richard_O%27Kane
Individual,Admiral,"Richard Howe, 1st Earl Howe","https://en.wikipedia.org/wiki/Richard_Howe,_1st_Earl_Howe"
Individual,Admiral,Richard Kempenfelt,https://en.wikipedia.org/wiki/Richard_Kempenfelt
Individual,Admiral,Richard Lansing Conolly,https://en.wikipedia.org/wiki/Richard_L._Conolly
Individual,Admiral,Richard Phillips Leary,https://en.wikipedia.org/wiki/Richard_Phillips_Leary
Individual,Admiral,Richard Stanislaus Edwards,https://en.wikipedia.org/wiki/Richard_S._Edwards
Individual,Admiral,Richard Worsam Meade III,https://en.wikipedia.org/wiki/Richard_Worsam_Meade_III
Individual,Admiral,Richmond K. Turner,https://en.wikipedia.org/wiki/Richmond_K._Turner
Individual,Admiral,Richmond Pearson Hobson,https://en.wikipedia.org/wiki/Richmond_P._Hobson
Individual,Admiral,Robert Blake,https://en.wikipedia.org/wiki/Robert_Blake_(admiral)
Individual,Admiral,Robert Bostwick Carney,https://en.wikipedia.org/wiki/Robert_Carney
Individual,Admiral,Robert Edward Coontz,https://en.wikipedia.org/wiki/Robert_Coontz
Individual,Admiral,Robert F. Stockton,https://en.wikipedia.org/wiki/Robert_F._Stockton
Individual,Admiral,Robert Henry English,https://en.wikipedia.org/wiki/Robert_Henry_English
Individual,Admiral,Robert Pearce Briscoe,https://en.wikipedia.org/wiki/Robert_P._Briscoe
Individual,Admiral,Robert Ward Hayler,https://en.wikipedia.org/wiki/Robert_W._Hayler
Individual,Admiral,Roberto Simpson Winthrop,https://en.wikipedia.org/wiki/Roberto_Simpson_Winthrop
Individual,Admiral,Robley Dunglison Evans,https://en.wikipedia.org/wiki/Robley_D._Evans_(admiral)
Individual,Admiral,Roger Nelson Stembel,https://en.wikipedia.org/wiki/Roger_N._Stembel
Individual,Admiral,Roland-Michel Barrin de La Galissoniere,https://en.wikipedia.org/wiki/Roland-Michel_Barrin_de_La_Galissoni%C3%A8re
Individual,Admiral,Royal Eason Ingersoll,https://en.wikipedia.org/wiki/Royal_E._Ingersoll
Individual,Admiral,Royal Rodney Ingersoll,https://en.wikipedia.org/wiki/Royal_R._Ingersoll
Individual,Admiral,Samuel Barrington,https://en.wikipedia.org/wiki/Samuel_Barrington
Individual,Admiral,Samuel Francis Du Pont,https://en.wikipedia.org/wiki/USS_Du_Pont_(DD-152)
Individual,Admiral,"Samuel Hood, 1st Viscount Hood","https://en.wikipedia.org/wiki/Samuel_Hood,_1st_Viscount_Hood"
Individual,Admiral,Samuel Lee Gravely Jr.,https://en.wikipedia.org/wiki/Samuel_L._Gravely_Jr.
Individual,Admiral,Samuel McGowan,https://en.wikipedia.org/wiki/Samuel_McGowan_(admiral)
Individual,Admiral,Samuel Phillips Lee,https://en.wikipedia.org/wiki/Samuel_Phillips_Lee
Individual,Admiral,Samuel Shelburne Robison,https://en.wikipedia.org/wiki/Samuel_Robison
Individual,Admiral,Samuel Wood Bryant,https://en.wikipedia.org/wiki/Samuel_W._Bryant
Individual,Admiral,Seaton Schroeder,https://en.wikipedia.org/wiki/Seaton_Schroeder
Individual,Admiral,Silas Horton Stringham,https://en.wikipedia.org/wiki/Silas_H._Stringham
Individual,Admiral,Sir Christopher Myngs,https://en.wikipedia.org/wiki/Christopher_Myngs
Individual,Admiral,Sir David Milne,https://en.wikipedia.org/wiki/David_Milne_(Royal_Navy_officer)
Individual,Admiral,Sir Fairfax Moresby,https://en.wikipedia.org/wiki/Fairfax_Moresby
Individual,Admiral,"Sir Francis Laforey, 2nd Baronet",https://en.wikipedia.org/wiki/Francis_Laforey
Individual,Admiral,Sir George Murray,"https://en.wikipedia.org/wiki/George_Murray_(Royal_Navy_officer,_born_1759)"
Individual,Admiral,Sir John Lawford,https://en.wikipedia.org/wiki/John_Lawford
Individual,Admiral,Sir Robert Moorsom,https://en.wikipedia.org/wiki/Robert_Moorsom
Individual,Admiral,"Sir Thomas Louis, 1st Baronet",https://en.wikipedia.org/wiki/Thomas_Louis
Individual,Admiral,Stepan Makarov,https://en.wikipedia.org/wiki/Stepan_Makarov
Individual,Admiral,Stephen Bleecker Luce,https://en.wikipedia.org/wiki/Stephen_Luce
Individual,Admiral,Stephen Clegg Rowan,https://en.wikipedia.org/wiki/Stephen_Clegg_Rowan
Individual,Admiral,Stephen Decatur,https://en.wikipedia.org/wiki/Stephen_Decatur
Individual,Admiral,Theodore Edson Chandler,https://en.wikipedia.org/wiki/Theodore_E._Chandler
Individual,Admiral,Theodore Stark Wilkinson,https://en.wikipedia.org/wiki/Theodore_Stark_Wilkinson
Individual,Admiral,Theodorus Bailey,https://en.wikipedia.org/wiki/Theodorus_Bailey_(officer)
Individual,Admiral,"Thomas Butler, 6th Earl of Ossory","https://en.wikipedia.org/wiki/Thomas_Butler,_6th_Earl_of_Ossory"
Individual,Admiral,Thomas Cassin Kinkaid,https://en.wikipedia.org/wiki/Thomas_C._Kinkaid
Individual,Admiral,"Thomas Cochrane, 10th Earl of Dundonald","https://en.wikipedia.org/wiki/Thomas_Cochrane,_10th_Earl_of_Dundonald"
Individual,Admiral,Thomas Jefferson Cowie,https://en.wikipedia.org/wiki/Thomas_Jefferson_Cowie
Individual,Admiral,Thomas Oliver Selfridge,https://en.wikipedia.org/wiki/Thomas_Oliver_Selfridge
Individual,Admiral,Thomas Oliver Selfridge Jr.,https://en.wikipedia.org/wiki/Thomas_Oliver_Selfridge_Jr.
Individual,Admiral,Thomas Pakenham,https://en.wikipedia.org/wiki/Thomas_Pakenham_(Royal_Navy_officer)
Individual,Admiral,"Thomas Pasley, 1st Baronet","https://en.wikipedia.org/wiki/Sir_Thomas_Pasley,_1st_Baronet"
Individual,Admiral,Thomas Stowell Phelps,https://en.wikipedia.org/wiki/Thomas_Phelps
Individual,Admiral,Thomas Tingey,https://en.wikipedia.org/wiki/Thomas_Tingey
Individual,Admiral,"Thomas Troubridge, 1st Baronet","https://en.wikipedia.org/wiki/Sir_Thomas_Troubridge,_1st_Baronet"
Individual,Admiral,Thomas Truxtun,https://en.wikipedia.org/wiki/Thomas_Truxtun
Individual,Admiral,Thornton A. Jenkins,https://en.wikipedia.org/wiki/Thornton_A._Jenkins
Individual,Admiral,Tjerk Hiddes de Vries,https://en.wikipedia.org/wiki/Tjerk_Hiddes_de_Vries
Individual,Admiral,Toussaint-Guillaume Picquet de la Motte,https://en.wikipedia.org/wiki/Toussaint-Guillaume_Picquet_de_la_Motte
Individual,Admiral,Victor Blue,https://en.wikipedia.org/wiki/Victor_Blue
Individual,Admiral,"Victor-Marie d'Estrees, 5th Duke of Estrees",https://en.wikipedia.org/wiki/Victor-Marie_d%27Estr%C3%A9es
Individual,Admiral,Walter Raleigh,https://en.wikipedia.org/wiki/Walter_Raleigh
Individual,Admiral,Washington Lee Capps,https://en.wikipedia.org/wiki/Washington_L._Capps
Individual,Admiral,Wayne Eugene Meyer,https://en.wikipedia.org/wiki/Wayne_E._Meyer
Individual,Admiral,Willard Herbert Brownson,https://en.wikipedia.org/wiki/Willard_H._Brownson
Individual,Admiral,William Adger Moffett,https://en.wikipedia.org/wiki/William_A._Moffett
Individual,Admiral,William Bainbridge,https://en.wikipedia.org/wiki/William_Bainbridge
Individual,Admiral,William Banks Caperton,https://en.wikipedia.org/wiki/William_Banks_Caperton
Individual,Admiral,William Branford Shubrick,https://en.wikipedia.org/wiki/William_Shubrick
Individual,Admiral,William Brown,https://en.wikipedia.org/wiki/William_Brown_(admiral)
Individual,Admiral,"William Carnegie, 7th Earl of Northesk","https://en.wikipedia.org/wiki/William_Carnegie,_7th_Earl_of_Northesk"
Individual,Admiral,William Cornwallis,https://en.wikipedia.org/wiki/William_Cornwallis
Individual,Admiral,William D. Leahy,https://en.wikipedia.org/wiki/William_D._Leahy
Individual,Admiral,William David Porter,https://en.wikipedia.org/wiki/William_D._Porter
Individual,Admiral,William H. Standley,https://en.wikipedia.org/wiki/William_Harrison_Standley
Individual,Admiral,William Halsey Jr.,https://en.wikipedia.org/wiki/William_Halsey_Jr.
Individual,Admiral,William Hannum Grubb Bullard,https://en.wikipedia.org/wiki/William_H._G._Bullard
Individual,Admiral,William Henry Hudson Southerland,https://en.wikipedia.org/wiki/William_Henry_Hudson_Southerland
Individual,Admiral,William Henry Purnell Blandy,https://en.wikipedia.org/wiki/William_H._P._Blandy
Individual,Admiral,William Maxwell Wood,https://en.wikipedia.org/wiki/William_Maxwell_Wood
Individual,Admiral,William Mervine,https://en.wikipedia.org/wiki/William_Mervine
Individual,Admiral,William Nicholson Jeffers,https://en.wikipedia.org/wiki/William_Nicholson_Jeffers
Individual,Admiral,William Penn,https://en.wikipedia.org/wiki/William_Penn_(Royal_Navy_officer)
Individual,Admiral,William Porter Lawrence,https://en.wikipedia.org/wiki/William_P._Lawrence
Individual,Admiral,William Radford,https://en.wikipedia.org/wiki/William_Radford
Individual,Admiral,William Rogers Taylor,https://en.wikipedia.org/wiki/William_Rogers_Taylor
Individual,Admiral,William Shepherd Benson,https://en.wikipedia.org/wiki/William_S._Benson
Individual,Admiral,William Sowden Sims,https://en.wikipedia.org/wiki/William_Sims
Individual,Admiral,William Sterling Parsons,https://en.wikipedia.org/wiki/William_Sterling_Parsons
Individual,Admiral,William Thomas Sampson,https://en.wikipedia.org/wiki/William_T._Sampson
Individual,Admiral,William Veazie Pratt,https://en.wikipedia.org/wiki/William_V._Pratt
Individual,Admiral,"William Waldegrave, 1st Baron Radstock","https://en.wikipedia.org/wiki/William_Waldegrave,_1st_Baron_Radstock"
Individual,Admiral,"William Waldegrave, 1st Baron Radstock","https://en.wikipedia.org/wiki/William_Waldegrave,_1st_Baron_Radstock"
Individual,Admiral,William Wister McKean,https://en.wikipedia.org/wiki/William_McKean
Individual,Admiral,William Wynter,https://en.wikipedia.org/wiki/William_Wynter
Individual,Admiral,Willis Augustus Lee Jr.,https://en.wikipedia.org/wiki/Willis_Augustus_Lee
Individual,Admiral,Winfield Scott Schley,https://en.wikipedia.org/wiki/Winfield_Scott_Schley
Individual,Admiral,Yves-Joseph de Kerguelen-Tremarec,https://en.wikipedia.org/wiki/Yves-Joseph_de_Kerguelen-Tr%C3%A9marec
Individual,Aristocrat,"Anne Hyde, Duchess of York and Albany",https://en.wikipedia.org/wiki/Anne_Hyde
Individual,Aristocrat,"Armand Jean du Plessis, 1st Duke of Richelieu",https://en.wikipedia.org/wiki/Cardinal_Richelieu
Individual,Aristocrat,"George Venables-Vernon, 5th Baron Vernon","https://en.wikipedia.org/wiki/George_Venables-Vernon,_5th_Baron_Vernon"
Individual,Aristocrat,Hereward the Wake,https://en.wikipedia.org/wiki/Hereward_the_Wake
Individual,Aristocrat,"John Perceval, 2nd Earl of Egmont","https://en.wikipedia.org/wiki/John_Perceval,_2nd_Earl_of_Egmont"
Individual,Aristocrat,Octavia the Younger,https://en.wikipedia.org/wiki/Octavia_the_Younger
Individual,Aristocrat,Otto von Bismarck,https://en.wikipedia.org/wiki/Otto_von_Bismarck
Individual,Aristocrat,"Ralph Montagu, 1st Duke of Montagu","https://en.wikipedia.org/wiki/Ralph_Montagu,_1st_Duke_of_Montagu"
Individual,Aristocrat,"Richard de Clare, 2nd Earl of Pembroke","https://en.wikipedia.org/wiki/Richard_de_Clare,_2nd_Earl_of_Pembroke"
Individual,Aristocrat,Sir Henry Percy,https://en.wikipedia.org/wiki/Henry_Percy_(Hotspur)
Individual,Aristocrat,William Wallace,https://en.wikipedia.org/wiki/William_Wallace
Individual,Army Officer,Alfred Austell Cunningham,https://en.wikipedia.org/wiki/Alfred_A._Cunningham
Individual,Army Officer,Allen Melancthon Sumner Jr.,https://en.wikipedia.org/wiki/Allen_Melancthon_Sumner
Individual,Army Officer,Aquilla James Dyess,https://en.wikipedia.org/wiki/Aquilla_J._Dyess
Individual,Army Officer,Charles Grymes McCawley,https://en.wikipedia.org/wiki/Charles_Grymes_McCawley
Individual,Army Officer,Daniel Carmick,https://en.wikipedia.org/wiki/Daniel_Carmick
Individual,Army Officer,Daniel Joseph Daly,https://en.wikipedia.org/wiki/Daniel_Daly
Individual,Army Officer,Edward Ball Cole,https://en.wikipedia.org/wiki/Edward_B._Cole
Individual,Army Officer,Edward Stack,https://en.wikipedia.org/wiki/Edward_Stack_(U.S._Marine_Corps_officer)
Individual,Army Officer,Francisco Bolognesi Cervantes,https://en.wikipedia.org/wiki/Francisco_Bolognesi
Individual,Army Officer,Harold Douglas Shannon,https://en.wikipedia.org/wiki/USS_Shannon#Namesake
Individual,Army Officer,Harvey Curtiss Barnum Jr.,https://en.wikipedia.org/wiki/Harvey_C._Barnum_Jr.
Individual,Army Officer,Hiram Iddings Bearss,https://en.wikipedia.org/wiki/Hiram_I._Bearss
Individual,Army Officer,Hugh P. Kidder,https://en.wikipedia.org/wiki/USS_Kidder#Namesake
Individual,Army Officer,Hugh Purvis,https://en.wikipedia.org/wiki/Hugh_Purvis
Individual,Army Officer,Jacklyn Harold Lucas,https://en.wikipedia.org/wiki/Jacklyn_H._Lucas
Individual,Army Officer,"John Brooks Jr.",https://en.wikipedia.org/wiki/John_Brooks_Jr.
Individual,Army Officer,John Lloyd Broome,https://en.wikipedia.org/wiki/John_L._Broome
Individual,Army Officer,John Marshall Gamble,https://en.wikipedia.org/wiki/John_M._Gamble
Individual,Army Officer,John Vincent Power,https://en.wikipedia.org/wiki/John_V._Power
Individual,Army Officer,John William Thomason Jr.,https://en.wikipedia.org/wiki/John_Thomason
Individual,Army Officer,Joseph P. McCaffery,https://en.wikipedia.org/wiki/USS_McCaffery#Namesake
Individual,Army Officer,Kenneth Dillon Bailey,https://en.wikipedia.org/wiki/Kenneth_D._Bailey
Individual,Army Officer,Leonardo Rosales,https://es.wikipedia.org/wiki/Leonardo_Rosales
Individual,Army Officer,Levi Twiggs,https://en.wikipedia.org/wiki/Levi_Twiggs
Individual,Army Officer,Lewis Kenneth Bausell,https://en.wikipedia.org/wiki/Lewis_K._Bausell
Individual,Army Officer,Lofton Russell Henderson,https://en.wikipedia.org/wiki/Lofton_R._Henderson
Individual,Army Officer,Macon C. Overton,https://en.wikipedia.org/wiki/USS_Overton#Namesake
Individual,Army Officer,Myles Crosby Fox,https://en.wikipedia.org/wiki/USS_Myles_C._Fox_(DD-829)#Namesake
Individual,Army Officer,"Pierre Terrail, seigneur de Bayard","https://en.wikipedia.org/wiki/Pierre_Terrail,_seigneur_de_Bayard"
Individual,Army Officer,Presley O'Bannon,https://en.wikipedia.org/wiki/Presley_O%27Bannon
Individual,Army Officer,Ralph Talbot,https://en.wikipedia.org/wiki/Ralph_Talbot
Individual,Army Officer,Randolph Talcott Zane,https://en.wikipedia.org/wiki/Randolph_Zane
Individual,Army Officer,Samuel Nicholas,https://en.wikipedia.org/wiki/Samuel_Nicholas
Individual,Army Officer,Willard Woodward Keith Jr.,https://en.wikipedia.org/wiki/Willard_Keith
Individual,Army Officer,William A. T. Maddox,https://en.wikipedia.org/wiki/William_A._T._Maddox
Individual,Army Officer,William Deane Hawkins,https://en.wikipedia.org/wiki/William_D._Hawkins
Individual,Army Officer,William Eaton,https://en.wikipedia.org/wiki/William_Eaton_(soldier)
Individual,Army Officer,William Groom Leftwich Jr.,https://en.wikipedia.org/wiki/William_G._Leftwich_Jr.
Individual,Army Officer,William Richard Higgins,https://en.wikipedia.org/wiki/William_R._Higgins
Individual,Author,Joseph Rudyard Kipling,https://en.wikipedia.org/wiki/Rudyard_Kipling
Individual,Author,"Philips of Marnix, Lord of Saint-Aldegonde, Lord of West-Souburg","https://en.wikipedia.org/wiki/Philips_of_Marnix,_Lord_of_Saint-Aldegonde"
Individual,Author,Richard Saunders,https://en.wikipedia.org/wiki/Poor_Richard%27s_Almanack
Individual,Author,Victor Hugo,https://en.wikipedia.org/wiki/Victor_Hugo
Individual,Author,"Walter Scott, 1st Baronet",https://en.wikipedia.org/wiki/Walter_Scott
Individual,Aviator,Allen Lang Seaman,https://en.wikipedia.org/wiki/Allen_L._Seaman
Individual,Aviator,Benjamin White Norris,https://en.wikipedia.org/wiki/USS_Norris#Namesake
Individual,Aviator,Bruce Lawrence Harwood,https://en.wikipedia.org/wiki/USS_Harwood#Namesake
Individual,Aviator,Charles Rollins Ware,https://en.wikipedia.org/wiki/USS_Charles_R._Ware_(DD-865)
Individual,Aviator,Clarence K. Bronson,https://en.wikipedia.org/wiki/USS_Clarence_K._Bronson
Individual,Aviator,David McCampbell,https://en.wikipedia.org/wiki/David_McCampbell
Individual,Aviator,Donald Marshall Carpenter,https://en.wikipedia.org/wiki/Donald_M._Carpenter
Individual,Aviator,Edward Henry O'Hare,https://en.wikipedia.org/wiki/Edward_O%27Hare
Individual,Aviator,Elmer Glenn Cooper,https://en.wikipedia.org/wiki/USS_Cooper#Namesake
Individual,Aviator,Eugene A. Greene,https://en.wikipedia.org/wiki/Eugene_A._Greene
Individual,Aviator,Eugene Elbert Lindsey,https://en.wikipedia.org/wiki/Eugene_E._Lindsey
Individual,Aviator,Floyd Bennett,https://en.wikipedia.org/wiki/Floyd_Bennett
Individual,Aviator,Floyd Bruce Parks,https://en.wikipedia.org/wiki/USS_Floyd_B._Parks
Individual,Aviator,George Milton Neal,https://en.wikipedia.org/wiki/George_M._Neal
Individual,Aviator,Godfrey de Courcelles Chevalier,https://en.wikipedia.org/wiki/Godfrey_Chevalier
Individual,Aviator,Gunther Pluschow,https://en.wikipedia.org/wiki/Gunther_Pl%C3%BCschow
Individual,Aviator,Hans Albrecht Wedel,https://de.wikipedia.org/wiki/Hans_Albrecht_Wedel
Individual,Aviator,Hans Rolshoven,https://de.wikipedia.org/wiki/Hans_Rolshoven
Individual,Aviator,Harlan Rockey Dickson,https://en.wikipedia.org/wiki/Harlan_Dickson
Individual,Aviator,Harold John Ellison,https://en.wikipedia.org/wiki/USS_Harold_J._Ellison_(DD-864)#Namesake
Individual,Aviator,Harry Brinkley Bass,https://en.wikipedia.org/wiki/Harry_Brinkley_Bass
Individual,Aviator,Hermann Kohl,https://en.wikipedia.org/wiki/Hermann_K%C3%B6hl
Individual,Aviator,James A. Shelton,https://en.wikipedia.org/wiki/James_A._Shelton
Individual,Aviator,James C. Owens Jr.,https://en.wikipedia.org/wiki/USS_James_C._Owens
Individual,Aviator,John Austin Collett,https://en.wikipedia.org/wiki/USS_Collett#Namesake
Individual,Aviator,John Charles Waldron,https://en.wikipedia.org/wiki/John_C._Waldron
Individual,Aviator,John Harlan Stickell,https://en.wikipedia.org/wiki/John_H._Stickell
Individual,Aviator,John Thomas Eversole,https://en.wikipedia.org/wiki/John_T._Eversole
Individual,Aviator,Jose Abelardo Quinones Gonzales,https://en.wikipedia.org/wiki/Jos%C3%A9_Qui%C3%B1ones_Gonzales
Individual,Aviator,Joseph Patrick Kennedy Jr.,https://en.wikipedia.org/wiki/Joseph_P._Kennedy_Jr.
Individual,Aviator,Karl Meyer,https://en.wikipedia.org/wiki/Karl_Meyer_(aviator)
Individual,Aviator,Lance Edward Massey,https://en.wikipedia.org/wiki/Lance_Edward_Massey
Individual,Aviator,Lloyd Thomas,https://en.wikipedia.org/wiki/USS_Lloyd_Thomas_(DD-764)#Namesake
Individual,Aviator,Manfred von Richthofen,https://en.wikipedia.org/wiki/Manfred_von_Richthofen
Individual,Aviator,Max Immelmann,https://en.wikipedia.org/wiki/Max_Immelmann
Individual,Aviator,Max Stinsky,
Individual,Aviator,Newton Henry Mason,https://en.wikipedia.org/wiki/USS_Mason_(DE-529)#Namesake
Individual,Aviator,Oswald Boelcke,https://en.wikipedia.org/wiki/Oswald_Boelcke
Individual,Aviator,Oswald Boelcke,https://en.wikipedia.org/wiki/Oswald_Boelcke
Individual,Aviator,Patrick Henry Hart,https://en.wikipedia.org/wiki/USS_Hart_(DD-594)#Namesake
Individual,Aviator,Paul L. Milius,https://en.wikipedia.org/wiki/USS_Milius
Individual,Aviator,Paul Teste,https://en.wikipedia.org/wiki/Paul_Teste
Individual,Aviator,Ralph McMaster Rich,https://en.wikipedia.org/wiki/Ralph_M._Rich
Individual,Aviator,Randolph Mitchell Holder,https://en.wikipedia.org/wiki/Randolph_M._Holder
Individual,Aviator,Richard Evelyn Byrd Jr.,https://en.wikipedia.org/wiki/Richard_E._Byrd
Individual,Aviator,Robert Kingsbury Huntington,https://en.wikipedia.org/wiki/USS_Robert_K._Huntington#Namesake
Individual,Aviator,Robert Murray Hanson,https://en.wikipedia.org/wiki/Robert_M._Hanson
Individual,Aviator,Samuel Adams,https://en.wikipedia.org/wiki/Samuel_Adams_(naval_officer)
Individual,Aviator,Stephen Potter,https://en.wikipedia.org/wiki/USS_Stephen_Potter#Namesake
Individual,Aviator,Thomas Jerome Hudner Jr.,https://en.wikipedia.org/wiki/Thomas_J._Hudner_Jr.
Individual,Aviator,William Bowen Ault,https://en.wikipedia.org/wiki/William_B._Ault
Individual,Aviator,William Clare Lawe,https://en.wikipedia.org/wiki/USS_William_C._Lawe_(DD-763)#Namesake
Individual,Aviator,William Devotie Billingsley,https://en.wikipedia.org/wiki/USS_Billingsley#Namesake
Individual,Aviator,Zachary Lansdowne,https://en.wikipedia.org/wiki/Zachary_Lansdowne
Individual,Child of Owner,Aliheydar Huseynov,https://en.wikipedia.org/wiki/HMS_Aladar_Youssanoff
Individual,Consort,"Alexandra Caroline Marie Charlotte Louise Julia, Queen consort of the United Kingdom",https://en.wikipedia.org/wiki/Alexandra_of_Denmark
Individual,Consort,"Augusta of Saxe-Weimar-Eisenach, German Empress consort",https://en.wikipedia.org/wiki/Augusta_of_Saxe-Weimar-Eisenach
Individual,Consort,"Augusta Victoria of Schleswig-Holstein, German Empress consort",https://en.wikipedia.org/wiki/Augusta_Victoria_of_Schleswig-Holstein
Individual,Consort,"Blanche of Castile, Queen consort of France",https://en.wikipedia.org/wiki/Blanche_of_Castile
Individual,Consort,Caroline of Brandenburg-Ansbach,https://en.wikipedia.org/wiki/Caroline_of_Ansbach
Individual,Consort,"Franz August Karl Albert Emanuel, Prince consort of the United Kingdom",https://en.wikipedia.org/wiki/Prince_Albert_of_Saxe-Coburg_and_Gotha
Individual,Consort,"Mary of Teck, Queen consort of the United Kingdom",https://en.wikipedia.org/wiki/Mary_of_Teck
Individual,Dictator,Rafael Leonidas Trujillo Molina,https://en.wikipedia.org/wiki/Rafael_Trujillo
Individual,Doctor,Lewis Heermann,https://en.wikipedia.org/wiki/USS_Heermann#Namesake
Individual,Doctor,William Longshaw Jr.,https://en.wikipedia.org/wiki/William_Longshaw_Jr.
Individual,Elected Leader,Abraham Lincoln,https://en.wikipedia.org/wiki/Abraham_Lincoln
Individual,Elected Leader,Charles de Gaulle,https://en.wikipedia.org/wiki/Charles_de_Gaulle
Individual,Elected Leader,Dwight D. Eisenhower,https://en.wikipedia.org/wiki/Dwight_D._Eisenhower
Individual,Elected Leader,Francisco del Rosario Sanchez,https://en.wikipedia.org/wiki/Francisco_del_Rosario_S%C3%A1nchez
Individual,Elected Leader,Francisco Jose de Paula Santander y Omana,https://en.wikipedia.org/wiki/Francisco_de_Paula_Santander
Individual,Elected Leader,Franklin D. Roosevelt,https://en.wikipedia.org/wiki/Franklin_D._Roosevelt
Individual,Elected Leader,George H. W. Bush,https://en.wikipedia.org/wiki/George_H._W._Bush
Individual,Elected Leader,George Washington,https://en.wikipedia.org/wiki/George_Washington
Individual,Elected Leader,Georges Clemenceau,https://en.wikipedia.org/wiki/Georges_Clemenceau
Individual,Elected Leader,Gerald R. Ford,https://en.wikipedia.org/wiki/Gerald_Ford
Individual,Elected Leader,Harry S. Truman,https://en.wikipedia.org/wiki/Harry_S._Truman
Individual,Elected Leader,John F. Kennedy,https://en.wikipedia.org/wiki/John_F._Kennedy
Individual,Elected Leader,José Eloy Alfaro Delgado,https://en.wikipedia.org/wiki/Eloy_Alfaro
Individual,Elected Leader,Lyndon Baines Johnson,https://en.wikipedia.org/wiki/Lyndon_B._Johnson
Individual,Elected Leader,Manuel Blanco Encalada,https://en.wikipedia.org/wiki/Manuel_Blanco_Encalada
Individual,Elected Leader,Manuel Jose Blanco y Calvo de Encalada,https://en.wikipedia.org/wiki/Manuel_Blanco_Encalada
Individual,Elected Leader,Oliver Cromwell,https://en.wikipedia.org/wiki/Oliver_Cromwell
Individual,Elected Leader,Ronald Reagan,https://en.wikipedia.org/wiki/Ronald_Reagan
Individual,Elected Leader,Themistocles,https://en.wikipedia.org/wiki/Themistocles
Individual,Elected Leader,Theodore Roosevelt,https://en.wikipedia.org/wiki/Theodore_Roosevelt
Individual,Elected Representative,Benjamin Ryan Tillman,https://en.wikipedia.org/wiki/Benjamin_Tillman
Individual,Elected Representative,Carl Milton Levin,https://en.wikipedia.org/wiki/Carl_Levin
Individual,Elected Representative,Carl Vinson,https://en.wikipedia.org/wiki/Carl_Vinson
Individual,Elected Representative,Daniel Ken Inouye,https://en.wikipedia.org/wiki/Daniel_Inouye
Individual,Elected Representative,Eugene Hale,https://en.wikipedia.org/wiki/Eugene_Hale
Individual,Elected Representative,Jeremiah Andrew Denton Jr.,https://en.wikipedia.org/wiki/Jeremiah_Denton
Individual,Elected Representative,John C. Stennis,https://en.wikipedia.org/wiki/John_C._Stennis
Individual,Elected Representative,John William Ditter Sr.,https://en.wikipedia.org/wiki/J._William_Ditter
Individual,Elected Representative,Joshua Frederick Cockey Talbott,https://en.wikipedia.org/wiki/J._Frederick_C._Talbott
Individual,Elected Representative,Samuel Augustus Nunn Jr.,https://en.wikipedia.org/wiki/Sam_Nunn
Individual,Elected Representative,Theodore Fulton Stevens Sr.,https://en.wikipedia.org/wiki/Ted_Stevens
Individual,Elected Representative,William Thad Cochran,https://en.wikipedia.org/wiki/Thad_Cochran
Individual,Engineer,Charles Wilson Dyson,https://en.wikipedia.org/wiki/Charles_Wilson_Dyson
Individual,Engineer,David Watson Taylor,https://en.wikipedia.org/wiki/David_W._Taylor
Individual,Engineer,Henri Dupuy de Lome,https://en.wikipedia.org/wiki/Henri_Dupuy_de_L%C3%B4me
Individual,Engineer,Jacques-Noel Sane,https://en.wikipedia.org/wiki/Jacques-No%C3%ABl_San%C3%A9
Individual,Engineer,Joshua Humphreys,https://en.wikipedia.org/wiki/Joshua_Humphreys
Individual,Engineer,Louis-Emile Bertin,https://en.wikipedia.org/wiki/Louis-%C3%89mile_Bertin
Individual,Engineer,Pierre-Alexandre-Laurent Forfait,https://en.wikipedia.org/wiki/Pierre-Alexandre-Laurent_Forfait
Individual,Engineer,Robert Brooke Dashiell,https://en.wikipedia.org/wiki/Robert_B._Dashiell
Individual,Engineer,"Sebastien Le Prestre, Marquis of Vauban","https://en.wikipedia.org/wiki/S%C3%A9bastien_Le_Prestre,_Marquis_of_Vauban"
Individual,Escaped Slave,Robert Smalls,https://en.wikipedia.org/wiki/Robert_Smalls
Individual,Escaped Slave,Spartacus,https://en.wikipedia.org/wiki/Spartacus
Individual,Explorer,"Antoine Raymond Joseph de Bruni, chevalier d'Entrecasteaux",https://en.wikipedia.org/wiki/Antoine_Bruni_d%27Entrecasteaux
Individual,Explorer,Antonio de Abreu,https://en.wikipedia.org/wiki/Ant%C3%B3nio_de_Abreu
Individual,Explorer,Christopher Columbus,https://en.wikipedia.org/wiki/Christopher_Columbus
Individual,Explorer,Dionisio Alcala Galiano,"https://en.wikipedia.org/wiki/Dionisio_Alcal%C3%A1_Galiano#:~:text=Dionisio%20Alcal%C3%A1%20Galiano%20(8%20October,new%20technology%20such%20as%20chronometers."
Individual,Explorer,Edwin Jesse DeHaven,https://en.wikipedia.org/wiki/Edwin_De_Haven
Individual,Explorer,Francis Rawdon Moira Crozier,https://en.wikipedia.org/wiki/Francis_Crozier
Individual,Explorer,Gennady Nevelskoy,https://en.wikipedia.org/wiki/Gennady_Nevelskoy
Individual,Explorer,George Vancouver,https://en.wikipedia.org/wiki/George_Vancouver
Individual,Explorer,"Jean-Francois de Galaup, comte de Laperouse","https://en.wikipedia.org/wiki/Jean-Fran%C3%A7ois_de_Galaup,_comte_de_Lap%C3%A9rouse"
Individual,Explorer,John Cabot,https://en.wikipedia.org/wiki/John_Cabot
Individual,Explorer,Martin Frobisher,https://en.wikipedia.org/wiki/Martin_Frobisher
Individual,Explorer,Nearchus,https://en.wikipedia.org/wiki/Nearchus
Individual,Explorer,Nicolas Baudin,https://en.wikipedia.org/wiki/Nicolas_Baudin
Individual,Explorer,Robert Edwin Peary,https://en.wikipedia.org/wiki/Robert_Peary
Individual,Explorer,Samuel de Champlain,https://en.wikipedia.org/wiki/Samuel_de_Champlain
Individual,Explorer,Thomas Cavendish,https://en.wikipedia.org/wiki/Thomas_Cavendish
Individual,Family,Belknap Family,https://en.wikipedia.org/wiki/George_Belknap
Individual,Family,Ellet Family,https://en.wikipedia.org/wiki/USS_Ellet
Individual,Family,Evertsen Family,https://en.wikipedia.org/wiki/Evertsen_family
Individual,Family,Faulknor Family,https://en.wikipedia.org/wiki/Faulknor_family
Individual,Family,Gearing Family,https://en.wikipedia.org/wiki/Gearing_family
Individual,Family,Hollister Brothers,https://en.wikipedia.org/wiki/Hollister_brothers
Individual,Family,John Rodgers,"https://en.wikipedia.org/wiki/John_Rodgers_(naval_officer,_born_1772)#Influence_and_legacy"
Individual,Family,Jurien de la Graviere,https://en.wikipedia.org/wiki/Jurien_de_la_Gravi%C3%A8re
Individual,Family,Macomb Family,https://en.wikipedia.org/wiki/Macomb_(surname)
Individual,Family,Marquis de Vaudreuil,https://en.wikipedia.org/wiki/Vaudreuil#People
Individual,Family,Mustin Family,https://en.wikipedia.org/wiki/Mustin_family
Individual,Family,Nicholson Family,
Individual,Family,Onslow Family,https://en.wikipedia.org/wiki/Earl_of_Onslow
Individual,Family,Rogers Brothers,https://en.wikipedia.org/wiki/Rogers_brothers
Individual,Family,Seymour Family,https://en.wikipedia.org/wiki/Admiral_Seymour
Individual,Family,Sullivan Brothers,https://en.wikipedia.org/wiki/Sullivan_brothers
Individual,Family,Wainwright Family,https://en.wikipedia.org/wiki/Jonathan_Mayhew_Wainwright_(naval_officer)
Individual,General,"Abraham de Fabert, marquis d'Esternay",https://en.wikipedia.org/wiki/Abraham_de_Fabert
Individual,General,Albrecht von Roon,https://en.wikipedia.org/wiki/Albrecht_von_Roon
Individual,General,Andre Massena,https://en.wikipedia.org/wiki/Andr%C3%A9_Mass%C3%A9na
Individual,General,Antoine Chanzy,https://en.wikipedia.org/wiki/Antoine_Chanzy
Individual,General,Antonio Jose de Sucre,https://en.wikipedia.org/wiki/Antonio_Jos%C3%A9_de_Sucre
Individual,General,"Arthur Wellesley, 1st Duke of Wellington","https://en.wikipedia.org/wiki/Arthur_Wellesley,_1st_Duke_of_Wellington"
Individual,General,August Karl von Goeben,https://en.wikipedia.org/wiki/August_Karl_von_Goeben
Individual,General,August Neidhardt von Gneisenau,https://en.wikipedia.org/wiki/August_Neidhardt_von_Gneisenau
Individual,General,August von Mackensen,https://en.wikipedia.org/wiki/August_von_Mackensen
Individual,General,Bernardo O'Higgins Riquelme,https://en.wikipedia.org/wiki/Bernardo_O%27Higgins
Individual,General,Bertrand du Guesclin,https://en.wikipedia.org/wiki/Bertrand_du_Guesclin
Individual,General,Carl Schurz,https://en.wikipedia.org/wiki/Carl_Schurz
Individual,General,Charles Augustus Doyen,https://en.wikipedia.org/wiki/Charles_A._Doyen
Individual,General,"Charles Henri Hector, Count of Estaing","https://en.wikipedia.org/wiki/Charles_Henri_Hector,_Count_of_Estaing"
Individual,General,Cimon,https://en.wikipedia.org/wiki/Cimon
Individual,General,"Claude Louis Hector de Villars, 1st Duke of Villars","https://en.wikipedia.org/wiki/Claude_Louis_Hector_de_Villars,_1st_Duke_of_Villars"
Individual,General,"Colin Campbell, 1st Baron Clyde","https://en.wikipedia.org/wiki/Colin_Campbell,_1st_Baron_Clyde"
Individual,General,David Monroe Shoup,https://en.wikipedia.org/wiki/David_M._Shoup
Individual,General,Ferdinand Foch,https://en.wikipedia.org/wiki/Ferdinand_Foch
Individual,General,Ferdinand von Zeppelin,https://en.wikipedia.org/wiki/Ferdinand_von_Zeppelin
Individual,General,Francois Severin Marceau,https://en.wikipedia.org/wiki/Fran%C3%A7ois_S%C3%A9verin_Marceau
Individual,General,Frank Edgar Evans,https://en.wikipedia.org/wiki/Frank_Evans_(general)
Individual,General,Frank Emmanuel Petersen Jr.,https://en.wikipedia.org/wiki/Frank_E._Petersen
Individual,General,Friedrich Wilhelm von Seydlitz,https://en.wikipedia.org/wiki/Friedrich_Wilhelm_von_Seydlitz
Individual,General,Gajah Mada,https://en.wikipedia.org/wiki/Gajah_Mada
Individual,General,Gebhard Leberecht von Blucher,https://en.wikipedia.org/wiki/Gebhard_Leberecht_von_Bl%C3%BCcher
Individual,General,Georg von Derfflinger,https://en.wikipedia.org/wiki/Georg_von_Derfflinger
Individual,General,"George Monck, 1st Duke of Albemarle","https://en.wikipedia.org/wiki/George_Monck,_1st_Duke_of_Albemarle"
Individual,General,Gerhard von Scharnhorst,https://en.wikipedia.org/wiki/Gerhard_von_Scharnhorst
Individual,General,"Gilbert du Motier, Marquis de Lafayette","https://en.wikipedia.org/wiki/Gilbert_du_Motier,_Marquis_de_Lafayette"
Individual,General,Gregorio del Pilar,https://en.wikipedia.org/wiki/Gregorio_del_Pilar
Individual,General,Hannibal,https://en.wikipedia.org/wiki/Hannibal
Individual,General,Helmuth von Moltke the Elder,https://en.wikipedia.org/wiki/Helmuth_von_Moltke_the_Elder
Individual,General,"Henri de La Tour d'Auvergne, Viscount of Turenne","https://en.wikipedia.org/wiki/Henri_de_La_Tour_d%27Auvergne,_Viscount_of_Turenne"
Individual,General,Henry Havelock,https://en.wikipedia.org/wiki/Henry_Havelock
Individual,General,Hugh Massy Wheeler,https://en.wikipedia.org/wiki/Hugh_Wheeler_(East_India_Company_officer)
Individual,General,Jacob Zeilin,https://en.wikipedia.org/wiki/Jacob_Zeilin
Individual,General,"James Graham, 1st Marquess of Montrose","https://en.wikipedia.org/wiki/James_Graham,_1st_Marquess_of_Montrose"
Individual,General,"Jean-Baptiste Donatien de Vimeur, comte de Rochambeau","https://en.wikipedia.org/wiki/Jean-Baptiste_Donatien_de_Vimeur,_comte_de_Rochambeau"
Individual,General,Jean-Baptiste Kleber,https://en.wikipedia.org/wiki/Jean-Baptiste_Kl%C3%A9ber
Individual,General,"John Churchill, 1st Duke of Marlborough","https://en.wikipedia.org/wiki/John_Churchill,_1st_Duke_of_Marlborough"
Individual,General,"John Talbot, 1st Earl of Shrewsbury","https://en.wikipedia.org/wiki/John_Talbot,_1st_Earl_of_Shrewsbury"
Individual,General,Joseph Joffre,https://en.wikipedia.org/wiki/Joseph_Joffre
Individual,General,Julius Caesar,https://en.wikipedia.org/wiki/Julius_Caesar
Individual,General,Lazare Hoche,https://en.wikipedia.org/wiki/Lazare_Hoche
Individual,General,Littleton Tazewell Waller,https://en.wikipedia.org/wiki/Littleton_Waller
Individual,General,Louis Desaix,https://en.wikipedia.org/wiki/Louis_Desaix
Individual,General,Louis Friant,https://en.wikipedia.org/wiki/Louis_Friant
Individual,General,Louis Hugh Wilson Jr.,https://en.wikipedia.org/wiki/Louis_H._Wilson_Jr.
Individual,General,"Louis II de Bourbon, Prince of Conde","https://en.wikipedia.org/wiki/Louis,_Grand_Cond%C3%A9"
Individual,General,"Louis-Gabriel Suchet, duc d'Albufera",https://en.wikipedia.org/wiki/Louis-Gabriel_Suchet
Individual,General,Louis-Joseph de Montcalm,https://en.wikipedia.org/wiki/Louis-Joseph_de_Montcalm
Individual,General,Louis-Nicolas d'Avout,https://en.wikipedia.org/wiki/Louis-Nicolas_Davout
Individual,General,Ludwig Adolf Wilhelm von Lutzow,https://en.wikipedia.org/wiki/Ludwig_Adolf_Wilhelm_von_L%C3%BCtzow
Individual,General,Ludwig Freiherr von und zu der Tann-Rathsamhausen,https://en.wikipedia.org/wiki/Ludwig_Freiherr_von_und_zu_der_Tann-Rathsamhausen
Individual,General,Ludwig Yorck von Wartenburg,https://en.wikipedia.org/wiki/Ludwig_Yorck_von_Wartenburg
Individual,General,Ly Thuong Kiet,https://en.wikipedia.org/wiki/L%C3%BD_Th%C6%B0%E1%BB%9Dng_Ki%E1%BB%87t
Individual,General,Lysander,https://en.wikipedia.org/wiki/Lysander
Individual,General,Manuel Belgrano,https://en.wikipedia.org/wiki/Manuel_Belgrano
Individual,General,Marcus Atilius Regulus,https://en.wikipedia.org/wiki/Marcus_Atilius_Regulus_(consul_267_BC)
Individual,General,Merritt Austin Edson Sr.,https://en.wikipedia.org/wiki/Merritt_A._Edson
Individual,General,Mohamed El-Fateh Karim,
Individual,General,Ngo Quyen,https://en.wikipedia.org/wiki/Ng%C3%B4_Quy%E1%BB%81n
Individual,General,Nicolas Catinat,https://en.wikipedia.org/wiki/Nicolas_Catinat
Individual,General,Nikolay Muravyov-Amursky,https://en.wikipedia.org/wiki/Nikolay_Muravyov-Amursky
Individual,General,Paul von Hindenburg,https://en.wikipedia.org/wiki/Paul_von_Hindenburg
Individual,General,Pham Ngu Lao,https://en.wikipedia.org/wiki/Ph%E1%BA%A1m_Ng%C5%A9_L%C3%A3o
Individual,General,Prince Eugene of Savoy,https://en.wikipedia.org/wiki/Prince_Eugene_of_Savoy
Individual,General,Randolph Carter Berkeley,https://en.wikipedia.org/wiki/Randolph_C._Berkeley
Individual,General,Robert Henry Dunlap,https://en.wikipedia.org/wiki/Robert_H._Dunlap
Individual,General,Scipio Africanus,https://en.wikipedia.org/wiki/Scipio_Africanus
Individual,General,Smedley Darlington Butler,https://en.wikipedia.org/wiki/Smedley_Butler
Individual,General,Tariq ibn Ziyad,https://en.wikipedia.org/wiki/Tariq_ibn_Ziyad
Individual,General,Tariq ibn Ziyad,https://en.wikipedia.org/wiki/Tariq_ibn_Ziyad
Individual,General,"Thomas Robert Bugeaud, marquis de la Piconnerie, duc d'Isly",https://en.wikipedia.org/wiki/Thomas_Robert_Bugeaud
Individual,General,Tran Binh Trong,https://en.wikipedia.org/wiki/Tr%E1%BA%A7n_B%C3%ACnh_Tr%E1%BB%8Dng
Individual,General,Tran Nhat Duat,https://en.wikipedia.org/wiki/Tr%E1%BA%A7n_Nh%E1%BA%ADt_Du%E1%BA%ADt
Individual,General,Tran Quang Khai,https://en.wikipedia.org/wiki/Tr%E1%BA%A7n_Quang_Kh%E1%BA%A3i
Individual,General,Tran Quoc Toan,https://en.wikipedia.org/wiki/Tr%E1%BA%A7n_Qu%E1%BB%91c_To%E1%BA%A3n
Individual,General,William Henry Rupertus,https://en.wikipedia.org/wiki/William_H._Rupertus
Individual,General,"William II of Wurttemberg, King of Wurttemberg",https://en.wikipedia.org/wiki/William_II_of_W%C3%BCrttemberg
Individual,Historian,James Russell Soley,https://en.wikipedia.org/wiki/James_R._Soley
Individual,Inventor,Charles Francis Brush,https://en.wikipedia.org/wiki/Charles_F._Brush
Individual,Inventor,Cowper Phipps Coles,https://en.wikipedia.org/wiki/Cowper_Phipps_Coles
Individual,Inventor,Denis Papin,https://en.wikipedia.org/wiki/Denis_Papin
Individual,Inventor,Glenn Curtiss,https://en.wikipedia.org/wiki/Glenn_Curtiss
Individual,Inventor,Grace Brewster Hopper,https://en.wikipedia.org/wiki/Grace_Hopper
Individual,Inventor,John Adolphus Bernard Dahlgren,https://en.wikipedia.org/wiki/John_A._Dahlgren
Individual,Inventor,John Ericsson,https://en.wikipedia.org/wiki/John_Ericsson
Individual,Inventor,Richard Jordan Gatling,https://en.wikipedia.org/wiki/Richard_Jordan_Gatling
Individual,Inventor,Robert Fulton,https://en.wikipedia.org/wiki/Robert_Fulton
Individual,Inventor,Robert Whitehead,https://en.wikipedia.org/wiki/Robert_Whitehead_(engineer)
Individual,Inventor,Samuel Pierpont Langley,https://en.wikipedia.org/wiki/Samuel_Langley
Individual,Inventor,Thomas Alva Edison,https://en.wikipedia.org/wiki/Thomas_Edison
Individual,Inventor,Wright brothers,https://en.wikipedia.org/wiki/Wright_brothers
Individual,Land Battle,"First Battle of the Marne, World War I",https://en.wikipedia.org/wiki/First_Battle_of_the_Marne
Individual,Monarch,"Abdul Hamid II, Sultan of the Ottoman Empire",https://en.wikipedia.org/wiki/Abdul_Hamid_II
Individual,Monarch,"Abdulaziz, Sultan of the Ottoman Empire",https://en.wikipedia.org/wiki/Abdulaziz
Individual,Monarch,Abu Talib Muhammad Tughril ibn Mika'il,https://en.wikipedia.org/wiki/Tughril_I
Individual,Monarch,"Abu Talib Muhammad Tughril ibn Mika'il, Sultan of the Seljuk Empire",https://en.wikipedia.org/wiki/Tughril_I
Individual,Monarch,Agamemnon,https://en.wikipedia.org/wiki/Agamemnon
Individual,Monarch,Alamgir I,https://en.wikipedia.org/wiki/Aurangzeb
Individual,Monarch,"Alamgir I, Mughal Emperor",https://en.wikipedia.org/wiki/Aurangzeb
Individual,Monarch,"Albert Edward, King of the United Kingdom",https://en.wikipedia.org/wiki/Edward_VII
Individual,Monarch,"Albert Frederick Arthur George, King of the United Kingdom",https://en.wikipedia.org/wiki/George_VI
Individual,Monarch,"Alexandrina Victoria, Queen of the United Kingdom",https://en.wikipedia.org/wiki/Queen_Victoria
Individual,Monarch,"Alfred the Great, King of the Anglo-Saxons",https://en.wikipedia.org/wiki/Alfred_the_Great
Individual,Monarch,"Anne, Queen of Great Britain","https://en.wikipedia.org/wiki/Anne,_Queen_of_Great_Britain"
Individual,Monarch,Boudica,https://en.wikipedia.org/wiki/Boudica
Individual,Monarch,Brennus,https://en.wikipedia.org/wiki/Brennus_(leader_of_the_Senones)
Individual,Monarch,Caradoc Vreichvras,https://en.wikipedia.org/wiki/Caradoc
Individual,Monarch,"Charlemagne, King of the Franks",https://en.wikipedia.org/wiki/Charlemagne
Individual,Monarch,"Charles Martel, Duke and Prince of the Franks",https://en.wikipedia.org/wiki/Charles_Martel
Individual,Monarch,"Charles VI, Holy Roman Emperor","https://en.wikipedia.org/wiki/Charles_VI,_Holy_Roman_Emperor"
Individual,Monarch,Cleopatra VII Thea Philopator,https://en.wikipedia.org/wiki/Cleopatra
Individual,Monarch,"Constantine I of Greece, King of the Hellenes",https://en.wikipedia.org/wiki/Constantine_I_of_Greece
Individual,Monarch,Cordelia of Britain,https://en.wikipedia.org/wiki/Cordelia_of_Britain
Individual,Monarch,"Cuauhtemoc, Emperor of Tenochtitlan",https://en.wikipedia.org/wiki/Cuauht%C3%A9moc
Individual,Monarch,"Cuitlahuac, Emperor of Tenochtitlan",https://en.wikipedia.org/wiki/Cuitl%C3%A1huac
Individual,Monarch,"Cyrus II, Emperor of Persia",https://en.wikipedia.org/wiki/Cyrus_the_Great
Individual,Monarch,"Darius I, Emperor of the Achaemenid Empire",https://en.wikipedia.org/wiki/Darius_the_Great
Individual,Monarch,Dido,https://en.wikipedia.org/wiki/Dido
Individual,Monarch,Diodotus Tryphon,https://en.wikipedia.org/wiki/Diodotus_Tryphon
Individual,Monarch,"Edgar, King of England","https://en.wikipedia.org/wiki/Edgar,_King_of_England"
Individual,Monarch,"Elizabeth Tudor, Queen of England and Ireland",https://en.wikipedia.org/wiki/Elizabeth_I
Individual,Monarch,"Fateh Ali Sahab Tipu, Sultan of Mysore",https://en.wikipedia.org/wiki/Tipu_Sultan
Individual,Monarch,"Frederick Barbarossa, Holy Roman Emperor",https://en.wikipedia.org/wiki/Frederick_Barbarossa
Individual,Monarch,"Frederick III, German Emperor","https://en.wikipedia.org/wiki/Frederick_III,_German_Emperor"
Individual,Monarch,"Frederick the Great, King of Prussia",https://en.wikipedia.org/wiki/Frederick_the_Great
Individual,Monarch,"Frederick William, Elector of Brandenburg","https://en.wikipedia.org/wiki/Frederick_William,_Elector_of_Brandenburg"
Individual,Monarch,"George Frederick Ernest Albert, King of the United Kingdom",https://en.wikipedia.org/wiki/George_V
Individual,Monarch,Haakon VII,https://en.wikipedia.org/wiki/Haakon_VII
Individual,Monarch,"Henry IV, King of France",https://en.wikipedia.org/wiki/Henry_IV_of_France
Individual,Monarch,"Jalal-ud-Din Muhammad Akbar, Sultan of Hindustan",https://en.wikipedia.org/wiki/Akbar
Individual,Monarch,"Khosrow I, Emperor of the Sasanian Empire",https://en.wikipedia.org/wiki/Khosrow_I
Individual,Monarch,Leonidas I,https://en.wikipedia.org/wiki/Leonidas_I
Individual,Monarch,Llywelyn ap Gruffudd,https://en.wikipedia.org/wiki/Llywelyn_ap_Gruffudd
Individual,Monarch,"Louis IX, King of France",https://en.wikipedia.org/wiki/Louis_IX_of_France
Individual,Monarch,"Mehmed V Resad, Sultan of the Ottoman Empire",https://en.wikipedia.org/wiki/Mehmed_V
Individual,Monarch,Muhammad Alp Arslan bin Dawud Chaghri,https://en.wikipedia.org/wiki/Alp_Arslan
Individual,Monarch,"Nader Shah Afshar, Emperor of Iran",https://en.wikipedia.org/wiki/Nader_Shah
Individual,Monarch,"Netzahualcoyotl, Emperor of Texcoco",https://en.wikipedia.org/wiki/Nezahualcoyotl_(tlatoani)
Individual,Monarch,Nur al-Din Muhammad Salim,https://en.wikipedia.org/wiki/Jahangir
Individual,Monarch,"Nur al-Din Muhammad Salim, Emperor of the Mughal Empire",https://en.wikipedia.org/wiki/Jahangir
Individual,Monarch,Offa of Mercia,https://en.wikipedia.org/wiki/Offa_of_Mercia
Individual,Monarch,"Osman Ali Khan, Asaf Jah VII",https://en.wikipedia.org/wiki/Mir_Osman_Ali_Khan
Individual,Monarch,Pratap Singh I ,https://en.wikipedia.org/wiki/Maharana_Pratap
Individual,Monarch,Ranjit Singh,https://en.wikipedia.org/wiki/Ranjit_Singh
Individual,Monarch,Robert I,https://en.wikipedia.org/wiki/Robert_the_Bruce
Individual,Monarch,Salah ad-Din Yusuf ibn Ayyub,https://en.wikipedia.org/wiki/Saladin
Individual,Monarch,Seleucus I Nicator,https://en.wikipedia.org/wiki/Seleucus_I_Nicator
Individual,Monarch,"Selim I, Sultan of the Ottoman Empire",https://en.wikipedia.org/wiki/Selim_I
Individual,Monarch,Shah Jahan I,https://en.wikipedia.org/wiki/Shah_Jahan
Individual,Monarch,"Shah Jahan I, Mughal Emperor",https://en.wikipedia.org/wiki/Shah_Jahan
Individual,Monarch,Timur,https://en.wikipedia.org/wiki/Timur
Individual,Monarch,"Timur, Amir of the Timurid Empire",https://en.wikipedia.org/wiki/Timur
Individual,Monarch,Tipu Sultan,https://en.wikipedia.org/wiki/Tipu_Sultan
Individual,Monarch,Vortigern,https://en.wikipedia.org/wiki/Vortigern
Individual,Monarch,"Wilhelm I, German Emperor",https://en.wikipedia.org/wiki/Wilhelm_I
Individual,Monarch,"Wilhelm II, German Emperor",https://en.wikipedia.org/wiki/Wilhelm_II
Individual,Monarch,"Zahir ud-Din Muhammad, Emperor of the Mughal Empire",https://en.wikipedia.org/wiki/Babur
Individual,Naval Officer,Abner Read,https://en.wikipedia.org/wiki/Abner_Read
Individual,Naval Officer,Albert Dillon Sturtevant,https://en.wikipedia.org/wiki/Albert_D._Sturtevant
Individual,Naval Officer,Albert Harold Rooks,https://en.wikipedia.org/wiki/Albert_H._Rooks
Individual,Naval Officer,Alexander James Dallas,https://en.wikipedia.org/wiki/Alexander_J._Dallas_(United_States_Navy_officer)
Individual,Naval Officer,Alexander Laws,https://en.wikipedia.org/wiki/USS_Laws#Alexander_Laws#Naming
Individual,Naval Officer,Alexander McCormick Jr.,https://en.wikipedia.org/wiki/USS_McCormick
Individual,Naval Officer,Alexander Slidell MacKenzie,https://en.wikipedia.org/wiki/Alexander_Slidell_MacKenzie
Individual,Naval Officer,Andrea Bafile,https://it.wikipedia.org/wiki/Andrea_Bafile
Individual,Naval Officer,Andrew Boyd Cummings,https://en.wikipedia.org/wiki/Andrew_Boyd_Cummings
Individual,Naval Officer,Andrew Sterett,https://en.wikipedia.org/wiki/Andrew_Sterett
Individual,Naval Officer,Anthony A. Smalley,https://en.wikipedia.org/wiki/USS_Smalley#Namesake
Individual,Naval Officer,Antonio Carlos de Mariz e Barros,https://en.wikipedia.org/wiki/Ant%C3%B4nio_Carlos_de_Mariz_e_Barros
Individual,Naval Officer,Archibald H. Gillespie,https://en.wikipedia.org/wiki/Archibald_H._Gillespie
Individual,Naval Officer,Archibald Hamilton,https://en.wikipedia.org/wiki/USS_Hamilton_(DD-141)#Namesake
Individual,Naval Officer,Aristide Aubert du Petit-Thouars,https://en.wikipedia.org/wiki/Aristide_Aubert_du_Petit-Thouars
Individual,Naval Officer,Arnold J. Isbell,https://en.wikipedia.org/wiki/Arnold_J._Isbell
Individual,Naval Officer,Arnold Marcus,https://en.wikipedia.org/wiki/USS_Marcus#Namesake
Individual,Naval Officer,Arthur James Elliot II,https://en.wikipedia.org/wiki/Arthur_J._Elliot_II
Individual,Naval Officer,Arturo Prat,https://en.wikipedia.org/wiki/Arturo_Prat
Individual,Naval Officer,Augustus C. Ludlow,https://en.wikipedia.org/wiki/Augustus_Ludlow
Individual,Naval Officer,Bernhard von Tschirschky,https://de.wikipedia.org/wiki/Bernhard_von_Tschirschky
Individual,Naval Officer,Carl Jerrold Peterson,https://en.wikipedia.org/wiki/Carl_Jerrold_Peterson
Individual,Naval Officer,Carlton Barmore Hutchins,https://en.wikipedia.org/wiki/Carlton_B._Hutchins
Individual,Naval Officer,Cassin Young,https://en.wikipedia.org/wiki/Cassin_Young
Individual,Naval Officer,Charles E. Tolman,https://en.wikipedia.org/wiki/USS_Tolman#Namesake
Individual,Naval Officer,Charles Ellwood Colahan,https://en.wikipedia.org/wiki/USS_Colahan#Namesake
Individual,Naval Officer,Charles Emerson Hovey,https://en.wikipedia.org/wiki/Charles_Hovey_(naval_officer)
Individual,Naval Officer,Charles Flint Putnam,https://en.wikipedia.org/wiki/Charles_F._Putnam
Individual,Naval Officer,Charles Foster Wedderburn,https://en.wikipedia.org/wiki/USS_Wedderburn#Namesake
Individual,Naval Officer,Charles H. Swasey,https://en.wikipedia.org/wiki/Charles_Swasey
Individual,Naval Officer,Charles Hazeltine Hammann,https://en.wikipedia.org/wiki/Charles_Hammann
Individual,Naval Officer,Charles John Moore Mansfield,https://en.wikipedia.org/wiki/Charles_John_Moore_Mansfield
Individual,Naval Officer,Charles Louis du Couedic de Kergoaler,
Individual,Naval Officer,Charles Lydiard,https://en.wikipedia.org/wiki/Charles_Lydiard
Individual,Naval Officer,Charles S. Kendrick,https://en.wikipedia.org/wiki/USS_Kendrick#Namesake
Individual,Naval Officer,Charles Satterlee,https://en.wikipedia.org/wiki/Charles_Satterlee
Individual,Naval Officer,Charles Vernon Gridley,https://en.wikipedia.org/wiki/Charles_Vernon_Gridley
Individual,Naval Officer,Charles Williamson Flusser,https://en.wikipedia.org/wiki/Charles_W._Flusser
Individual,Naval Officer,Clarence Crase Thomas,https://en.wikipedia.org/wiki/Clarence_Crase_Thomas
Individual,Naval Officer,Clarence Frederick Leary,https://en.wikipedia.org/wiki/Clarence_F._Leary
Individual,Naval Officer,Clyde Everett Lassen,https://en.wikipedia.org/wiki/Clyde_Everett_Lassen
Individual,Naval Officer,Daniel Todd Patterson,https://en.wikipedia.org/wiki/Daniel_Patterson_(naval_officer)
Individual,Naval Officer,Daniel Turner,https://en.wikipedia.org/wiki/Daniel_Turner_(naval_officer)
Individual,Naval Officer,Daniel Waters,https://en.wikipedia.org/wiki/Daniel_Waters_(minuteman)
Individual,Naval Officer,David Bernard Loveman Noa,https://en.wikipedia.org/wiki/Loveman_Noa
Individual,Naval Officer,David McDermut,https://en.wikipedia.org/wiki/USS_McDermut
Individual,Naval Officer,David Ross,https://en.wikipedia.org/wiki/USS_Ross_(DD-563)#Namesake
Individual,Naval Officer,Diego Ferré Sosa,https://es.wikipedia.org/wiki/Diego_Ferr%C3%A9
Individual,Naval Officer,Donald Gilbert Cook,https://en.wikipedia.org/wiki/Donald_Cook_(Medal_of_Honor)
Individual,Naval Officer,Donald Kirby Ross,https://en.wikipedia.org/wiki/Donald_K._Ross
Individual,Naval Officer,Douglas Harold Fox,https://en.wikipedia.org/wiki/USS_Douglas_H._Fox#Namesake
Individual,Naval Officer,Dudley Walker Morton,https://en.wikipedia.org/wiki/Dudley_W._Morton
Individual,Naval Officer,Dulany Forrest,https://en.wikipedia.org/wiki/USS_Forrest#Namesake
Individual,Naval Officer,Duncan Nathaniel Ingraham,https://en.wikipedia.org/wiki/Duncan_Ingraham
Individual,Naval Officer,Earle Wayne Freed Childs,https://en.wikipedia.org/wiki/USS_Childs#Namesake
Individual,Naval Officer,Edward A. Terry,https://en.wikipedia.org/wiki/Edward_A._Terry
Individual,Naval Officer,Edward Canfield Fuller,https://en.wikipedia.org/wiki/Edward_Fuller_(U.S._Marine_Corps_officer)
Individual,Naval Officer,Edward Fitzgerald Beale,https://en.wikipedia.org/wiki/Edward_Fitzgerald_Beale
Individual,Naval Officer,Edward J. Ballard,https://en.wikipedia.org/wiki/Edward_J._Ballard
Individual,Naval Officer,Edward Lea,https://en.wikipedia.org/wiki/Edward_Lea
Individual,Naval Officer,Edward Merritt Hughes,https://en.wikipedia.org/wiki/USS_Hughes#Namesake
Individual,Naval Officer,Edward Moale Jr.,https://en.wikipedia.org/wiki/USS_Moale#Namesake
Individual,Naval Officer,Edward R. McCall,https://en.wikipedia.org/wiki/Edward_McCall
Individual,Naval Officer,Edward Rotheram,https://en.wikipedia.org/wiki/Edward_Rotheram
Individual,Naval Officer,Elias K. Owen,https://en.wikipedia.org/wiki/USS_Owen#Namesake
Individual,Naval Officer,Elijah Hall,https://en.wikipedia.org/wiki/Elijah_Hall_(naval_officer)
Individual,Naval Officer,Elisha Kent Kane,https://en.wikipedia.org/wiki/Elisha_Kent_Kane
Individual,Naval Officer,Enrique Sixto Palacios de Mendiburu,https://es.wikipedia.org/wiki/Enrique_Palacios_(militar)
Individual,Naval Officer,Eugene S. Sarsfield,https://en.wikipedia.org/wiki/USS_Sarsfield#Namesake
Individual,Naval Officer,Fitz Henry Babbitt,https://en.wikipedia.org/wiki/Fitz_Babbitt
Individual,Naval Officer,Frank Bruce,https://en.wikipedia.org/wiki/USS_Bruce#Namesake
Individual,Naval Officer,Frank C. McCord,https://en.wikipedia.org/wiki/USS_McCord
Individual,Naval Officer,Frank Ragan King,https://en.wikipedia.org/wiki/Frank_Ragan_King
Individual,Naval Officer,Franklin Van Valkenburgh,https://en.wikipedia.org/wiki/Franklin_Van_Valkenburgh
Individual,Naval Officer,Fred Thomas Berry,https://en.wikipedia.org/wiki/USS_Fred_T._Berry
Individual,Naval Officer,Frederick Warren Purdy,https://en.wikipedia.org/wiki/USS_Purdy#Namesake
Individual,Naval Officer,George A. Trever,https://en.wikipedia.org/wiki/USS_Trever
Individual,Naval Officer,George Blagdon Westcott,https://en.wikipedia.org/wiki/George_Blagdon_Westcott
Individual,Naval Officer,George Charrette,https://en.wikipedia.org/wiki/George_Charrette
Individual,Naval Officer,George Fleming Davis,https://en.wikipedia.org/wiki/George_Fleming_Davis
Individual,Naval Officer,George Fountain Parrott,https://en.wikipedia.org/wiki/George_Parrott
Individual,Naval Officer,George K. MacKenzie,https://en.wikipedia.org/wiki/USS_George_K._MacKenzie
Individual,Naval Officer,George Little,https://en.wikipedia.org/wiki/George_Little_(naval_officer)
Individual,Naval Officer,George Mifflin Bache Jr. ,https://en.wikipedia.org/wiki/George_M._Bache
Individual,Naval Officer,George Morris,
Individual,Naval Officer,George Washington De Long,https://en.wikipedia.org/wiki/George_W._De_Long
Individual,Naval Officer,Gregory Caldwell Davison,https://en.wikipedia.org/wiki/Gregory_C._Davison
Individual,Naval Officer,Gus Brynolf Lofberg Jr.,https://en.wikipedia.org/wiki/USS_Lofberg#Namesake
Individual,Naval Officer,Gustavus Fox,https://en.wikipedia.org/wiki/Gustavus_Fox
Individual,Naval Officer,Guy Francois Coetnempren de Kersaint,https://en.wikipedia.org/wiki/Guy_Fran%C3%A7ois_Co%C3%ABtnempren_de_Kersaint
Individual,Naval Officer,Guy Wilkinson Stuart Castle,https://en.wikipedia.org/wiki/Guy_W._S._Castle
Individual,Naval Officer,Harry Enson Hubbard,https://en.wikipedia.org/wiki/USS_Harry_E._Hubbard#Namesake
Individual,Naval Officer,Harry Frederick Bauer,https://en.wikipedia.org/wiki/USS_Harry_F._Bauer#Namesake
Individual,Naval Officer,Henry A. Clemson,https://en.wikipedia.org/wiki/Henry_A._Clemson
Individual,Naval Officer,Henry C. Nields,https://en.wikipedia.org/wiki/USS_Nields#Namesake
Individual,Naval Officer,Henry Clay Drexler,https://en.wikipedia.org/wiki/Henry_Clay_Drexler
Individual,Naval Officer,Henry Croskey Mustin,https://en.wikipedia.org/wiki/Henry_C._Mustin_(1874%E2%80%931923)
Individual,Naval Officer,Henry Laub,https://en.wikipedia.org/wiki/Henry_Laub
Individual,Naval Officer,Henry Lewis Hulbert,https://en.wikipedia.org/wiki/Henry_L._Hulbert
Individual,Naval Officer,Henry Rawlings Hamner,https://en.wikipedia.org/wiki/USS_Hamner#Namesake
Individual,Naval Officer,Herve de Portzmoguer,https://en.wikipedia.org/wiki/Herv%C3%A9_de_Portzmoguer
Individual,Naval Officer,Heywood Lane Edwards,https://en.wikipedia.org/wiki/Heywood_L._Edwards
Individual,Naval Officer,Howard R. Healy,https://en.wikipedia.org/wiki/USS_Healy#Namesake
Individual,Naval Officer,Hugh David Black,https://en.wikipedia.org/wiki/USS_Black#Namesake
Individual,Naval Officer,Hugh William Hadley,https://en.wikipedia.org/wiki/USS_Hugh_W._Hadley#Namesake
Individual,Naval Officer,Hugh Wilson McKee,https://en.wikipedia.org/wiki/Hugh_McKee
Individual,Naval Officer,Irving Day Wiltsie,https://en.wikipedia.org/wiki/Irving_Wiltsie
Individual,Naval Officer,Isaac Foote Dortch,https://en.wikipedia.org/wiki/USS_Dortch#Namesake
Individual,Naval Officer,Isaiah Robinson,https://en.wikipedia.org/wiki/Isaiah_Robinson
Individual,Naval Officer,Jacques Cassard,https://en.wikipedia.org/wiki/Jacques_Cassard
Individual,Naval Officer,James C. Jarvis,https://en.wikipedia.org/wiki/James_C._Jarvis
Individual,Naval Officer,James Elsworth Kyes,https://en.wikipedia.org/wiki/James_E._Kyes
Individual,Naval Officer,James Harmon Ward,https://en.wikipedia.org/wiki/James_H._Ward
Individual,Naval Officer,James Iredell Waddell,https://en.wikipedia.org/wiki/James_Iredell_Waddell
Individual,Naval Officer,James Jonas Madison,https://en.wikipedia.org/wiki/James_Jonas_Madison
Individual,Naval Officer,James Lawrence,https://en.wikipedia.org/wiki/James_Lawrence
Individual,Naval Officer,James M. Prichett,https://en.wikipedia.org/wiki/USS_Prichett#Namesake
Individual,Naval Officer,James Mugford,https://en.wikipedia.org/wiki/James_Mugford
Individual,Naval Officer,James Nicholson,https://en.wikipedia.org/wiki/James_Nicholson_(naval_officer)
Individual,Naval Officer,James R. Caldwell,https://en.wikipedia.org/wiki/James_R._Caldwell
Individual,Naval Officer,James Shepard Thornton,https://en.wikipedia.org/wiki/James_Thornton_(naval_officer)
Individual,Naval Officer,James Sigourney,https://en.wikipedia.org/wiki/James_Sigourney
Individual,Naval Officer,James Trathen,https://en.wikipedia.org/wiki/USS_Trathen
Individual,Naval Officer,James W. Shirk,https://en.wikipedia.org/wiki/USS_Shirk#Namesake
Individual,Naval Officer,Jeremiah O'Brien,https://en.wikipedia.org/wiki/Jeremiah_O%27Brien
Individual,Naval Officer,Jesse M. Roper,https://en.wikipedia.org/wiki/USS_Roper
Individual,Naval Officer,John Archibald Bole Jr.,https://en.wikipedia.org/wiki/USS_John_A._Bole#Namesake
Individual,Naval Officer,John Baptiste Bernadou,https://en.wikipedia.org/wiki/John_Bernadou
Individual,Naval Officer,John C. England,https://en.wikipedia.org/wiki/John_C._England
Individual,Naval Officer,John Cushing Aylwin,https://en.wikipedia.org/wiki/John_Cushing_Aylwin
Individual,Naval Officer,John D. Edwards,https://en.wikipedia.org/wiki/USS_John_D._Edwards#Namesake
Individual,Naval Officer,John Dandridge Henley,https://en.wikipedia.org/wiki/John_D._Henley
Individual,Naval Officer,John Dorsey,https://en.wikipedia.org/wiki/USS_Dorsey#John_Dorsey
Individual,Naval Officer,John Elliot Hart,https://en.wikipedia.org/wiki/John_E._Hart
Individual,Naval Officer,John Foster Williams,https://en.wikipedia.org/wiki/John_Foster_Williams
Individual,Naval Officer,John Francis Burnes,https://en.wikipedia.org/wiki/John_Francis_Burnes
Individual,Naval Officer,John Francis Laboon Jr.,https://en.wikipedia.org/wiki/John_F._Laboon
Individual,Naval Officer,John G. Cowell,https://en.wikipedia.org/wiki/John_G._Cowell
Individual,Naval Officer,John Glendy Sproston,https://en.wikipedia.org/wiki/John_G._Sproston
Individual,Naval Officer,John H. Stevenson,https://en.wikipedia.org/wiki/USS_Stevenson_(DD-645)
Individual,Naval Officer,John Hatfield,https://en.wikipedia.org/wiki/John_Hatfield_(United_States_Navy)
Individual,Naval Officer,John Henry Aulick,https://en.wikipedia.org/wiki/John_H._Aulick
Individual,Naval Officer,John Herbert Dent,https://en.wikipedia.org/wiki/John_H._Dent
Individual,Naval Officer,John Houseal Furse,https://en.wikipedia.org/wiki/John_H._Furse
Individual,Naval Officer,John Joliffe Yarnall,https://en.wikipedia.org/wiki/John_Yarnall
Individual,Naval Officer,John Joseph Shea,https://en.wikipedia.org/wiki/USS_Shea#Namesake
Individual,Naval Officer,John Manly,
Individual,Naval Officer,John Mayrant,
Individual,Naval Officer,John McLeod Murphy,https://en.wikipedia.org/wiki/John_McLeod_Murphy
Individual,Naval Officer,John Paul Jones,https://en.wikipedia.org/wiki/John_Paul_Jones
Individual,Naval Officer,John Peck Rathbun,https://en.wikipedia.org/wiki/John_Rathbun
Individual,Naval Officer,John Percival,https://en.wikipedia.org/wiki/John_Percival
Individual,Naval Officer,John Pope,https://en.wikipedia.org/wiki/John_Pope_(naval_officer)
Individual,Naval Officer,John Quilliam,https://en.wikipedia.org/wiki/John_Quilliam
Individual,Naval Officer,John R. Craig,https://en.wikipedia.org/wiki/USS_John_R._Craig
Individual,Naval Officer,John R. Monaghan,https://en.wikipedia.org/wiki/John_R._Monaghan
Individual,Naval Officer,John Reeves Pierce,https://en.wikipedia.org/wiki/USS_John_R._Pierce#Namesake
Individual,Naval Officer,John Rowe,https://en.wikipedia.org/wiki/USS_Rowe#Namesake
Individual,Naval Officer,John Shaw,https://en.wikipedia.org/wiki/John_Shaw_(naval_officer)
Individual,Naval Officer,John Stansbury,https://en.wikipedia.org/wiki/USS_Stansbury#Namesake
Individual,Naval Officer,John Stuart Blue,https://en.wikipedia.org/wiki/USS_Blue_(DD-744)
Individual,Naval Officer,John T. Melvin,https://en.wikipedia.org/wiki/John_Melvin_(naval_officer)
Individual,Naval Officer,John Trippe,https://en.wikipedia.org/wiki/John_Trippe
Individual,Naval Officer,John Vincent Johnston,https://en.wikipedia.org/wiki/John_V._Johnston
Individual,Naval Officer,John William Finn,https://en.wikipedia.org/wiki/John_William_Finn
Individual,Naval Officer,John Young,https://en.wikipedia.org/wiki/John_Young_(naval_officer)
Individual,Naval Officer,Johnston Blakeley,https://en.wikipedia.org/wiki/Johnston_Blakeley
Individual,Naval Officer,Jonathan Haradan,https://en.wikipedia.org/wiki/Jonathan_Haraden
Individual,Naval Officer,"Jonathan Thorn",https://en.wikipedia.org/wiki/Jonathan_Thorn
Individual,Naval Officer,Joseph Aloysius Gainard,https://en.wikipedia.org/wiki/USS_Gainard#Namesake
Individual,Naval Officer,Joseph Berry Breck,https://en.wikipedia.org/wiki/Joseph_Berry_Breck
Individual,Naval Officer,Joseph Bryant Smith,https://en.wikipedia.org/wiki/Joseph_B._Smith
Individual,Naval Officer,"Joseph Cabell Breckinridge, Jr.",https://en.wikipedia.org/wiki/Breckinridge_family#Prominent_members
Individual,Naval Officer,Joseph Israel,https://en.wikipedia.org/wiki/USS_Israel
Individual,Naval Officer,Joseph Orleck,https://en.wikipedia.org/wiki/USS_Orleck#Namesake
Individual,Naval Officer,Joseph Saville Cony,https://en.wikipedia.org/wiki/Joseph_S._Cony
Individual,Naval Officer,Joseph Tarbell,https://en.wikipedia.org/wiki/Joseph_Tarbell
Individual,Naval Officer,Juan Pablo Villar,
Individual,Naval Officer,Kay Kopl Vesole,https://en.wikipedia.org/wiki/USS_Vesole#Namesake
Individual,Naval Officer,Kenneth MacLeish,https://en.wikipedia.org/wiki/Kenneth_MacLeish
Individual,Naval Officer,Kenneth Whiting,https://en.wikipedia.org/wiki/Kenneth_Whiting
Individual,Naval Officer,Kidder Randolph Breese,https://en.wikipedia.org/wiki/Kidder_Breese
Individual,Naval Officer,Lambert Wickes,https://en.wikipedia.org/wiki/Lambert_Wickes
Individual,Naval Officer,Lambros Katsonis,https://en.wikipedia.org/wiki/Lambros_Katsonis
Individual,Naval Officer,LeRoy Fitch,https://en.wikipedia.org/wiki/USS_Fitch#Namesake
Individual,Naval Officer,Lewis Broughton Porterfield,https://en.wikipedia.org/wiki/USS_Porterfield#Namesake
Individual,Naval Officer,Lewis Compton,https://en.wikipedia.org/wiki/Lewis_Compton
Individual,Naval Officer,Lewis Hancock Jr.,https://en.wikipedia.org/wiki/USS_Lewis_Hancock
Individual,Naval Officer,Lord Robert Manners,https://en.wikipedia.org/wiki/Lord_Robert_Manners_(Royal_Navy_officer)
Individual,Naval Officer,Louis-Antoine-Cyprien Infernet,https://en.wikipedia.org/wiki/Louis-Antoine-Cyprien_Infernet
Individual,Naval Officer,Luis Piedrabuena,https://en.wikipedia.org/wiki/Luis_Piedrabuena
Individual,Naval Officer,Lyman Atkinson Cotten,https://en.wikipedia.org/wiki/Lyman_A._Cotten
Individual,Naval Officer,Lyman Knute Swenson,https://en.wikipedia.org/wiki/Lyman_Knute_Swenson
Individual,Naval Officer,Mannert Lincoln Abele,https://en.wikipedia.org/wiki/USS_Mannert_L._Abele#Namesake
Individual,Naval Officer,Matthew Fontaine Maury,https://en.wikipedia.org/wiki/Matthew_Fontaine_Maury
Individual,Naval Officer,Max Clifford Stormes,https://en.wikipedia.org/wiki/USS_Stormes#Namesake
Individual,Naval Officer,Mervyn Sharp Bennion,https://en.wikipedia.org/wiki/Mervyn_S._Bennion
Individual,Naval Officer,Michael Patrick Murphy,https://en.wikipedia.org/wiki/Michael_P._Murphy
Individual,Naval Officer,Mons Monssen,https://en.wikipedia.org/wiki/Mons_Monssen
Individual,Naval Officer,Napoleon Bonaparte Harrison,https://en.wikipedia.org/wiki/USS_Harrison_(DD-573)#Namesake
Individual,Naval Officer,Nathaniel Fanning,https://en.wikipedia.org/wiki/Nathaniel_Fanning
Individual,Naval Officer,Newman Kershaw Perry,https://en.wikipedia.org/wiki/USS_Newman_K._Perry
Individual,Naval Officer,Nicholas Biddle,https://en.wikipedia.org/wiki/Nicholas_Biddle_(naval_officer)
Individual,Naval Officer,Nicolas-Louis d'Assas,https://en.wikipedia.org/wiki/Nicolas-Louis_d%27Assas
Individual,Naval Officer,Otway Burns,https://en.wikipedia.org/wiki/Otway_Burns
Individual,Naval Officer,Percival Drayton,https://en.wikipedia.org/wiki/Percival_Drayton
Individual,Naval Officer,Philip Van Horne Lansdale,https://en.wikipedia.org/wiki/Philip_Lansdale
Individual,Naval Officer,Pollard Hopewell,https://en.wikipedia.org/wiki/Pollard_Hopewell
Individual,Naval Officer,Quentin R. Walsh,https://en.wikipedia.org/wiki/Quentin_R._Walsh
Individual,Naval Officer,Ralph DeLancey Izard,https://en.wikipedia.org/wiki/Ralph_Izard_(naval_officer)
Individual,Naval Officer,Ralph Hickox,https://en.wikipedia.org/wiki/Ralph_Hickox
Individual,Naval Officer,Raphael Semmes,https://en.wikipedia.org/wiki/Raphael_Semmes
Individual,Naval Officer,Reuben Chase,https://en.wikipedia.org/wiki/USS_Chase_(DD-323)#Namesake
Individual,Naval Officer,Richard Caswell Saufley,https://en.wikipedia.org/wiki/Richard_C._Saufley
Individual,Naval Officer,Richard Delphy,https://en.wikipedia.org/wiki/USS_Delphy#Namesake
Individual,Naval Officer,Richard Hetherington,https://en.wikipedia.org/wiki/Richard_Hetherington
Individual,Naval Officer,Richard McCall Elliot Jr.,https://en.wikipedia.org/wiki/USS_Elliot_(DD-146)#Namesake
Individual,Naval Officer,Richard Somers,https://en.wikipedia.org/wiki/Richard_Somers
Individual,Naval Officer,Robert Faulknor the Younger,https://en.wikipedia.org/wiki/Robert_Faulknor_the_younger
Individual,Naval Officer,Robert Henley,https://en.wikipedia.org/wiki/Robert_Henley_(naval_officer)
Individual,Naval Officer,Robert Holmes Smith,https://en.wikipedia.org/wiki/USS_Robert_H._Smith#Namesake
Individual,Naval Officer,Robert Means Thompson,https://en.wikipedia.org/wiki/Robert_Means_Thompson
Individual,Naval Officer,Robert Redmill,https://en.wikipedia.org/wiki/Robert_Redmill
Individual,Naval Officer,Robert T. Spence,https://en.wikipedia.org/wiki/USS_Spence
Individual,Naval Officer,Robert William Uhlmann,https://en.wikipedia.org/wiki/Robert_William_Uhlmann
Individual,Naval Officer,Roderick Sheldon McCook,https://en.wikipedia.org/wiki/Roderick_S._McCook
Individual,Naval Officer,Roscoe Carlyle Bulmer,https://en.wikipedia.org/wiki/USS_Bulmer#Namesake
Individual,Naval Officer,Roswell Hawkes Lamson,https://en.wikipedia.org/wiki/Roswell_Lamson
Individual,Naval Officer,Samuel Chester Reid,https://en.wikipedia.org/wiki/Samuel_Chester_Reid
Individual,Naval Officer,Samuel Chew,https://en.wikipedia.org/wiki/USS_Chew#Namesake
Individual,Naval Officer,Samuel Dana Greene Sr.,https://en.wikipedia.org/wiki/Samuel_Greene_(naval_officer)
Individual,Naval Officer,Samuel Hambleton,https://en.wikipedia.org/wiki/Samuel_Hambleton_(naval_officer)
Individual,Naval Officer,Samuel Livermore,
Individual,Naval Officer,Samuel Nicholson,https://en.wikipedia.org/wiki/Samuel_Nicholson
Individual,Naval Officer,Samuel Nobre Moore,https://en.wikipedia.org/wiki/USS_Samuel_N._Moore#Namesake
Individual,Naval Officer,Samuel Tucker,https://en.wikipedia.org/wiki/Samuel_Tucker_(naval_officer)
Individual,Naval Officer,Samuel William Preston,https://en.wikipedia.org/wiki/Samuel_W._Preston
Individual,Naval Officer,Selim E. Woodworth,https://en.wikipedia.org/wiki/Selim_E._Woodworth
Individual,Naval Officer,Seth Harding,https://en.wikipedia.org/wiki/Seth_Harding
Individual,Naval Officer,Seymour D. Owens,https://en.wikipedia.org/wiki/USS_Seymour_D._Owens
Individual,Naval Officer,Sherwood Picking,https://en.wikipedia.org/wiki/USS_Picking#Namesake
Individual,Naval Officer,Silas M. Duncan,https://en.wikipedia.org/wiki/Silas_Duncan
Individual,Naval Officer,Silas Talbot,https://en.wikipedia.org/wiki/Silas_Talbot
Individual,Naval Officer,Stanton Frederick Kalk,https://en.wikipedia.org/wiki/Stanton_Frederick_Kalk
Individual,Naval Officer,Stephen Cassin,https://en.wikipedia.org/wiki/Stephen_Cassin
Individual,Naval Officer,Stephen Champlin,https://en.wikipedia.org/wiki/Stephen_Champlin
Individual,Naval Officer,Tenant McLanahan,https://en.wikipedia.org/wiki/Tenant_McLanahan
Individual,Naval Officer,Theodore Gordon Ellyson,https://en.wikipedia.org/wiki/Theodore_G._Ellyson
Individual,Naval Officer,Thomas Boyle,https://en.wikipedia.org/wiki/Thomas_Boyle
Individual,Naval Officer,Thomas Claxton,https://en.wikipedia.org/wiki/Thomas_Claxton
Individual,Naval Officer,Thomas Edward Fraser,https://en.wikipedia.org/wiki/USS_Thomas_E._Fraser#Namesake
Individual,Naval Officer,Thomas Edward Zellars,https://en.wikipedia.org/wiki/USS_Zellars
Individual,Naval Officer,Thomas Holdup Stevens,https://en.wikipedia.org/wiki/Thomas_Holdup_Stevens
Individual,Naval Officer,Thomas Macdonough Jr.,https://en.wikipedia.org/wiki/Thomas_Macdonough
Individual,Naval Officer,Thomas Shields,https://en.wikipedia.org/wiki/USS_Shields#Namesake
Individual,Naval Officer,Thomas Worth Marshall Jr.,https://en.wikipedia.org/wiki/USS_Marshall#Namesake
Individual,Naval Officer,Tomas Domingo de los Dolores Espora,https://es.wikipedia.org/wiki/Tom%C3%A1s_Espora
Individual,Naval Officer,Tunis Augustus Macdonough Craven,https://en.wikipedia.org/wiki/Tunis_Craven
Individual,Naval Officer,Wallace Ludwig Lind,https://en.wikipedia.org/wiki/Wallace_Ludwig_Lind
Individual,Naval Officer,Walter Atlee Edwards,https://en.wikipedia.org/wiki/Walter_Atlee_Edwards
Individual,Naval Officer,Walter Elsworth Reno,https://en.wikipedia.org/wiki/USS_Reno_(DD-303)#Namesake
Individual,Naval Officer,Weedon Edward Osborne,https://en.wikipedia.org/wiki/Weedon_Osborne
Individual,Naval Officer,Welborn Cicero Wood,https://en.wikipedia.org/wiki/USS_Welborn_C._Wood#Namesake
Individual,Naval Officer,Willford Milton Hyman,https://en.wikipedia.org/wiki/USS_Hyman#Namesake
Individual,Naval Officer,William Bainbridge Renshaw,https://en.wikipedia.org/wiki/William_B._Renshaw
Individual,Naval Officer,William Barker Cushing,https://en.wikipedia.org/wiki/William_B._Cushing
Individual,Naval Officer,William Charles Fitzgerald,https://en.wikipedia.org/wiki/William_Charles_Fitzgerald
Individual,Naval Officer,William Edwin Hank,https://en.wikipedia.org/wiki/William_Hank
Individual,Naval Officer,William Gwin,https://en.wikipedia.org/wiki/William_Gwin_(naval_officer)
Individual,Naval Officer,William Halford,https://en.wikipedia.org/wiki/William_Halford
Individual,Naval Officer,William Henry Allen,https://en.wikipedia.org/wiki/William_Henry_Allen
Individual,Naval Officer,"William Hoste, 1st Baronet",https://en.wikipedia.org/wiki/William_Hoste
Individual,Naval Officer,William J. Sharkey,https://en.wikipedia.org/wiki/William_J._Sharkey_(US_Navy_officer)
Individual,Naval Officer,William L. Howorth,https://en.wikipedia.org/wiki/USS_Howorth#Namesake
Individual,Naval Officer,William Levereth Hudson,https://en.wikipedia.org/wiki/William_L._Hudson
Individual,Naval Officer,William Lewis Herndon,https://en.wikipedia.org/wiki/William_Lewis_Herndon
Individual,Naval Officer,William McCall Haynsworth Jr.,https://en.wikipedia.org/wiki/USS_Haynsworth#Namesake
Individual,Naval Officer,William Merrill Corry Jr.,https://en.wikipedia.org/wiki/William_M._Corry_Jr.
Individual,Naval Officer,William Montgomery Crane,https://en.wikipedia.org/wiki/William_M._Crane
Individual,Naval Officer,William Mounsey,https://en.wikipedia.org/wiki/William_Mounsey_(Royal_Navy_officer)
Individual,Naval Officer,William Price Williamson,https://en.wikipedia.org/wiki/William_Price_Williamson
Individual,Naval Officer,William R. Hoel,https://en.wikipedia.org/wiki/William_R._Hoel
Individual,Naval Officer,William Rees Rush,https://en.wikipedia.org/wiki/William_R._Rush
Individual,Naval Officer,William Sharp Bush,https://en.wikipedia.org/wiki/William_Sharp_Bush
Individual,Naval Officer,William W. Edwards,https://en.wikipedia.org/wiki/USS_Edwards_(DD-265)
Individual,Naval Officer,William W. Kennison,https://en.wikipedia.org/wiki/William_Kennison
Individual,Naval Officer,William Ward Burrows II,https://en.wikipedia.org/wiki/William_Ward_Burrows_II
Individual,Naval Officer,Worth Bagley,https://en.wikipedia.org/wiki/Worth_Bagley
Individual,Nurse,Lenah H. Sutcliffe Higbee,https://en.wikipedia.org/wiki/Lenah_Higbee
Individual,Official,"Abel Parker Upshur, Secretary of the Navy",https://en.wikipedia.org/wiki/Abel_P._Upshur
Individual,Official,"Adolph Edward Borie, Secretary of the Navy",https://en.wikipedia.org/wiki/Adolph_E._Borie
Individual,Official,Alexandrino Faria de Alencar,https://en.wikipedia.org/wiki/Alexandrino_Faria_de_Alencar
Individual,Official,"Antonio Valdes y Fernandez Bazan, Secretary of State for Navy",https://en.wikipedia.org/wiki/Antonio_Vald%C3%A9s_y_Fern%C3%A1ndez_Baz%C3%A1n
Individual,Official,"Antonios Kriezis, Prime Minister",https://en.wikipedia.org/wiki/Antonios_Kriezis
Individual,Official,"Arthur Wellesley, 1st Duke of Wellington","https://en.wikipedia.org/wiki/Arthur_Wellesley,_1st_Duke_of_Wellington"
Individual,Official,"Benjamin Franklin Tracy, Secretary of the Navy",https://en.wikipedia.org/wiki/Benjamin_F._Tracy
Individual,Official,"Benjamin Stoddert, Secretary of the Navy",https://en.wikipedia.org/wiki/Benjamin_Stoddert
Individual,Official,"Benjamin Williams Crowninshield, Secretary of the Navy",https://en.wikipedia.org/wiki/Benjamin_Williams_Crowninshield
Individual,Official,"Charles Francis Adams III, Secretary of the Navy",https://en.wikipedia.org/wiki/Charles_Francis_Adams_III
Individual,Official,"Claude Augustus Swanson, Secretary of the Navy",https://en.wikipedia.org/wiki/Claude_A._Swanson
Individual,Official,"Curtis Dwight Wilbur, Secretary of the Navy",https://en.wikipedia.org/wiki/Curtis_D._Wilbur
Individual,Official,"David Henshaw, Secretary of the Navy",https://en.wikipedia.org/wiki/David_Henshaw_(American_politician)
Individual,Official,"Diego Jose Pedro Víctor Portales y Palazuelos, Minister of War",https://en.wikipedia.org/wiki/Diego_Portales
Individual,Official,"Edward Russell, 1st Earl of Orford","https://en.wikipedia.org/wiki/Edward_Russell,_1st_Earl_of_Orford"
Individual,Official,"Esek Hopkins, Commander in Chief of the Continental Navy",https://en.wikipedia.org/wiki/Esek_Hopkins
Individual,Official,"George Bancroft, Secretary of the Navy",https://en.wikipedia.org/wiki/George_Bancroft
Individual,Official,"George Edmund Badger, Secretary of the Navy",https://en.wikipedia.org/wiki/George_Edmund_Badger
Individual,Official,"George von Lengerke Meyer, Secretary of the Navy",https://en.wikipedia.org/wiki/George_von_Lengerke_Meyer
Individual,Official,Georges Leygues,https://en.wikipedia.org/wiki/Georges_Leygues
Individual,Official,"Gideon Welles, Secretary of the Navy",https://en.wikipedia.org/wiki/Gideon_Welles
Individual,Official,"Gustavus Vasa Fox, Assistant Secretary of the Union Navy",https://en.wikipedia.org/wiki/Gustavus_Fox
Individual,Official,"Hilary Abner Herbert, Secretary of the Navy",https://en.wikipedia.org/wiki/Hilary_A._Herbert
Individual,Official,"Hugh McCulloch, Secretary of the Treasury",https://en.wikipedia.org/wiki/Hugh_McCulloch
Individual,Official,"Isaac Toucey, Secretary of the Navy",https://en.wikipedia.org/wiki/Isaac_Toucey
Individual,Official,"James Forrestal, Secretary of Defense",https://en.wikipedia.org/wiki/James_Forrestal
Individual,Official,"James Kirke Paulding, Secretary of the Navy",https://en.wikipedia.org/wiki/James_Kirke_Paulding
Individual,Official,"Jean Baptiste Colbert, Marquis of Seignelay","https://en.wikipedia.org/wiki/Jean_Baptiste_Colbert,_Marquis_of_Seignelay"
Individual,Official,Jean-Baptiste Colbert,https://en.wikipedia.org/wiki/Jean-Baptiste_Colbert
Individual,Official,Johan Anthoniszoon van Riebeeck,
Individual,Official,"John Branch Jr., Secretary of the Navy",https://en.wikipedia.org/wiki/John_Branch
Individual,Official,"John Davis Long, Secretary of the Navy",https://en.wikipedia.org/wiki/John_Davis_Long
Individual,Official,John Henry Whitley,https://en.wikipedia.org/wiki/John_Henry_Whitley
Individual,Official,"John Lester Hubbard Chafee, Secretary of the Navy",https://en.wikipedia.org/wiki/John_Chafee
Individual,Official,"John Pendleton Kennedy, Secretary of the Navy",https://en.wikipedia.org/wiki/John_P._Kennedy
Individual,Official,"John Proby, 1st Baron Carysfort","https://en.wikipedia.org/wiki/John_Proby,_1st_Baron_Carysfort"
Individual,Official,"John Wingate Weeks, Secretary of War",https://en.wikipedia.org/wiki/John_W._Weeks
Individual,Official,"John Young Mason, Secretary of the Navy",https://en.wikipedia.org/wiki/John_Y._Mason
Individual,Official,"Jose Ferrandiz y Nino, Minister of the Navy",https://en.wikipedia.org/wiki/Jos%C3%A9_Ferr%C3%A1ndiz_y_Ni%C3%B1o
Individual,Official,"Jose Ignacio Zenteno, Secretary of War and Navy",https://en.wikipedia.org/wiki/Jos%C3%A9_Ignacio_Zenteno
Individual,Official,Joseph Francois Dupleix,https://en.wikipedia.org/wiki/Governor-general
Individual,Official,"Josephus Daniels, Secretary of the Navy",https://en.wikipedia.org/wiki/Josephus_Daniels
Individual,Official,Juan Williams Rebolledo,https://en.wikipedia.org/wiki/Juan_Williams_Rebolledo
Individual,Official,Jules Ferry,https://en.wikipedia.org/wiki/Jules_Ferry
Individual,Official,"Justin Napoléon Samuel Prosper de Chasseloup-Laubat, 4th Marquis of Chasseloup-Laubat",https://en.wikipedia.org/wiki/Prosper_de_Chasseloup-Laubat
Individual,Official,Leon Gambetta,https://en.wikipedia.org/wiki/L%C3%A9on_Gambetta
Individual,Official,"Levi Woodbury, Secretary of the Navy",https://en.wikipedia.org/wiki/Levi_Woodbury
Individual,Official,Louis Botha,https://en.wikipedia.org/wiki/Louis_Botha
Individual,Official,Luis Alberto Goni Simpson,https://en.wikipedia.org/wiki/Luis_Go%C3%B1i
Individual,Official,"Mahlon Dickerson, Secretary of the Navy",https://en.wikipedia.org/wiki/USS_Dickerson
Individual,Official,"Maximilien de Bethune, Duke of Sully","https://en.wikipedia.org/wiki/Maximilien_de_B%C3%A9thune,_Duke_of_Sully"
Individual,Official,Mustafa Fevzi Cakmak,https://en.wikipedia.org/wiki/Fevzi_%C3%87akmak
Individual,Official,"Mustafa Fevzi Cakmak, Chief of General Staff",https://en.wikipedia.org/wiki/Fevzi_%C3%87akmak
Individual,Official,"Nathan Goff Jr., Secretary of the Navy",https://en.wikipedia.org/wiki/Nathan_Goff_Jr.
Individual,Official,"Paul Hamilton, Secretary of the Navy",https://en.wikipedia.org/wiki/Paul_Hamilton_(politician)
Individual,Official,"Paul Henry Nitze, Secretary of the Navy",https://en.wikipedia.org/wiki/Paul_Nitze
Individual,Official,"Paul Robert Ignatius, Secretary of the Navy",https://en.wikipedia.org/wiki/Paul_Ignatius
Individual,Official,Pierre Waldeck-Rousseau,https://en.wikipedia.org/wiki/Pierre_Waldeck-Rousseau
Individual,Official,"Richard Onslow, 1st Baron Onslow","https://en.wikipedia.org/wiki/Richard_Onslow,_1st_Baron_Onslow"
Individual,Official,"Richard Wigginton Thompson, Secretary of the Navy",https://en.wikipedia.org/wiki/Richard_W._Thompson
Individual,Official,"Robert Smith, Secretary of the Navy",https://en.wikipedia.org/wiki/Robert_Smith_(Maryland_politician)
Individual,Official,"Robert Walpole, 1st Earl of Orford",https://en.wikipedia.org/wiki/Robert_Walpole
Individual,Official,"Samuel Dexter, Secretary of the Treasury",https://en.wikipedia.org/wiki/Samuel_Dexter
Individual,Official,"Samuel Lewis Southard, Secretary of the Navy",https://en.wikipedia.org/wiki/Samuel_L._Southard
Individual,Official,"Segundo Rosa Storni, Minister of Foreign Affairs",https://en.wikipedia.org/wiki/Segundo_Storni
Individual,Official,Simon van der Stel,https://en.wikipedia.org/wiki/Simon_van_der_Stel
Individual,Official,"Sir Evan Nepean, 1st Baronet",https://en.wikipedia.org/wiki/Evan_Nepean
Individual,Official,"Sir Winston Leonard Spencer Churchill, Prime Minister of the United Kingdom",https://en.wikipedia.org/wiki/Winston_Churchill
Individual,Official,"Smith Thompson, Secretary of the Navy",https://en.wikipedia.org/wiki/Smith_Thompson
Individual,Official,"Thomas S. Gates Jr., Secretary of Defense",https://en.wikipedia.org/wiki/Thomas_S._Gates_Jr.
Individual,Official,"Thomas Walker Gilmer, Secretary of the Navy",https://en.wikipedia.org/wiki/Thomas_Walker_Gilmer
Individual,Official,Thomas Wolsey,https://en.wikipedia.org/wiki/Thomas_Wolsey
Individual,Official,"Walter Q. Gresham, Secretary of the Treasury",https://en.wikipedia.org/wiki/Walter_Q._Gresham
Individual,Official,"William Alexander Graham, Secretary of the Navy",https://en.wikipedia.org/wiki/William_Alexander_Graham
Individual,Official,"William Ballard Preston, Secretary of the Navy",https://en.wikipedia.org/wiki/William_B._Preston
Individual,Official,William Cavendish,https://en.wikipedia.org/wiki/William_Cavendish_(courtier)
Individual,Official,"William Eaton Chandler, Secretary of the Navy",https://en.wikipedia.org/wiki/William_E._Chandler
Individual,Official,"William Franklin Knox, Secretary of the Navy",https://en.wikipedia.org/wiki/Frank_Knox
Individual,Official,"William Henry Hunt, Secretary of the Navy",https://en.wikipedia.org/wiki/William_H._Hunt
Individual,Official,"William Henry Moody, Secretary of the Navy",https://en.wikipedia.org/wiki/William_Henry_Moody
Individual,Official,"William Jones, Secretary of the Navy",https://en.wikipedia.org/wiki/William_Jones_(statesman)
Individual,Official,"Zenon de Somodevilla, 1st Marquess of Ensenada","https://en.wikipedia.org/wiki/Zen%C3%B3n_de_Somodevilla,_1st_Marquess_of_Ensenada"
Individual,Philosopher,Denis Diderot,https://en.wikipedia.org/wiki/Denis_Diderot
Individual,Philosopher,Ernest Renan,https://en.wikipedia.org/wiki/Ernest_Renan
Individual,Philosopher,"Francis Bacon, 1st Viscount St Alban",https://en.wikipedia.org/wiki/Francis_Bacon
Individual,Philosopher,Francois-Marie Arouet,https://en.wikipedia.org/wiki/Voltaire
Individual,Philosopher,Jules Michelet,https://en.wikipedia.org/wiki/Jules_Michelet
Individual,Philosopher,"Marie Jean Antoine Nicolas de Caritat, Marquis of Condorcet",https://en.wikipedia.org/wiki/Marquis_de_Condorcet
Individual,Poet,Edmund Spenser,https://en.wikipedia.org/wiki/Edmund_Spenser
Individual,Poet,Heinrich Frauenlob,https://en.wikipedia.org/wiki/Heinrich_Frauenlob
Individual,Poet,Sappho,https://en.wikipedia.org/wiki/Sappho
Individual,Poet,William Shakespeare,https://en.wikipedia.org/wiki/William_Shakespeare
Individual,Privateer,Gamaliel Bradford,https://en.wikipedia.org/wiki/Gamaliel_Bradford_(privateersman)
Individual,Privateer,Gustavus Conyngham,https://en.wikipedia.org/wiki/Gustavus_Conyngham
Individual,Privateer,Hippolyte Bouchard,https://en.wikipedia.org/wiki/Hippolyte_Bouchard
Individual,Privateer,John Frankford,https://en.wikipedia.org/wiki/USS_Frankford
Individual,Privateer,John Ordronaux,https://en.wikipedia.org/wiki/John_Ordronaux_(privateer)
Individual,Privateer,John Watts,https://en.wikipedia.org/wiki/USS_Watts
Individual,Privateer,Joshua Hailey,https://en.wikipedia.org/wiki/USS_Hailey#Namesake
Individual,Privateer,Nicolas Hugon des Demaines,https://www.academia.edu/28508618/At_Granville_the_Hugon_The_Story_of_a_Corsair_Family_of_Normandy
Individual,Privateer,Robert Surcouf,https://en.wikipedia.org/wiki/Robert_Surcouf
Individual,Privateer,Thomas Haggard,https://en.wikipedia.org/wiki/USS_Haggard
Individual,Revolutionary,Andres Bonifacio,https://en.wikipedia.org/wiki/Andr%C3%A9s_Bonifacio
Individual,Revolutionary,Benjamin Franklin,https://en.wikipedia.org/wiki/Benjamin_Franklin
Individual,Revolutionary,Diego Silang,https://en.wikipedia.org/wiki/Diego_Silang
Individual,Revolutionary,Edgar Quinet,https://en.wikipedia.org/wiki/Edgar_Quinet
Individual,Revolutionary,Francisco Dagohoy,https://en.wikipedia.org/wiki/Francisco_Dagohoy
Individual,Revolutionary,Georges Jacques Danton,https://en.wikipedia.org/wiki/Georges_Danton
Individual,Revolutionary,"Honoré Gabriel Riqueti, Count of Mirabeau","https://en.wikipedia.org/wiki/Honor%C3%A9_Gabriel_Riqueti,_comte_de_Mirabeau"
Individual,Revolutionary,Iakovos Tombazis,https://en.wikipedia.org/wiki/Iakovos_Tombazis
Individual,Revolutionary,John Hancock,https://en.wikipedia.org/wiki/John_Hancock
Individual,Revolutionary,Jose Protasio Rizal Mercado y Alonso Realonda,https://en.wikipedia.org/wiki/Jos%C3%A9_Rizal
Individual,Revolutionary,Juan Pablo Duarte,https://en.wikipedia.org/wiki/Juan_Pablo_Duarte
Individual,Revolutionary,Lazare Carnot,https://en.wikipedia.org/wiki/Lazare_Carnot
Individual,Revolutionary,Nikolis Apostolis,https://en.wikipedia.org/wiki/Nikolis_Apostolis
Individual,Revolutionary,Owain Glyndwr,https://en.wikipedia.org/wiki/Owain_Glynd%C5%B5r
Individual,Revolutionary,Peyton Randolph,https://en.wikipedia.org/wiki/Peyton_Randolph
Individual,Revolutionary,Pierre Victurnien Vergniaud,https://en.wikipedia.org/wiki/Pierre_Victurnien_Vergniaud
Individual,Revolutionary,Robert Roy MacGregor,https://en.wikipedia.org/wiki/Rob_Roy_MacGregor
Individual,Royal,"Albert, King of Saxony","https://en.wikipedia.org/wiki/Albert,_King_of_Saxony"
Individual,Royal,"Alfred Ernest Albert, Duke of Edinburgh","https://en.wikipedia.org/wiki/Alfred,_Duke_of_Saxe-Coburg_and_Gotha"
Individual,Royal,"Edward of Woodstock, Prince of Wales",https://en.wikipedia.org/wiki/Edward_the_Black_Prince
Individual,Royal,"Louise Victoria Alexandra Dagmar, Princess Royal","https://en.wikipedia.org/wiki/Louise,_Princess_Royal"
Individual,Royal,"Luitpold, Prince Regent of Bavaria","https://en.wikipedia.org/wiki/Luitpold,_Prince_Regent_of_Bavaria"
Individual,Royal,Prince Adalbert of Prussia,https://en.wikipedia.org/wiki/Prince_Adalbert_of_Prussia_(1811%E2%80%931873)
Individual,Royal,Prince Eitel Friedrich of Prussia,https://en.wikipedia.org/wiki/Prince_Eitel_Friedrich_of_Prussia
Individual,Royal,Prince Friedrich Karl of Prussia,https://en.wikipedia.org/wiki/Prince_Friedrich_Karl_of_Prussia_(1828%E2%80%931885)
Individual,Royal,Prince Henry of Prussia,https://en.wikipedia.org/wiki/Prince_Henry_of_Prussia_(1862%E2%80%931929)
Individual,Royal,Princess Irene of Hesse and by Rhine,https://en.wikipedia.org/wiki/Princess_Irene_of_Hesse_and_by_Rhine
Individual,Royal,Princess Victoria Louise of Prussia,https://en.wikipedia.org/wiki/Princess_Victoria_Louise_of_Prussia
Individual,Royal,"Wilhelm, German Crown Prince","https://en.wikipedia.org/wiki/Wilhelm,_German_Crown_Prince"
Individual,Sailor,Bartlett Laffey,https://en.wikipedia.org/wiki/Bartlett_Laffey
Individual,Sailor,Charles H. Baldwin,https://en.wikipedia.org/wiki/Charles_H._Baldwin_(Medal_of_Honor)
Individual,Sailor,Charles Lawrence Ausburne,https://en.wikipedia.org/wiki/Charles_Ausburne
Individual,Sailor,Charles W. Howard,https://en.wikipedia.org/wiki/USS_Howard_(DD-179)#Namesake
Individual,Sailor,Charles Wilson,https://en.wikipedia.org/wiki/USS_Wilson#Namesake
Individual,Sailor,Daniel Frazier,https://en.wikipedia.org/wiki/USS_Frazier#Namesake
Individual,Sailor,Daniel Hogan,https://en.wikipedia.org/wiki/USS_Hogan
Individual,Sailor,Delbert D. Black,https://en.wikipedia.org/wiki/Delbert_Black
Individual,Sailor,Dennis Joseph Buckley Jr.,https://en.wikipedia.org/wiki/USS_Dennis_J._Buckley_(DD-808)#Namesake
Individual,Sailor,Donald Lewis McFaul,https://en.wikipedia.org/wiki/Donald_L._McFaul
Individual,Sailor,Doris Miller,https://en.wikipedia.org/wiki/Doris_Miller
Individual,Sailor,Edward Clyde Benfold,https://en.wikipedia.org/wiki/Edward_Clyde_Benfold
Individual,Sailor,Edward Killen,https://en.wikipedia.org/wiki/USS_Killen
Individual,Sailor,Elmer Charles Bigelow,https://en.wikipedia.org/wiki/Elmer_Charles_Bigelow
Individual,Sailor,George Brown,https://en.wikipedia.org/wiki/USS_Brown_(DD-546)
Individual,Sailor,George Henry Ellis,https://en.wikipedia.org/wiki/George_Henry_Ellis
Individual,Sailor,Henry Warren Tucker,https://en.wikipedia.org/wiki/USS_Henry_W._Tucker#Namesake
Individual,Sailor,James Buck,https://en.wikipedia.org/wiki/James_Buck_(Medal_of_Honor)
Individual,Sailor,James Elliott Williams,https://en.wikipedia.org/wiki/James_E._Williams
Individual,Sailor,James H. Hobby,https://en.wikipedia.org/wiki/USS_Hobby#Namesake
Individual,Sailor,James Metcalf,https://en.wikipedia.org/wiki/USS_Metcalf#Namesake
Individual,Sailor,James Miller,https://en.wikipedia.org/wiki/James_Miller_(Medal_of_Honor)
Individual,Sailor,James Stoddard,https://en.wikipedia.org/wiki/James_Stoddard_(Medal_of_Honor)
Individual,Sailor,John C. McFarland,https://en.wikipedia.org/wiki/John_McFarland_(Medal_of_Honor)
Individual,Sailor,John Gordon Morrison,https://en.wikipedia.org/wiki/John_G._Morrison
Individual,Sailor,John James Doran,https://en.wikipedia.org/wiki/John_James_Doran
Individual,Sailor,John King,https://en.wikipedia.org/wiki/John_King_(Medal_of_Honor)
Individual,Sailor,John Lang,https://en.wikipedia.org/wiki/John_Lang_(sailor)
Individual,Sailor,Joseph Boyd,https://en.wikipedia.org/wiki/USS_Boyd#Namesake
Individual,Sailor,Marcilio Dias,
Individual,Sailor,Michael Anthony Monsoor,https://en.wikipedia.org/wiki/Michael_A._Monsoor
Individual,Sailor,Norman Eckley Edsall,https://en.wikipedia.org/wiki/Norman_Edsall
Individual,Sailor,Osmond Kelly Ingram,https://en.wikipedia.org/wiki/Osmond_Ingram
Individual,Sailor,Reinhardt John Keppler,https://en.wikipedia.org/wiki/Reinhardt_J._Keppler
Individual,Sailor,Reuben James,https://en.wikipedia.org/wiki/Reuben_James
Individual,Sailor,Richard Doyle,https://en.wikipedia.org/wiki/USS_Doyle_(DMS-34)#Namesake
Individual,Sailor,Robert Dean Stethem,https://en.wikipedia.org/wiki/Robert_Stethem
Individual,Sailor,Samuel Booker Roberts Jr.,https://en.wikipedia.org/wiki/Samuel_B._Roberts
Individual,Sailor,Samuel Endicott,https://en.wikipedia.org/wiki/USS_Endicott
Individual,Sailor,William Conway,https://en.wikipedia.org/wiki/William_Conway_(United_States_Navy)
Individual,Sailor,William Joseph Franks,https://en.wikipedia.org/wiki/William_Joseph_Franks
Individual,Sailor,William Pinckney,https://en.wikipedia.org/wiki/William_Pinckney
Individual,Sailor,William Wiley,https://en.wikipedia.org/wiki/USS_Wiley#Namesake
Individual,Saint,Anthony of Padua,https://en.wikipedia.org/wiki/Anthony_of_Padua
Individual,Saint,Flavia Julia Helena,"https://en.wikipedia.org/wiki/Helena,_mother_of_Constantine_I"
Individual,Saint,Saint Bonaventure,https://en.wikipedia.org/wiki/Bonaventure
Individual,Saint,Saint Crispin,https://en.wikipedia.org/wiki/Crispin_and_Crispinian
Individual,Saint,Saint George,https://en.wikipedia.org/wiki/Saint_George
Individual,Saint,Saint Ursula,https://en.wikipedia.org/wiki/Saint_Ursula
Individual,Saint,Saint Valentine,https://en.wikipedia.org/wiki/Saint_Valentine
Individual,Scientist,Antoine Lavoisier,https://en.wikipedia.org/wiki/Antoine_Lavoisier
Individual,Scientist,Blaise Pascal,https://en.wikipedia.org/wiki/Blaise_Pascal
Individual,Scientist,Charles-Francois Beautemps-Beaupre,https://en.wikipedia.org/wiki/Charles-Fran%C3%A7ois_Beautemps-Beaupr%C3%A9
Individual,Scientist,Galileo di Vincenzo Bonaiuti de' Galilei,https://en.wikipedia.org/wiki/Galileo_Galilei
Individual,Scientist,Jorge Juan y Santacilia,https://en.wikipedia.org/wiki/Jorge_Juan_y_Santacilia
Individual,Scientist,Joseph Jerome Lefrancois de Lalande,https://en.wikipedia.org/wiki/J%C3%A9r%C3%B4me_Lalande
Individual,Scientist,Josiah Willard Gibbs,https://en.wikipedia.org/wiki/Josiah_Willard_Gibbs
Individual,Scientist,Rene Descartes,https://en.wikipedia.org/wiki/Ren%C3%A9_Descartes
Individual,Scientist,"William Thomson, 1st Baron Kelvin",https://en.wikipedia.org/wiki/Lord_Kelvin
Individual,Soldier,Alfredo Cantu Gonzalez,https://en.wikipedia.org/wiki/Alfredo_Cantu_Gonzalez
Individual,Soldier,Anthony Peter Damato,https://en.wikipedia.org/wiki/Anthony_P._Damato
Individual,Soldier,Charles Howard Roan,https://en.wikipedia.org/wiki/Charles_H._Roan
Individual,Soldier,Darrell Samuel Cole,https://en.wikipedia.org/wiki/Darrell_S._Cole
Individual,Soldier,David Robert Ray,https://en.wikipedia.org/wiki/David_R._Ray
Individual,Soldier,Donald Baur Steinaker,https://en.wikipedia.org/wiki/USS_Steinaker#Namesake
Individual,Soldier,Duncan Mansfield,https://en.wikipedia.org/wiki/USS_Mansfield#Namesake
Individual,Soldier,Edward Earl Gyatt,https://en.wikipedia.org/wiki/USS_Gyatt#Namesake
Individual,Soldier,Everett Frederick Larson,https://en.wikipedia.org/wiki/USS_Everett_F._Larson_(DD-830)
Individual,Soldier,Frank Peter Witek,https://en.wikipedia.org/wiki/Frank_P._Witek
Individual,Soldier,Fred William Stockham,https://en.wikipedia.org/wiki/Fred_W._Stockham
Individual,Soldier,George Hampton Yarborough Jr.,https://en.wikipedia.org/wiki/USS_Yarborough#Namesake
Individual,Soldier,Goliath,https://en.wikipedia.org/wiki/Goliath
Individual,Soldier,Grant Frederick Timmerman,https://en.wikipedia.org/wiki/Grant_F._Timmerman
Individual,Soldier,Harold Christ Agerholm,https://en.wikipedia.org/wiki/Harold_C._Agerholm
Individual,Soldier,Harold Glenn Epperson,https://en.wikipedia.org/wiki/Harold_G._Epperson
Individual,Soldier,Henry Gurke,https://en.wikipedia.org/wiki/Henry_Gurke
Individual,Soldier,Henry Wasmuth,https://en.wikipedia.org/wiki/USS_Wasmuth#Namesake
Individual,Soldier,Herbert Joseph Thomas Jr.,https://en.wikipedia.org/wiki/Herbert_Joseph_Thomas
Individual,Soldier,Jason Lee Dunham,https://en.wikipedia.org/wiki/Jason_Dunham
Individual,Soldier,Jimmie Earl Howard,https://en.wikipedia.org/wiki/Jimmie_E._Howard
Individual,Soldier,Joan of Arc,https://en.wikipedia.org/wiki/Joan_of_Arc
Individual,Soldier,John Basilone,https://en.wikipedia.org/wiki/John_Basilone
Individual,Soldier,John Dury New,https://en.wikipedia.org/wiki/John_D._New
Individual,Soldier,John Henry Pruitt,https://en.wikipedia.org/wiki/John_H._Pruitt
Individual,Soldier,John Henry Quick,https://en.wikipedia.org/wiki/John_H._Quick
Individual,Soldier,John R. Litchfield,https://en.wikipedia.org/wiki/USS_Litchfield#Namesake
Individual,Soldier,Jonathan Meredith,https://en.wikipedia.org/wiki/Jonathan_Meredith
Individual,Soldier,Joseph William Ozbourn,https://en.wikipedia.org/wiki/Joseph_W._Ozbourn
Individual,Soldier,Leonard Foster Mason,https://en.wikipedia.org/wiki/Leonard_F._Mason
Individual,Soldier,Oscar Palmer Austin,https://en.wikipedia.org/wiki/Oscar_P._Austin
Individual,Soldier,Patrick Gallagher,https://en.wikipedia.org/wiki/USS_Patrick_Gallagher
Individual,Soldier,Pheidippides,https://en.wikipedia.org/wiki/Pheidippides
Individual,Soldier,Rafael Peralta,https://en.wikipedia.org/wiki/Rafael_Peralta
Individual,Soldier,Ralph Henry Johnson,https://en.wikipedia.org/wiki/Ralph_H._Johnson
Individual,Soldier,Richard Beatty Anderson,https://en.wikipedia.org/wiki/Richard_B._Anderson
Individual,Soldier,Richard Edward Kraus,https://en.wikipedia.org/wiki/Richard_E._Kraus
Individual,Soldier,Robert Allen Owens,https://en.wikipedia.org/wiki/Robert_A._Owens
Individual,Soldier,Robert Howard McCard,https://en.wikipedia.org/wiki/Robert_H._McCard
Individual,Soldier,Robert Lee Wilson,https://en.wikipedia.org/wiki/Robert_L._Wilson
Individual,Soldier,Solomon Wren,https://en.wikipedia.org/wiki/USS_Wren#Namesake
Individual,Soldier,Stanley Graves Benner,https://en.wikipedia.org/wiki/USS_Benner_(DD-807)#Namesake
Individual,Soldier,Wayne Maurice Caron,https://en.wikipedia.org/wiki/Wayne_Maurice_Caron
Individual,Soldier,William Anthony,https://en.wikipedia.org/wiki/William_Anthony_(USMC)
Individual,Soldier,William James Bordelon Jr.,https://en.wikipedia.org/wiki/William_J._Bordelon
Individual,Soldier,William Richard Charette,https://en.wikipedia.org/wiki/William_R._Charette
Individual,Soldier,Woodrow R. Thompson,
Individual,,Mary,"https://en.wikipedia.org/wiki/Mary,_mother_of_Jesus"
Meteorological,Cloud Formation,Altocumulus Cloud,https://en.wikipedia.org/wiki/Altocumulus_cloud
Meteorological,Cloud Formation,Autumn Cloud,
Meteorological,Cloud Formation,Blue Cloud,https://en.wikipedia.org/wiki/Cirrostratus_cloud
Meteorological,Cloud Formation,Cirrus Clouds,https://en.wikipedia.org/wiki/Cirrus_cloud
Meteorological,Cloud Formation,Cumulonimbus Cloud,https://en.wikipedia.org/wiki/Cumulonimbus_cloud
Meteorological,Cloud Formation,Cumulus Cloud,https://en.wikipedia.org/wiki/Cumulus_cloud
Meteorological,Cloud Formation,Dawn Clouds,
Meteorological,Cloud Formation,Morning Cloud,
Meteorological,Cloud Formation,Mountain Cloud,
Meteorological,Cloud Formation,Stratus Cloud,https://en.wikipedia.org/wiki/Stratus_cloud
Meteorological,Cloud Formation,Summer Cloud,
Meteorological,Mirage,Heat Haze,https://en.wikipedia.org/wiki/Mirage#Heat_haze
Meteorological,Mirage,Unknown Fire,https://en.wikipedia.org/wiki/Shiranui_(optical_phenomenon)
Meteorological,Phenomenon,April Shower,https://en.wikipedia.org/wiki/April_shower
Meteorological,Phenomenon,Autumn Frost,https://en.wikipedia.org/wiki/Frost
Meteorological,Phenomenon,Autumn Typhoon,
Meteorological,Phenomenon,Autumn Wind,
Meteorological,Phenomenon,Bay Waves,
Meteorological,Phenomenon,Bay Wind,
Meteorological,Phenomenon,Beach Fog,https://en.wikipedia.org/wiki/Fog
Meteorological,Phenomenon,Beach Wind,
Meteorological,Phenomenon,Beach Wind,
Meteorological,Phenomenon,Beautiful Waves,
Meteorological,Phenomenon,Big Wave,
Meteorological,Phenomenon,Blizzard,https://en.wikipedia.org/wiki/Blizzard
Meteorological,Phenomenon,Capillary Wave,https://en.wikipedia.org/wiki/Capillary_wave
Meteorological,Phenomenon,Cool Wave,
Meteorological,Phenomenon,Cool Wind,
Meteorological,Phenomenon,Crashing Wave,
Meteorological,Phenomenon,Deep Snow,https://en.wikipedia.org/wiki/Snow
Meteorological,Phenomenon,Drizzle,https://en.wikipedia.org/wiki/Drizzle
Meteorological,Phenomenon,Early Frost,https://en.wikipedia.org/wiki/Frost
Meteorological,Phenomenon,Early Morning Tide,
Meteorological,Phenomenon,Evening Calm,https://ja.wikipedia.org/wiki/%E5%A4%95%E5%87%AA
Meteorological,Phenomenon,Evening Cloud,
Meteorological,Phenomenon,Evening Mist,
Meteorological,Phenomenon,Evening Shower,https://en.wikipedia.org/wiki/Shower_(precipitation)
Meteorological,Phenomenon,Evening Tide Wind,
Meteorological,Phenomenon,Evening Wind,
Meteorological,Phenomenon,Falling Snow,https://en.wikipedia.org/wiki/Snow
Meteorological,Phenomenon,Favorable Wind,
Meteorological,Phenomenon,First Frost,
Meteorological,Phenomenon,First Snow,https://en.wikipedia.org/wiki/Snow
Meteorological,Phenomenon,First Wind,
Meteorological,Phenomenon,Fog,
Meteorological,Phenomenon,Fog Over Calm Waters,https://en.wikipedia.org/wiki/Fog
Meteorological,Phenomenon,Haze,
Meteorological,Phenomenon,Heavenly Wind,
Meteorological,Phenomenon,High Tide,https://en.wikipedia.org/wiki/Tide
Meteorological,Phenomenon,Hurricane,https://en.wikipedia.org/wiki/Tropical_cyclone
Meteorological,Phenomenon,Island Snow,https://en.wikipedia.org/wiki/Snow
Meteorological,Phenomenon,Island Wind,
Meteorological,Phenomenon,King Tide,https://en.wikipedia.org/wiki/Tide
Meteorological,Phenomenon,Kuroshio Current,https://en.wikipedia.org/wiki/Kuroshio_Current
Meteorological,Phenomenon,Lightning,https://en.wiktionary.org/wiki/lightning
Meteorological,Phenomenon,Long Wave,
Meteorological,Phenomenon,Marsh Wind,
Meteorological,Phenomenon,Mist,https://en.wikipedia.org/wiki/Mist
Meteorological,Phenomenon,Moonlight Ripples,
Meteorological,Phenomenon,Morning Calm,
Meteorological,Phenomenon,Morning Dew,
Meteorological,Phenomenon,Morning Frost,https://en.wikipedia.org/wiki/Frost
Meteorological,Phenomenon,Morning Mist,
Meteorological,Phenomenon,Morning Snow,https://en.wikipedia.org/wiki/Snow
Meteorological,Phenomenon,Morning Wave,
Meteorological,Phenomenon,Morning Wind,https://en.wikipedia.org/wiki/Breeze
Meteorological,Phenomenon,Morningtide,https://en.wikipedia.org/wiki/Tide
Meteorological,Phenomenon,Mountain Fog,https://en.wikipedia.org/wiki/Fog
Meteorological,Phenomenon,Mountain Peak Snow,https://en.wikipedia.org/wiki/Snow
Meteorological,Phenomenon,Mountain Peak Wind,
Meteorological,Phenomenon,Mountain Snow,https://en.wikipedia.org/wiki/Snow
Meteorological,Phenomenon,Mountain Wind,
Meteorological,Phenomenon,Offing Wave,
Meteorological,Phenomenon,Offshore Wind,
Meteorological,Phenomenon,Oyashio Current,https://en.wikipedia.org/wiki/Oyashio_Current
Meteorological,Phenomenon,Powder Snow,https://en.wikipedia.org/wiki/Snow
Meteorological,Phenomenon,Rain Shower,https://en.wikipedia.org/wiki/Shower_(precipitation)
Meteorological,Phenomenon,Rainbow,https://en.wikipedia.org/wiki/Rainbow
Meteorological,Phenomenon,Ripples,
Meteorological,Phenomenon,River Wind,
Meteorological,Phenomenon,Rocky Coast Snow,https://en.wikipedia.org/wiki/Snow
Meteorological,Phenomenon,Rocky Coast Wind,
Meteorological,Phenomenon,Rocky Waves,
Meteorological,Phenomenon,Rolling Wave,
Meteorological,Phenomenon,Scattered Showers,
Meteorological,Phenomenon,Sea Fog,https://en.wikipedia.org/wiki/Fog
Meteorological,Phenomenon,Sea Wind,
Meteorological,Phenomenon,Shorebreak,
Meteorological,Phenomenon,Simoom,https://en.wikipedia.org/wiki/Simoom
Meteorological,Phenomenon,Sky Fog,https://en.wikipedia.org/wiki/Fog
Meteorological,Phenomenon,Sleet,https://en.wikipedia.org/wiki/Ice_pellets
Meteorological,Phenomenon,Snow Falling on Calm Waters,https://en.wikipedia.org/wiki/Snow
Meteorological,Phenomenon,Snowy Beach,https://en.wikipedia.org/wiki/Snow
Meteorological,Phenomenon,Snowy Pine Tree,https://en.wikipedia.org/wiki/Snow
Meteorological,Phenomenon,Snowy Wind,
Meteorological,Phenomenon,Spindrift,https://en.wikipedia.org/wiki/Spindrift
Meteorological,Phenomenon,Spreading Waves,
Meteorological,Phenomenon,Spring Snow,https://en.wikipedia.org/wiki/Snow
Meteorological,Phenomenon,Spring Wind,
Meteorological,Phenomenon,Storm,https://en.wikipedia.org/wiki/Storm
Meteorological,Phenomenon,Storm Surge,https://en.wikipedia.org/wiki/Storm_surge
Meteorological,Phenomenon,Summer Tide,
Meteorological,Phenomenon,Surf,
Meteorological,Phenomenon,Swamp Fog,https://en.wikipedia.org/wiki/Fog
Meteorological,Phenomenon,Swamp Wind,
Meteorological,Phenomenon,Tempest,https://en.wikipedia.org/wiki/Storm
Meteorological,Phenomenon,Thunder,https://en.wikipedia.org/wiki/Thunder
Meteorological,Phenomenon,Tide,https://en.wikipedia.org/wiki/Tide
Meteorological,Phenomenon,Tornado,https://en.wikipedia.org/wiki/Tornado
Meteorological,Phenomenon,Torrent,
Meteorological,Phenomenon,Valley Wind,
Meteorological,Phenomenon,Wave,
Meteorological,Phenomenon,Whirlwind,https://en.wikipedia.org/wiki/Whirlwind
Meteorological,Phenomenon,Whirlwind,https://en.wikipedia.org/wiki/Whirlwind
Meteorological,Phenomenon,White Frost,https://en.wikipedia.org/wiki/Frost
Meteorological,Phenomenon,Wind,https://en.wikipedia.org/wiki/Wind
Meteorological,Phenomenon,Wind and Clouds,
Meteorological,Phenomenon,Wind Blown Flag,
Meteorological,Phenomenon,Wind in a Sail,
Meteorological,Phenomenon,Wind of a Flapping Bird,
Meteorological,Phenomenon,Wind of a Passing Arrow,
Meteorological,Phenomenon,Wind of a Sweeping Sword,
Meteorological,Phenomenon,Wind on the Waves,
Meteorological,Phenomenon,Wind Over the Field,
Meteorological,Phenomenon,Wind through a Pine Forest,
Meteorological,Phenomenon,Wind through the Bush Clover,
Meteorological,Phenomenon,Windblast,https://en.wikipedia.org/wiki/Windblast
Meteorological,Phenomenon,Windy,https://en.wikipedia.org/wiki/Wind
Meteorological,Phenomenon,Winter Shower,https://en.wikipedia.org/wiki/Shower_(precipitation)
Mythological,Creature,Basilisk,https://en.wikipedia.org/wiki/Basilisk
Mythological,Creature,Centaur,https://en.wikipedia.org/wiki/Centaur
Mythological,Creature,Charybdis,https://en.wikipedia.org/wiki/Charybdis
Mythological,Creature,Cockatrice,https://en.wikipedia.org/wiki/Cockatrice
Mythological,Creature,Dragon,https://en.wikipedia.org/wiki/Dragon
Mythological,Creature,Fairy,https://en.wikipedia.org/wiki/Fairy
Mythological,Creature,Fenghuang,https://en.wikipedia.org/wiki/Fenghuang
Mythological,Creature,Griffin,https://en.wikipedia.org/wiki/Griffin
Mythological,Creature,Harpy,https://en.wikipedia.org/wiki/Harpy
Mythological,Creature,Lernaean Hydra,https://en.wikipedia.org/wiki/Lernaean_Hydra
Mythological,Creature,Leviathan,https://en.wikipedia.org/wiki/Leviathan
Mythological,Creature,Mermaid,https://en.wikipedia.org/wiki/Mermaid
Mythological,Creature,Minotaur,https://en.wikipedia.org/wiki/Minotaur
Mythological,Creature,Ogre,https://en.wikipedia.org/wiki/Ogre
Mythological,Creature,Pegasus,https://en.wikipedia.org/wiki/Pegasus
Mythological,Creature,Phoenix,https://en.wikipedia.org/wiki/Phoenix_(mythology)
Mythological,Creature,Prancing Dragon,https://en.wikipedia.org/wiki/Japanese_aircraft_carrier_Ry%C5%ABj%C5%8D
Mythological,Creature,Scylla,https://en.wikipedia.org/wiki/Scylla
Mythological,Creature,Siren,https://en.wikipedia.org/wiki/Siren_(mythology)
Mythological,Creature,Sleipnir,https://en.wikipedia.org/wiki/Sleipnir
Mythological,Creature,Unicorn,https://en.wikipedia.org/wiki/Unicorn
Mythological,Creature,Vampire,https://en.wikipedia.org/wiki/Vampire
Mythological,Creature,Werewolf,https://en.wikipedia.org/wiki/Werewolf
Mythological,Creature,Wyvern,https://en.wikipedia.org/wiki/Wyvern
Mythological,Creature,Wyvern (Fire),https://en.wikipedia.org/wiki/Wyvern
Mythological,God,Aeolus,https://en.wikipedia.org/wiki/Aeolus_(son_of_Hippotes)
Mythological,God,Amphitrite,https://en.wikipedia.org/wiki/Amphitrite
Mythological,God,Aphrodite,https://en.wikipedia.org/wiki/Aphrodite
Mythological,God,Apollo,https://en.wikipedia.org/wiki/Apollo
Mythological,God,Artemis,https://en.wikipedia.org/wiki/Artemis
Mythological,God,Astraea,https://en.wikipedia.org/wiki/Astraea
Mythological,God,Athena,https://en.wikipedia.org/wiki/Athena
Mythological,God,Aurora,https://en.wikipedia.org/wiki/Aurora_(mythology)
Mythological,God,Bellona,https://en.wikipedia.org/wiki/Bellona_(goddess)
Mythological,God,Boreas,https://en.wikipedia.org/wiki/Boreas
Mythological,God,Calliope,https://en.wikipedia.org/wiki/Calliope
Mythological,God,Ceres,https://en.wikipedia.org/wiki/Ceres_(mythology)
Mythological,God,Clio,https://en.wikipedia.org/wiki/Clio
Mythological,God,Comus,https://en.wikipedia.org/wiki/Comus
Mythological,God,Diana,https://en.wikipedia.org/wiki/Diana_(mythology)
Mythological,God,Erebus,https://en.wikipedia.org/wiki/Erebus
Mythological,God,Flora,https://en.wikipedia.org/wiki/Flora_(mythology)
Mythological,God,Freyja,https://en.wikipedia.org/wiki/Freyja
Mythological,God,Gefjon,https://en.wikipedia.org/wiki/Gefjon
Mythological,God,Hephaestus,https://en.wikipedia.org/wiki/Hephaestus
Mythological,God,Hermes,https://en.wikipedia.org/wiki/Hermes
Mythological,God,Hesperus,https://en.wikipedia.org/wiki/Hesperus
Mythological,God,Hyperion,https://en.wikipedia.org/wiki/Hyperion_(Titan)
Mythological,God,Iris,https://en.wikipedia.org/wiki/Iris_(mythology)
Mythological,God,Isis,https://en.wikipedia.org/wiki/Isis
Mythological,God,Janus,https://en.wikipedia.org/wiki/Janus
Mythological,God,Juno,https://en.wikipedia.org/wiki/Juno_(mythology)
Mythological,God,Jupiter,https://en.wikipedia.org/wiki/Jupiter_(god)
Mythological,God,Leto,https://en.wikipedia.org/wiki/Leto
Mythological,God,Mars,https://en.wikipedia.org/wiki/Mars_(mythology)
Mythological,God,Melpomene,https://en.wikipedia.org/wiki/Melpomene
Mythological,God,Mercury,https://en.wikipedia.org/wiki/Mercury_(mythology)
Mythological,God,Minerva,https://en.wikipedia.org/wiki/Minerva
Mythological,God,Nemesis,https://en.wikipedia.org/wiki/Nemesis
Mythological,God,Nereus,https://en.wikipedia.org/wiki/Nereus
Mythological,God,Nerthus,https://en.wikipedia.org/wiki/Nerthus
Mythological,God,Odin,https://en.wikipedia.org/wiki/Odin
Mythological,God,Osiris,https://en.wikipedia.org/wiki/Osiris
Mythological,God,Peloreus,https://en.wikipedia.org/wiki/Peloreus_(mythology)
Mythological,God,Phaeton,https://en.wikipedia.org/wiki/Phaethon
Mythological,God,Phoebe,https://en.wikipedia.org/wiki/Phoebe_(Titaness)
Mythological,God,Phoebe (Titaness),https://en.wikipedia.org/wiki/Phoebe_(Titaness)
Mythological,God,Pomona,https://en.wikipedia.org/wiki/Pomona_(mythology)
Mythological,God,Poseidon,https://en.wikipedia.org/wiki/Poseidon
Mythological,God,Prometheus,https://en.wikipedia.org/wiki/Prometheus
Mythological,God,Proserpina,https://en.wikipedia.org/wiki/Proserpina
Mythological,God,Quetzalcoatl,https://en.wikipedia.org/wiki/Quetzalc%C5%8D%C4%81tl
Mythological,God,Saturn,https://en.wikipedia.org/wiki/Saturn_(mythology)
Mythological,God,Serapis,https://en.wikipedia.org/wiki/Serapis
Mythological,God,Terpsichore,https://en.wikipedia.org/wiki/Terpsichore
Mythological,God,The Trinity,https://en.wikipedia.org/wiki/Trinity
Mythological,God,Urania,https://en.wikipedia.org/wiki/Urania
Mythological,God,Venus,https://en.wikipedia.org/wiki/Venus_(mythology)
Mythological,God,Zephyrus,https://en.wikipedia.org/wiki/Zephyrus
Mythological,God,Zephyrus,https://en.wikipedia.org/wiki/Zephyrus
Mythological,God,Zeus,https://en.wikipedia.org/wiki/Zeus
Mythological,Group,Argonauts,https://en.wikipedia.org/wiki/Argonauts
Mythological,Group,Paladins,https://en.wikipedia.org/wiki/Paladin
Mythological,Group,Wizard,https://en.wikipedia.org/wiki/Magician_(fantasy)
Mythological,Hero,Achates,https://en.wikipedia.org/wiki/Achates_(Aeneid)
Mythological,Hero,Achilles,https://en.wikipedia.org/wiki/Achilles
Mythological,Hero,Ajax the Great,https://en.wikipedia.org/wiki/Ajax_the_Great
Mythological,Hero,Amphion,https://en.wikipedia.org/wiki/Amphion_and_Zethus
Mythological,Hero,Andromache,https://en.wikipedia.org/wiki/Andromache
Mythological,Hero,Andromeda,https://en.wikipedia.org/wiki/Andromeda_(mythology)
Mythological,Hero,Argus Panoptes,https://en.wikipedia.org/wiki/Argus_Panoptes
Mythological,Hero,Ariadne,https://en.wikipedia.org/wiki/Ariadne
Mythological,Hero,Armida,https://en.wikipedia.org/wiki/Armida
Mythological,Hero,Atalanta,https://en.wikipedia.org/wiki/Atalanta
Mythological,Hero,Bellerophon,https://en.wikipedia.org/wiki/Bellerophon
Mythological,Hero,Cadmus,https://en.wikipedia.org/wiki/Cadmus
Mythological,Hero,Cassandra,https://en.wikipedia.org/wiki/Cassandra
Mythological,Hero,Castor,https://en.wikipedia.org/wiki/Castor_and_Pollux
Mythological,Hero,Daedalus,https://en.wikipedia.org/wiki/Daedalus
Mythological,Hero,Danae,https://en.wikipedia.org/wiki/Dana%C3%AB
Mythological,Hero,Diomedes,https://en.wikipedia.org/wiki/Diomedes
Mythological,Hero,Electra,https://en.wikipedia.org/wiki/Electra
Mythological,Hero,Endymion,https://en.wikipedia.org/wiki/Endymion_(mythology)
Mythological,Hero,Europa,https://en.wikipedia.org/wiki/Europa_(consort_of_Zeus)
Mythological,Hero,Euryalus,https://en.wikipedia.org/wiki/Argonauts
Mythological,Hero,Florizel,https://en.wikipedia.org/wiki/Florizel_(The_Winter%27s_Tale)
Mythological,Hero,Hafren,https://en.wikipedia.org/wiki/Hafren
Mythological,Hero,Hector,https://en.wikipedia.org/wiki/Hector
Mythological,Hero,Heracles,https://en.wikipedia.org/wiki/Heracles
Mythological,Hero,Hermione,https://en.wikipedia.org/wiki/Hermione_(mythology)
Mythological,Hero,Hyacinth,https://en.wikipedia.org/wiki/Hyacinth_(mythology)
Mythological,Hero,Icarus,https://en.wikipedia.org/wiki/Icarus
Mythological,Hero,Imogen,https://en.wikipedia.org/wiki/Imogen_(Cymbeline)
Mythological,Hero,Iphigenia,https://en.wikipedia.org/wiki/Iphigenia
Mythological,Hero,"Jason, Leader of the Argonauts",https://en.wikipedia.org/wiki/Jason
Mythological,Hero,King Arthur,https://en.wikipedia.org/wiki/King_Arthur
Mythological,Hero,Laertes,https://en.wikipedia.org/wiki/Laertes_(father_of_Odysseus)
Mythological,Hero,Leander,https://en.wikipedia.org/wiki/Hero_and_Leander
Mythological,Hero,Magician,https://en.wikipedia.org/wiki/Magician_(fantasy)
Mythological,Hero,Medea,https://en.wikipedia.org/wiki/Medea
Mythological,Hero,Melampus,https://en.wikipedia.org/wiki/Melampus
Mythological,Hero,Merlin,https://en.wikipedia.org/wiki/Merlin
Mythological,Hero,Minos,https://en.wikipedia.org/wiki/Minos
Mythological,Hero,Miranda,https://en.wikipedia.org/wiki/Miranda_(The_Tempest)
Mythological,Hero,Narcissus,https://en.wikipedia.org/wiki/Narcissus_(mythology)
Mythological,Hero,Nerissa,https://en.wikipedia.org/wiki/The_Merchant_of_Venice
Mythological,Hero,Nessus,https://en.wikipedia.org/wiki/Nessus_(centaur)
Mythological,Hero,Nestor,https://en.wikipedia.org/wiki/Nestor_(mythology)
Mythological,Hero,Nimrod,https://en.wikipedia.org/wiki/Nimrod
Mythological,Hero,Niobe,https://en.wikipedia.org/wiki/Niobe
Mythological,Hero,Nisus,https://en.wikipedia.org/wiki/Nisus_and_Euryalus
Mythological,Hero,Odysseus,https://en.wikipedia.org/wiki/Odysseus
Mythological,Hero,Ophelia,https://en.wikipedia.org/wiki/Ophelia
Mythological,Hero,Orestes,https://en.wikipedia.org/wiki/Orestes
Mythological,Hero,Oriana,https://en.wikipedia.org/wiki/Amad%C3%ADs_de_Gaula
Mythological,Hero,Orion,https://en.wikipedia.org/wiki/Orion_(mythology)
Mythological,Hero,Orlando,https://en.wikipedia.org/wiki/Orlando_(As_You_Like_It)
Mythological,Hero,Orpheus,https://en.wikipedia.org/wiki/Orpheus
Mythological,Hero,Pandora,https://en.wikipedia.org/wiki/Pandora
Mythological,Hero,Penelope,https://en.wikipedia.org/wiki/Penelope
Mythological,Hero,Perseus,https://en.wikipedia.org/wiki/Perseus
Mythological,Hero,Philomela,https://en.wikipedia.org/wiki/Philomela
Mythological,Hero,Phra Ruang,https://en.wikipedia.org/wiki/Phra_Ruang
Mythological,Hero,Portia,https://en.wikipedia.org/wiki/Portia_(The_Merchant_of_Venice)
Mythological,Hero,Portia,https://en.wikipedia.org/wiki/Portia_(The_Merchant_of_Venice)
Mythological,Hero,Psyche,https://en.wikipedia.org/wiki/Psyche_(mythology)
Mythological,Hero,Pylades,https://en.wikipedia.org/wiki/Pylades
Mythological,Hero,Pyramus,https://en.wikipedia.org/wiki/Pyramus_and_Thisbe
Mythological,Hero,Quentin Durward,https://en.wikipedia.org/wiki/Quentin_Durward
Mythological,Hero,Renaud de Montauban,https://en.wikipedia.org/wiki/Renaud_de_Montauban
Mythological,Hero,Rhea Silvia,https://en.wikipedia.org/wiki/Rhea_Silvia
Mythological,Hero,Romola,https://en.wikipedia.org/wiki/Romola
Mythological,Hero,Rosalind,https://en.wikipedia.org/wiki/Rosalind_(As_You_Like_It)
Mythological,Hero,Sarpedon,https://en.wikipedia.org/wiki/Sarpedon_(Trojan_War_hero)
Mythological,Hero,Tancred,https://en.wikipedia.org/wiki/Jerusalem_Delivered#Plot_summary
Mythological,Hero,Telemachus,https://en.wikipedia.org/wiki/Telemachus
Mythological,Hero,The Lady Rowena,https://en.wikipedia.org/wiki/Ivanhoe
Mythological,Hero,Theseus,https://en.wikipedia.org/wiki/Theseus
Mythological,Hero,Thisbe,https://en.wikipedia.org/wiki/Pyramus_and_Thisbe
Mythological,Hero,Till Eulenspiegel,https://en.wikipedia.org/wiki/Till_Eulenspiegel
Mythological,Hero,Tristan,https://en.wikipedia.org/wiki/Tristan
Mythological,Hero,Vanoc,https://en.wikipedia.org/wiki/The_Bridal_of_Triermain
Mythological,Hero,Viola,https://en.wikipedia.org/wiki/Viola_(Twelfth_Night)
Mythological,Hero,Young Lochinvar,https://en.wikipedia.org/wiki/Marmion_(poem)
Mythological,People,Amazons,https://en.wikipedia.org/wiki/Amazons
Mythological,People,Myrmidons,https://en.wikipedia.org/wiki/Myrmidons
Mythological,Place,Fusang,https://en.wikipedia.org/wiki/Fusang
Mythological,Place,Shangri-La,https://en.wikipedia.org/wiki/Shangri-La
Mythological,Place,Valhalla,https://en.wikipedia.org/wiki/Valhalla
Mythological,Place,Vineta,https://en.wikipedia.org/wiki/Vineta
Mythological,Spirit,Abdiel,https://en.wikipedia.org/wiki/Paradise_Lost
Mythological,Spirit,Acaste,https://en.wikipedia.org/wiki/Acaste_(Oceanid)
Mythological,Spirit,Arethusa,https://en.wikipedia.org/wiki/Arethusa_(nymph)
Mythological,Spirit,Ariel,https://en.wikipedia.org/wiki/Ariel_(The_Tempest)
Mythological,Spirit,Banshee,https://en.wikipedia.org/wiki/Banshee
Mythological,Spirit,Calypso,https://en.wikipedia.org/wiki/Calypso_(mythology)
Mythological,Spirit,Doris,https://en.wikipedia.org/wiki/Doris_(Oceanid)
Mythological,Spirit,Dryad,https://en.wikipedia.org/wiki/Dryad
Mythological,Spirit,Echo,https://en.wikipedia.org/wiki/Echo_(mythology)
Mythological,Spirit,Gabriel,https://en.wikipedia.org/wiki/Gabriel
Mythological,Spirit,Galatea,https://en.wikipedia.org/wiki/Acis_and_Galatea
Mythological,Spirit,Ithuriel,https://en.wikipedia.org/wiki/Ithuriel
Mythological,Spirit,Lady of the Lake,https://en.wikipedia.org/wiki/Lady_of_the_Lake
Mythological,Spirit,Lucifer,https://en.wikipedia.org/wiki/Lucifer
Mythological,Spirit,Maenad,https://en.wikipedia.org/wiki/Maenad
Mythological,Spirit,Medusa,https://en.wikipedia.org/wiki/Medusa
Mythological,Spirit,Michael,https://en.wikipedia.org/wiki/Michael_(archangel)
Mythological,Spirit,Naiad,https://en.wikipedia.org/wiki/Naiad
Mythological,Spirit,Nereids,https://en.wikipedia.org/wiki/Nereids
Mythological,Spirit,Nymph,https://en.wikipedia.org/wiki/Nymph
Mythological,Spirit,Oberon,https://en.wikipedia.org/wiki/Oberon
Mythological,Spirit,Satyr,https://en.wikipedia.org/wiki/Satyr
Mythological,Spirit,Seraph,https://en.wikipedia.org/wiki/Seraph
Mythological,Spirit,Sylph,https://en.wikipedia.org/wiki/Sylph
Mythological,Spirit,Thetis,https://en.wikipedia.org/wiki/Thetis
Mythological,Spirit,Undine,https://en.wikipedia.org/wiki/Undine
Mythological,Spirit,Valkyrie,https://en.wikipedia.org/wiki/Valkyrie
Mythological,Story,Ivanhoe,https://en.wikipedia.org/wiki/Ivanhoe
Mythological,Story,Marmion,https://en.wikipedia.org/wiki/Marmion_(poem)
Mythological,Story,Orlando Furioso,https://en.wikipedia.org/wiki/Orlando_Furioso
Mythological,Story,Redgauntlet,https://en.wikipedia.org/wiki/Redgauntlet
Mythological,Story,The Talisman,https://en.wikipedia.org/wiki/The_Talisman_(Scott_novel)
Mythological,Story,Westward Ho!,https://en.wikipedia.org/wiki/Westward_Ho!_(novel)
Mythological,,Devine Storm,https://en.wikipedia.org/wiki/Kamikaze_(typhoon)
Mythological,,Fast Bird,https://ja.wikipedia.org/wiki/%E9%80%9F%E9%B3%A5
Political,Alliance,Hanseatic League,https://en.wikipedia.org/wiki/Hanseatic_League
Political,City,"Albany, New York, US","https://en.wikipedia.org/wiki/Albany,_New_York"
Political,City,"Algiers, Algeria",https://en.wikipedia.org/wiki/Algiers
Political,City,"Alton, Illinois, US","https://en.wikipedia.org/wiki/Alton,_Illinois"
Political,City,"Amsterdam, New York, US","https://en.wikipedia.org/wiki/Amsterdam,_New_York"
Political,City,"Ancona, Marche, Italy",https://en.wikipedia.org/wiki/Ancona
Political,City,"Anittepe, Ankara, Turkey",https://en.wikipedia.org/wiki/Ankara
Political,City,"Annapolis, Maryland, US","https://en.wikipedia.org/wiki/Annapolis,_Maryland"
Political,City,"Anniston, Alabama, US","https://en.wikipedia.org/wiki/Anniston,_Alabama"
Political,City,"Anyang, Henan, China",https://en.wikipedia.org/wiki/Anyang
Political,City,"Astoria, Oregon, US","https://en.wikipedia.org/wiki/Astoria,_Oregon"
Political,City,"Atlanta, Georgia, US",https://en.wikipedia.org/wiki/Atlanta
Political,City,"Augsburg, Bavaria, Germany",https://en.wikipedia.org/wiki/Augsburg
Political,City,"Augusta, Georgia, US","https://en.wikipedia.org/wiki/Augusta,_Georgia"
Political,City,"Baltimore, Maryland, US",https://en.wikipedia.org/wiki/Baltimore
Political,City,"Baltiysk, Kaliningrad Oblast, Russia",https://en.wikipedia.org/wiki/Baltiysk
Political,City,"Bari, Apulia, Italy",https://en.wikipedia.org/wiki/Bari
Political,City,"Bath, England, UK","https://en.wikipedia.org/wiki/Bath,_Somerset"
Political,City,"Belfast, Northern Ireland, UK",https://en.wikipedia.org/wiki/Belfast
Political,City,"Belmont, England, UK","https://en.wikipedia.org/wiki/Belmont,_Lancashire"
Political,City,"Bergen, Norway",https://en.wikipedia.org/wiki/Bergen
Political,City,"Berlin, Berlin, Germany",https://en.wikipedia.org/wiki/Berlin
Political,City,"Beverley, England, UK",https://en.wikipedia.org/wiki/Beverley
Political,City,"Biloxi, Mississippi, US","https://en.wikipedia.org/wiki/Biloxi,_Mississippi"
Political,City,"Birkenhead, England, UK",https://en.wikipedia.org/wiki/Birkenhead
Political,City,"Birmingham, Alabama, US","https://en.wikipedia.org/wiki/Birmingham,_Alabama"
Political,City,"Birmingham, England, UK",https://en.wikipedia.org/wiki/Birmingham
Political,City,"Boise, Idaho, US","https://en.wikipedia.org/wiki/Boise,_Idaho"
Political,City,"Boston, Massachusetts, US",https://en.wikipedia.org/wiki/Boston
Political,City,"Bradford, England, UK",https://en.wikipedia.org/wiki/Bradford
Political,City,"Braunschweig, Lower Saxony, Germany",https://en.wikipedia.org/wiki/Braunschweig
Political,City,"Bremen, Bremen, Germany",https://en.wikipedia.org/wiki/Bremen
Political,City,"Bremerton, Washington, US","https://en.wikipedia.org/wiki/Bremerton,_Washington"
Political,City,"Bridgeport, Connecticut, US","https://en.wikipedia.org/wiki/Bridgeport,_Connecticut"
Political,City,"Brighton, England, UK",https://en.wikipedia.org/wiki/Brighton
Political,City,"Brisbane, Queensland, Australia",https://en.wikipedia.org/wiki/Brisbane
Political,City,"Bristol, England, UK",https://en.wikipedia.org/wiki/Bristol
Political,City,"Broadwater, England, UK","https://en.wikipedia.org/wiki/Broadwater,_West_Sussex"
Political,City,"Broadway, England, UK","https://en.wikipedia.org/wiki/Broadway,_Worcestershire"
Political,City,"Brooklyn, New York, US",https://en.wikipedia.org/wiki/Brooklyn
Political,City,"Buffalo, New York, US","https://en.wikipedia.org/wiki/Buffalo,_New_York"
Political,City,"Burnham, England, UK","https://en.wikipedia.org/wiki/Burnham,_Buckinghamshire"
Political,City,"Burwell, England, UK","https://en.wikipedia.org/wiki/Burwell,_Cambridgeshire"
Political,City,"Busan, South Korea",https://en.wikipedia.org/wiki/Busan
Political,City,"Buxton, England, UK",https://en.wikipedia.org/wiki/Buxton
Political,City,"Cairo, Egypt",https://en.wikipedia.org/wiki/Cairo
Political,City,"Cairo, Egypt",https://en.wikipedia.org/wiki/Cairo
Political,City,"Caldwell, England, UK","https://en.wikipedia.org/wiki/Caldwell,_North_Yorkshire"
Political,City,"Cambridge, Massachusetts, US","https://en.wikipedia.org/wiki/Cambridge,_Massachusetts"
Political,City,"Cameron, Scotland","https://en.wikipedia.org/wiki/Cameron,_Fife"
Political,City,"Campbeltown, Scotland, UK",https://en.wikipedia.org/wiki/Campbeltown
Political,City,"Canberra, Australian Capital Territory, Australia",https://en.wikipedia.org/wiki/Canberra
Political,City,"Canopus, Egypt","https://en.wikipedia.org/wiki/Canopus,_Egypt"
Political,City,"Canterbury, England, UK",https://en.wikipedia.org/wiki/Canterbury
Political,City,"Cape Town, South Africa",https://en.wikipedia.org/wiki/Cape_Town
Political,City,"Cardiff, Wales, UK",https://en.wikipedia.org/wiki/Cardiff
Political,City,"Carlisle, England, UK",https://en.wikipedia.org/wiki/Carlisle
Political,City,"Castleton, England, UK","https://en.wikipedia.org/wiki/Castleton,_Derbyshire"
Political,City,"Chaoyang, Beijing, China","https://en.wikipedia.org/wiki/Chaoyang,_Beijing"
Political,City,"Charleston, South Carolina, US","https://en.wikipedia.org/wiki/Charleston,_South_Carolina"
Political,City,"Charlestown, England, UK",https://www.google.com/search?q=Charlestown%2C+UK&sca_esv=5046443ecb82d3e7&sxsrf=AE3TifMmn-v290P08PamAw4D3cmNKOFerA%3A1763352226444&ei=op4aaZ31Gpie0PEP8OW9gAk&ved=0ahUKEwidzsj4pviQAxUYDzQIHfByD5AQ4dUDCBE&uact=5&oq=Charlestown%2C+UK&gs_lp=Egxnd3Mtd2l6LXNlcnAiD0NoYXJsZXN0b3duLCBVSzIGEAAYBxgeMgYQABgHGB4yBRAuGIAEMgYQABgHGB4yBhAAGAcYHjIFEAAYgAQyBRAAGIAEMgQQABgeMgQQABgeMgQQABgeSMoGUIQCWIQCcAF4AJABAJgBYKABlwGqAQEyuAEDyAEA-AEC-AEBmAICoAJuwgIKEAAYsAMY1gQYR5gDAIgGAZAGCJIHAzEuMaAHmA6yBwMwLjG4B2fCBwMyLTLIBwo&sclient=gws-wiz-serp
Political,City,"Charlotte, North Carolina, US","https://en.wikipedia.org/wiki/Charlotte,_North_Carolina"
Political,City,"Chatham, England, UK","https://en.wikipedia.org/wiki/Chatham,_Kent"
Political,City,"Chattanooga, Tennessee, US","https://en.wikipedia.org/wiki/Chattanooga,_Tennessee"
Political,City,"Chelsea, London, England, UK","https://en.wikipedia.org/wiki/Chelsea,_London"
Political,City,"Chenyang Town, Hunan, China",https://en.wikipedia.org/wiki/Chenyang
Political,City,"Chester, England, UK",https://en.wikipedia.org/wiki/Chester
Political,City,"Chester, Pennsylvania, US","https://en.wikipedia.org/wiki/Chester,_Pennsylvania"
Political,City,"Chesterfield, England, UK","https://en.wikipedia.org/wiki/Chesterfield,_Derbyshire"
Political,City,"Cheyenne, Wyoming, US","https://en.wikipedia.org/wiki/Cheyenne,_Wyoming"
Political,City,"Chicago, Illinois, US",https://en.wikipedia.org/wiki/Chicago
Political,City,"Churchill, England, UK","https://en.wikipedia.org/wiki/Churchill,_Oxfordshire"
Political,City,"Cincinnati, Ohio, US",https://en.wikipedia.org/wiki/Cincinnati
Political,City,"City of Westminster, England, UK",https://en.wikipedia.org/wiki/City_of_Westminster
Political,City,"Clare, England, UK","https://en.wikipedia.org/wiki/Clare,_Suffolk"
Political,City,"Cleveland, Ohio, US",https://en.wikipedia.org/wiki/Cleveland
Political,City,"Colmar, Alsace, France",https://en.wikipedia.org/wiki/Colmar
Political,City,"Cologne, North Rhine-Westphalia, Germany",https://en.wikipedia.org/wiki/Cologne
Political,City,"Colombo, Sri Lanka",https://en.wikipedia.org/wiki/Colombo
Political,City,"Columbia, South Carolina, US","https://en.wikipedia.org/wiki/Columbia,_South_Carolina"
Political,City,"Columbus, Ohio, US","https://en.wikipedia.org/wiki/Columbus,_Ohio"
Political,City,"Concord, Massachusetts, US","https://en.wikipedia.org/wiki/Concord,_Massachusetts"
Political,City,"Constitucion, Chile","https://en.wikipedia.org/wiki/Constituci%C3%B3n,_Chile"
Political,City,"Corpus Christi, Texas, US","https://en.wikipedia.org/wiki/Corpus_Christi,_Texas"
Political,City,"Coventry, England, UK",https://en.wikipedia.org/wiki/Coventry
Political,City,"Daegu, North Gyeongsang Province, South Korea",https://en.wikipedia.org/wiki/Daegu
Political,City,"Daejeon, Daejeon, South Korea",https://en.wikipedia.org/wiki/Daejeon
Political,City,"Dallas, Texas, US",https://en.wikipedia.org/wiki/Dallas
Political,City,"Dangyang, Hubei, China",https://en.wikipedia.org/wiki/Dangyang
Political,City,"Danyang, Jiangsu, China","https://en.wikipedia.org/wiki/Danyang,_Jiangsu"
Political,City,"Dartmouth, England, UK","https://en.wikipedia.org/wiki/Dartmouth,_Devon"
Political,City,"Dayton, Ohio, US","https://en.wikipedia.org/wiki/Dayton,_Ohio"
Political,City,"Denver, Colorado, US",https://en.wikipedia.org/wiki/Denver
Political,City,"Des Moines, Iowa, US","https://en.wikipedia.org/wiki/Des_Moines,_Iowa"
Political,City,"Detroit, Michigan, US",https://en.wikipedia.org/wiki/Detroit
Political,City,"Deyang, Sichuan, China",https://en.wikipedia.org/wiki/Deyang
Political,City,"Dresden, Saxony, Germany",https://en.wikipedia.org/wiki/Dresden
Political,City,"Dublin, Ireland",https://en.wikipedia.org/wiki/Dublin
Political,City,"Duluth, Minnesota, US","https://en.wikipedia.org/wiki/Duluth,_Minnesota"
Political,City,"Dunkirk, Hauts-de-France, France",https://en.wikipedia.org/wiki/Dunkirk
Political,City,"Durban, South Africa",https://en.wikipedia.org/wiki/Durban
Political,City,"Edinburgh, Scotland, UK",https://en.wikipedia.org/wiki/Edinburgh
Political,City,"Egremont, England, UK","https://en.wikipedia.org/wiki/Egremont,_Cumbria"
Political,City,"Eilat, Israel",https://en.wikipedia.org/wiki/Eilat
Political,City,"Elblag, Warmian-Masurian Voivodeship, Poland",https://en.wikipedia.org/wiki/Elbl%C4%85g
Political,City,"Emden, Lower Saxony, Germany",https://en.wikipedia.org/wiki/Emden
Political,City,"Ersatz Karlsruhe, Baden-Wurttemberg, Germany",https://en.wikipedia.org/wiki/Karlsruhe
Political,City,"Exeter, England, UK",https://en.wikipedia.org/wiki/Exeter
Political,City,"Fall River, Massachusetts, US","https://en.wikipedia.org/wiki/Fall_River,_Massachusetts"
Political,City,"Falmouth, England, UK","https://en.wikipedia.org/wiki/Falmouth,_Cornwall"
Political,City,"Fargo, North Dakota, US","https://en.wikipedia.org/wiki/Fargo,_North_Dakota"
Political,City,"Fenyang, Shanxi, China",https://en.wikipedia.org/wiki/Fenyang
Political,City,"Flint, Michigan, US","https://en.wikipedia.org/wiki/Flint,_Michigan"
Political,City,"Frankfurt, Germany",https://en.wikipedia.org/wiki/Frankfurt
Political,City,"Frederick, Maryland, US","https://en.wikipedia.org/wiki/Frederick,_Maryland"
Political,City,"Fresno, California, US","https://en.wikipedia.org/wiki/Fresno,_California"
Political,City,"Fuyang, Anhui, China",https://en.wikipedia.org/wiki/Fuyang
Political,City,"Galveston, Texas, US","https://en.wikipedia.org/wiki/Galveston,_Texas"
Political,City,"Gaziantep, Gaziantep, Turkey",https://en.wikipedia.org/wiki/Gaziantep
Political,City,"Gdansk, Pomeranian Voivodeship, Poland",https://en.wikipedia.org/wiki/Gda%C5%84sk
Political,City,"Gelibolu, Canakkale, Turkey",https://en.wikipedia.org/wiki/Gelibolu
Political,City,"Gemlik, Bursa, Turkey",https://en.wikipedia.org/wiki/Gemlik
Political,City,"Georgetown, Wales, UK","https://en.wikipedia.org/wiki/Georgetown,_Blaenau_Gwent"
Political,City,"Giresun, Giresun, Turkey",https://en.wikipedia.org/wiki/Giresun
Political,City,"Glasgow, Scotland, UK",https://en.wikipedia.org/wiki/Glasgow
Political,City,"Gloucester, England, UK",https://en.wikipedia.org/wiki/Gloucester
Political,City,"Great Yarmouth, England, UK",https://en.wikipedia.org/wiki/Great_Yarmouth
Political,City,"Grudziadz, Kuyavian-Pomeranian Voivodeship, Poland",https://en.wikipedia.org/wiki/Grudzi%C4%85dz
Political,City,"Guiyang, Guizhou, China",https://en.wikipedia.org/wiki/Guiyang
Political,City,"Gwangju, Gwangju, South Korea",https://en.wikipedia.org/wiki/Gwangju
Political,City,"Hamburg, Hamburg, Germany",https://en.wikipedia.org/wiki/Hamburg
Political,City,"Hamilton, Bermuda, UK","https://en.wikipedia.org/wiki/Hamilton,_Bermuda"
Political,City,"Hanyang, Hubei, China","https://en.wikipedia.org/wiki/Hanyang,_Wuhan"
Political,City,"Havant, England, UK",https://en.wikipedia.org/wiki/Havant
Political,City,"Helena, Montana, US","https://en.wikipedia.org/wiki/Helena,_Montana"
Political,City,"Hengyang, Hunan, China",https://en.wikipedia.org/wiki/Hengyang
Political,City,"Hirado, Nagasaki, Japan","https://en.wikipedia.org/wiki/Hirado,_Nagasaki"
Political,City,"Hobart, Tasmania, Australia",https://en.wikipedia.org/wiki/Hobart
Political,City,"Honolulu, Hawaii, US",https://en.wikipedia.org/wiki/Honolulu
Political,City,"Houston, Texas, US",https://en.wikipedia.org/wiki/Houston
Political,City,"Huayang, Guangdong, China","https://en.wikipedia.org/wiki/Huayang,_Wuhua_County"
Political,City,"Huntington, West Virginia, US","https://en.wikipedia.org/wiki/Huntington,_West_Virginia"
Political,City,"Huron, South Dakota, US","https://en.wikipedia.org/wiki/Huron,_South_Dakota"
Political,City,"Incheon, South Korea",https://en.wikipedia.org/wiki/Incheon
Political,City,"Indianapolis, Indiana, US",https://en.wikipedia.org/wiki/Indianapolis
Political,City,"İskenderun, Hatay, Turkey",https://en.wikipedia.org/wiki/%C4%B0skenderun
Political,City,"Istanbul, Istanbul, Turkey",https://en.wikipedia.org/wiki/Istanbul
Political,City,"İzmir, İzmir, Turkey",https://en.wikipedia.org/wiki/%C4%B0zmir
Political,City,"Izmit, Kocaeli, Turkey",https://en.wikipedia.org/wiki/%C4%B0zmit
Political,City,"Jaffa, Israel",https://en.wikipedia.org/wiki/Old_Jaffa
Political,City,"Jeonju, North Jeolla, South Korea",https://en.wikipedia.org/wiki/Jeonju
Political,City,"Jianyang, Fujian, China","https://en.wikipedia.org/wiki/Jianyang,_Nanping"
Political,City,"Jiyuan, Henan, China",https://en.wikipedia.org/wiki/Jiyuan
Political,City,"Juneau, Alaska, US","https://en.wikipedia.org/wiki/Juneau,_Alaska"
Political,City,"Kaliningrad, Kaliningrad Oblast, Russia",https://en.wikipedia.org/wiki/K%C3%B6nigsberg
Political,City,"Kansas City, Missouri, US","https://en.wikipedia.org/wiki/Kansas_City,_Missouri"
Political,City,"Kashihara, Nara, Japan","https://en.wikipedia.org/wiki/Kashihara,_Nara"
Political,City,"Katoomba, New South Wales, Australia",https://en.wikipedia.org/wiki/Katoomba
Political,City,"Keelung, Taiwan",https://en.wikipedia.org/wiki/Keelung
Political,City,"Khartoum, Khartoum, Sudan",https://en.wikipedia.org/wiki/Khartoum
Political,City,"Kolberg, West Pomeranian Voivodeship, Poland",https://en.wikipedia.org/wiki/West_Pomeranian_Voivodeship
Political,City,"Kolkata, West Bengal, India",https://en.wikipedia.org/wiki/Kolkata
Political,City,"Kotor, Montenegro",https://en.wikipedia.org/wiki/Kotor
Political,City,"Laiyang, Shandong, China",https://en.wikipedia.org/wiki/Laiyang
Political,City,"Lancaster, England, UK","https://en.wikipedia.org/wiki/Lancaster,_Lancashire"
Political,City,"Larne, Northern Ireland, UK",https://en.wikipedia.org/wiki/Larne
Political,City,"Larne, Northern Ireland, UK",https://en.wikipedia.org/wiki/Larne
Political,City,"Leeds, England, UK",https://en.wikipedia.org/wiki/Leeds
Political,City,"Leipzig, Saxony, Germany",https://en.wikipedia.org/wiki/Leipzig
Political,City,"Lewes, England, UK",https://en.wikipedia.org/wiki/Lewes
Political,City,"Liaoyang, Liaoning, China",https://en.wikipedia.org/wiki/Liaoyang
Political,City,"Lincoln, England, UK","https://en.wikipedia.org/wiki/Lincoln,_England"
Political,City,"Little Rock, Arkansas, US","https://en.wikipedia.org/wiki/Little_Rock,_Arkansas"
Political,City,"Liverpool, England, UK",https://en.wikipedia.org/wiki/Liverpool
Political,City,"London, England, UK",https://en.wikipedia.org/wiki/London
Political,City,"Long Beach, California, US","https://en.wikipedia.org/wiki/Long_Beach,_California"
Political,City,"Los Angeles, California, US",https://en.wikipedia.org/wiki/Los_Angeles
Political,City,"Louisville, Kentucky, US","https://en.wikipedia.org/wiki/Louisville,_Kentucky"
Political,City,"Lowestoft, England, UK",https://en.wikipedia.org/wiki/Lowestoft
Political,City,"Lubeck, Schleswig-Holstein, Germany",https://en.wikipedia.org/wiki/L%C3%BCbeck
Political,City,"Ludlow, England, UK",https://en.wikipedia.org/wiki/Ludlow
Political,City,"Luoyang, Henan, China",https://en.wikipedia.org/wiki/Luoyang
Political,City,"Macon, Georgia, US","https://en.wikipedia.org/wiki/Macon,_Georgia"
Political,City,"Magdeburg, Saxony-Anhalt, Germany",https://en.wikipedia.org/wiki/Magdeburg
Political,City,"Magong, Taiwan",https://en.wikipedia.org/wiki/Magong
Political,City,"Mainz, Rhineland-Palatinate, Germany",https://en.wikipedia.org/wiki/Mainz
Political,City,"Manchester, England, UK",https://en.wikipedia.org/wiki/Manchester
Political,City,"Manchester, New Hampshire, US","https://en.wikipedia.org/wiki/Manchester,_New_Hampshire"
Political,City,"Mansfield, England, UK",https://en.wikipedia.org/wiki/Mansfield
Political,City,"Marblehead, Massachusetts, US","https://en.wikipedia.org/wiki/Marblehead,_Massachusetts"
Political,City,"Melbourne, Victoria, Australia",https://en.wikipedia.org/wiki/Melbourne
Political,City,"Memphis, Tennessee, US","https://en.wikipedia.org/wiki/Memphis,_Tennessee"
Political,City,"Metz, Grand Est, France",https://en.wikipedia.org/wiki/Metz
Political,City,"Miami, Florida, US",https://en.wikipedia.org/wiki/Miami
Political,City,"Mildura, Victoria, Australia",https://en.wikipedia.org/wiki/Mildura
Political,City,"Millbrook, England, UK","https://en.wikipedia.org/wiki/Millbrook,_Southampton"
Political,City,"Milwaukee, Wisconsin, US",https://en.wikipedia.org/wiki/Milwaukee
Political,City,"Minneapolis, Minnesota, US",https://en.wikipedia.org/wiki/Minneapolis
Political,City,"Missoula, Montana, US","https://en.wikipedia.org/wiki/Missoula,_Montana"
Political,City,"Mobile, Alabama, US","https://en.wikipedia.org/wiki/Mobile,_Alabama"
Political,City,"Montgomery, Alabama, US","https://en.wikipedia.org/wiki/Montgomery,_Alabama"
Political,City,"Montgomery, Wales, UK","https://en.wikipedia.org/wiki/Montgomery,_Powys"
Political,City,"Montpelier, Vermont, US","https://en.wikipedia.org/wiki/Montpelier,_Vermont"
Political,City,"Mulhouse, Grand Est, France",https://en.wikipedia.org/wiki/Mulhouse
Political,City,"Munich, Bavaria, Germany",https://en.wikipedia.org/wiki/Munich
Political,City,"Murmansk, Russia",https://en.wikipedia.org/wiki/Murmansk
Political,City,"Mysore, Karnataka, India",https://en.wikipedia.org/wiki/Mysore
Political,City,"Nanyang, Henan, China","https://en.wikipedia.org/wiki/Nanyang,_Henan"
Political,City,"Nashville, Tennessee, US","https://en.wikipedia.org/wiki/Nashville,_Tennessee"
Political,City,"New Haven, Connecticut, US","https://en.wikipedia.org/wiki/New_Haven,_Connecticut"
Political,City,"New Orleans, Louisiana, US",https://en.wikipedia.org/wiki/New_Orleans
Political,City,"Newark-on-Trent, England, UK",https://en.wikipedia.org/wiki/Newark-on-Trent
Political,City,"Newark, New Jersey, US","https://en.wikipedia.org/wiki/Newark,_New_Jersey"
Political,City,"Newcastle upon Tyne, England, UK",https://en.wikipedia.org/wiki/Newcastle_upon_Tyne
Political,City,"Newmarket, England, UK","https://en.wikipedia.org/wiki/Newmarket,_Suffolk"
Political,City,"Newport News, Virginia, US","https://en.wikipedia.org/wiki/Newport_News,_Virginia"
Political,City,"Newport, Wales, UK","https://en.wikipedia.org/wiki/Newport,_Wales"
Political,City,"Nisshin, Aichi, Japan","https://en.wikipedia.org/wiki/Nisshin,_Aichi"
Political,City,"Norfolk, Virginia, US","https://en.wikipedia.org/wiki/Norfolk,_Virginia"
Political,City,"Northampton, England, UK",https://en.wikipedia.org/wiki/Northampton
Political,City,"Northampton, Massachusetts, US","https://en.wikipedia.org/wiki/Northampton,_Massachusetts"
Political,City,"Noshiro, Akita Prefecture, Japan","https://en.wikipedia.org/wiki/Noshiro,_Akita"
Political,City,"Nottingham, England, UK",https://en.wikipedia.org/wiki/Nottingham
Political,City,"Nuremberg, Bavaria, Germany",https://en.wikipedia.org/wiki/Nuremberg
Political,City,"Oakland, California, US","https://en.wikipedia.org/wiki/Oakland,_California"
Political,City,"Oklahoma City, Oklahoma, US",https://en.wikipedia.org/wiki/Oklahoma_City
Political,City,"Olympia, Washington, US","https://en.wikipedia.org/wiki/Olympia,_Washington"
Political,City,"Omaha, Nebraska, US","https://en.wikipedia.org/wiki/Omaha,_Nebraska"
Political,City,"Oregon City, Oregon, US","https://en.wikipedia.org/wiki/Oregon_City,_Oregon"
Political,City,"Oslo, Norway",https://en.wikipedia.org/wiki/Oslo
Political,City,"Paris, Ile-de-France, France",https://en.wikipedia.org/wiki/Paris
Political,City,"Pasadena, California, US","https://en.wikipedia.org/wiki/Pasadena,_California"
Political,City,"Pembroke, Wales, UK","https://en.wikipedia.org/wiki/Pembroke,_Pembrokeshire"
Political,City,"Pensacola, Florida, US","https://en.wikipedia.org/wiki/Pensacola,_Florida"
Political,City,"Perth, Western Australia, Australia",https://en.wikipedia.org/wiki/Perth
Political,City,"Philadelphia, Pennsylvania, US",https://en.wikipedia.org/wiki/Philadelphia
Political,City,"Phoenix, Arizona, US","https://en.wikipedia.org/wiki/Phoenix,_Arizona"
Political,City,"Pittsburgh, Pennsylvania, US",https://en.wikipedia.org/wiki/Pittsburgh
Political,City,"Portland, Maine, US","https://en.wikipedia.org/wiki/Portland,_Maine"
Political,City,"Portsmouth, New Hampshire, US","https://en.wikipedia.org/wiki/Portsmouth,_New_Hampshire"
Political,City,"Potsdam, Brandenburg, Germany",https://en.wikipedia.org/wiki/Potsdam
Political,City,"Pretoria, South Africa",https://en.wikipedia.org/wiki/Pretoria
Political,City,"Providence, Rhode Island, US","https://en.wikipedia.org/wiki/Providence,_Rhode_Island"
Political,City,"Pueblo, Colorado, US","https://en.wikipedia.org/wiki/Pueblo,_Colorado"
Political,City,"Pula, Croatia",https://en.wikipedia.org/wiki/Pula
Political,City,"Qingyang, Gansu, China","https://en.wikipedia.org/wiki/Qingyang_Subdistrict,_Jinjiang"
Political,City,"Queenborough, England, UK",https://en.wikipedia.org/wiki/Queenborough
Political,City,"Quincy, Massachusetts, US","https://en.wikipedia.org/wiki/Quincy,_Massachusetts"
Political,City,"Rabaul, Papua New Guinea",https://en.wikipedia.org/wiki/Rabaul
Political,City,"Raleigh, North Carolina, US","https://en.wikipedia.org/wiki/Raleigh,_North_Carolina"
Political,City,"Ramsey, England, UK","https://en.wikipedia.org/wiki/Ramsey,_Cambridgeshire"
Political,City,"Reading, England, UK","https://en.wikipedia.org/wiki/Reading,_Berkshire"
Political,City,"Regensburg, Bavaria, Germany",https://en.wikipedia.org/wiki/Regensburg
Political,City,"Reno, Nevada, US","https://en.wikipedia.org/wiki/Reno,_Nevada"
Political,City,"Richmond, England, UK","https://en.wikipedia.org/wiki/Richmond,_North_Yorkshire"
Political,City,"Richmond, Virginia, US","https://en.wikipedia.org/wiki/Richmond,_Virginia"
Political,City,"Ringarooma, Tasmania, Australia",https://en.wikipedia.org/wiki/Ringarooma
Political,City,"Ripley, England, UK","https://en.wikipedia.org/wiki/Ripley,_Derbyshire"
Political,City,"Roanoke, Virginia, US","https://en.wikipedia.org/wiki/Roanoke,_Virginia"
Political,City,"Rochester, New York, US","https://en.wikipedia.org/wiki/Rochester,_New_York"
Political,City,"Rockingham, England, UK","https://en.wikipedia.org/wiki/Rockingham,_Northamptonshire"
Political,City,"Rostock, Mecklenburg-Western Pomerania, Germany",https://en.wikipedia.org/wiki/Rostock
Political,City,"Rouen, Normandy, France",https://en.wikipedia.org/wiki/Rouen
Political,City,"Roxburgh, Scotland, UK",https://en.wikipedia.org/wiki/Roxburgh
Political,City,"Royal Borough of Kingston upon Thames, London, England, UK",https://en.wikipedia.org/wiki/Royal_Borough_of_Kingston_upon_Thames
Political,City,"Royal Leamington Spa, England, UK",https://en.wikipedia.org/wiki/Leamington_Spa
Political,City,"Saint Paul, Minnesota, US","https://en.wikipedia.org/wiki/Saint_Paul,_Minnesota"
Political,City,"Salem, Massachusetts, US","https://en.wikipedia.org/wiki/Salem,_Massachusetts"
Political,City,"Salisbury, England, UK",https://en.wikipedia.org/wiki/Salisbury
Political,City,"Salt Lake City, Utah, US",https://en.wikipedia.org/wiki/Salt_Lake_City
Political,City,"San Diego, California, US",https://en.wikipedia.org/wiki/San_Diego
Political,City,"San Francisco, California, US",https://en.wikipedia.org/wiki/San_Francisco
Political,City,"San Juan, Puerto Rico, US","https://en.wikipedia.org/wiki/San_Juan,_Puerto_Rico"
Political,City,"San Marcos, Texas, US","https://en.wikipedia.org/wiki/San_Marcos,_Texas"
Political,City,"Santa Fe, New Mexico, US","https://en.wikipedia.org/wiki/Santa_Fe,_New_Mexico"
Political,City,"Sao Paulo, Sao Paulo, Brazil",https://en.wikipedia.org/wiki/S%C3%A3o_Paulo
Political,City,"Saratoga Springs, New York, US","https://en.wikipedia.org/wiki/Saratoga_Springs,_New_York"
Political,City,"Savannah, Georgia, US","https://en.wikipedia.org/wiki/Savannah,_Georgia"
Political,City,"Scranton, Pennsylvania, US","https://en.wikipedia.org/wiki/Scranton,_Pennsylvania"
Political,City,"Seattle, Washington, US",https://en.wikipedia.org/wiki/Seattle
Political,City,"Seoul, South Korea",https://en.wikipedia.org/wiki/Seoul
Political,City,"Shangqiu, Henan, China",https://en.wikipedia.org/wiki/Shangqiu
Political,City,"Shaoyang, Hunan, China",https://en.wikipedia.org/wiki/Shaoyang
Political,City,"Sheffield, England, UK",https://en.wikipedia.org/wiki/Sheffield
Political,City,"Shenyang, Liaoning, China",https://en.wikipedia.org/wiki/Shenyang
Political,City,"Sherwood, England, UK","https://en.wikipedia.org/wiki/Sherwood,_Nottingham"
Political,City,"Southampton, England, UK",https://en.wikipedia.org/wiki/Southampton
Political,City,"Spokane, Washington, US","https://en.wikipedia.org/wiki/Spokane,_Washington"
Political,City,"Springfield, Illinois, US","https://en.wikipedia.org/wiki/Springfield,_Illinois"
Political,City,"St Albans, England, UK",https://en.wikipedia.org/wiki/St_Albans
Political,City,"St. Louis, Missouri, US",https://en.wikipedia.org/wiki/St._Louis
Political,City,"St. Mary's, England, UK","https://en.wikipedia.org/wiki/St_Mary%27s,_Isles_of_Scilly"
Political,City,"Stanley, England, UK","https://en.wikipedia.org/wiki/Stanley,_County_Durham"
Political,City,"Stavanger, Norway",https://en.wikipedia.org/wiki/Stavanger
Political,City,"Stirling, Scotland, UK",https://en.wikipedia.org/wiki/Stirling
Political,City,"Stralsund, Mecklenburg-Western Pomerania, Germany",https://en.wikipedia.org/wiki/Stralsund
Political,City,"Strasbourg, Grand Est, France",https://en.wikipedia.org/wiki/Strasbourg
Political,City,"Stuttgart, Baden-Wurttemberg, Germany",https://en.wikipedia.org/wiki/Stuttgart
Political,City,"Sydney, New South Wales, Australia",https://en.wikipedia.org/wiki/HMAS_Sydney_(R17)
Political,City,"Szczecin, West Pomeranian Voivodeship, Poland",https://en.wikipedia.org/wiki/Szczecin
Political,City,"Tacoma, Washington, US","https://en.wikipedia.org/wiki/Tacoma,_Washington"
Political,City,"Tallahassee, Florida, US","https://en.wikipedia.org/wiki/Tallahassee,_Florida"
Political,City,"Tallinn, Estonia",https://en.wikipedia.org/wiki/Tallinn
Political,City,"Taranto, Apulia, Italy",https://en.wikipedia.org/wiki/Taranto
Political,City,"Tauranga, New Zealand",https://en.wikipedia.org/wiki/Tauranga
Political,City,"Thionville, Grand Est, France",https://en.wikipedia.org/wiki/Thionville
Political,City,"Tilbury, England, UK",https://en.wikipedia.org/wiki/Tilbury
Political,City,"Tınaztepe, Afyonkarahisar, Turkey","https://en.wikipedia.org/wiki/T%C4%B1naztepe,_Sinanpa%C5%9Fa"
Political,City,"Toledo, Ohio, US","https://en.wikipedia.org/wiki/Toledo,_Ohio"
Political,City,"Tongyeong, South Gyeongsang Province, South Korea",https://en.wikipedia.org/wiki/Tongyeong
Political,City,"Topeka, Kansas, US","https://en.wikipedia.org/wiki/Topeka,_Kansas"
Political,City,"Torbay, England, UK",https://en.wikipedia.org/wiki/Torbay
Political,City,"Trenton, New Jersey, US","https://en.wikipedia.org/wiki/Trenton,_New_Jersey"
Political,City,"Trondheim, Norway",https://en.wikipedia.org/wiki/Trondheim
Political,City,"Tucson, Arizona, US","https://en.wikipedia.org/wiki/Tucson,_Arizona"
Political,City,"Tuscaloosa, Alabama, US","https://en.wikipedia.org/wiki/Tuscaloosa,_Alabama"
Political,City,"Vallejo, California, US","https://en.wikipedia.org/wiki/Vallejo,_California"
Political,City,"Vicksburg, Mississippi, US","https://en.wikipedia.org/wiki/Vicksburg,_Mississippi"
Political,City,"Vincennes, Indiana, US","https://en.wikipedia.org/wiki/Vincennes,_Indiana"
Political,City,"Wallaroo, South Australia, Australia","https://en.wikipedia.org/wiki/Wallaroo,_South_Australia"
Political,City,"Wallington, Victoria, Australia","https://en.wikipedia.org/wiki/Wallington,_Victoria"
Political,City,"Warwick, England, UK",https://en.wikipedia.org/wiki/Warwick
Political,City,"Wells, England, UK","https://en.wikipedia.org/wiki/Wells,_Somerset"
Political,City,"Weymouth, England, UK","https://en.wikipedia.org/wiki/Weymouth,_Dorset"
Political,City,"Wichita, Kansas, US","https://en.wikipedia.org/wiki/Wichita,_Kansas"
Political,City,"Wiesbaden, Hesse, Germany",https://en.wikipedia.org/wiki/Wiesbaden
Political,City,"Wilkes-Barre, Pennsylvania, US","https://en.wikipedia.org/wiki/Wilkes-Barre,_Pennsylvania"
Political,City,"Wilmington, Delaware, US","https://en.wikipedia.org/wiki/Wilmington,_Delaware"
Political,City,"Wilmington, North Carolina, US","https://en.wikipedia.org/wiki/Wilmington,_North_Carolina"
Political,City,"Winchelsea, England, UK",https://en.wikipedia.org/wiki/Winchelsea
Political,City,"Winchester, England, UK",https://en.wikipedia.org/wiki/Winchester
Political,City,"Windsor, England, UK","https://en.wikipedia.org/wiki/Windsor,_Berkshire"
Political,City,"Worcester, England, UK","https://en.wikipedia.org/wiki/Worcester,_England"
Political,City,"Worcester, Massachusetts, US","https://en.wikipedia.org/wiki/Worcester,_Massachusetts"
Political,City,"Wrocław, Lower Silesian Voivodeship, Poland",https://en.wikipedia.org/wiki/Wroc%C5%82aw
Political,City,"Xiangyang, Hubei, China",https://en.wikipedia.org/wiki/Xiangyang
Political,City,"Xianyang, Shaanxi, China",https://en.wikipedia.org/wiki/Xianyang
Political,City,"Xinyang, Henan, China",https://en.wikipedia.org/wiki/Xinyang
Political,City,"York, England, UK",https://en.wikipedia.org/wiki/York
Political,City,"York, Pennsylvania, US","https://en.wikipedia.org/wiki/York,_Pennsylvania"
Political,City,"Youngstown, Ohio, US","https://en.wikipedia.org/wiki/Youngstown,_Ohio"
Political,City,"Ziyang, Sichuan, China",https://en.wikipedia.org/wiki/Ziyang
Political,Colony,"Bermuda, UK",https://en.wikipedia.org/wiki/Bermuda
Political,Colony,British Ceylon,https://en.wikipedia.org/wiki/British_Ceylon
Political,Colony,British Mauritius,https://en.wikipedia.org/wiki/British_Mauritius
Political,Colony,Colony and Protectorate of Kenya,https://en.wikipedia.org/wiki/Kenya_Colony
Political,Colony,Colony and Protectorate of Nigeria,https://en.wikipedia.org/wiki/Colonial_Nigeria
Political,Colony,Colony of Fiji,https://en.wikipedia.org/wiki/Colony_of_Fiji
Political,Colony,Colony of Jamaica,https://en.wikipedia.org/wiki/Colony_of_Jamaica
Political,Colony,"Colony of Natal, UK",https://en.wikipedia.org/wiki/Colony_of_Natal
Political,Colony,"Dominion of Newfoundland, UK",https://en.wikipedia.org/wiki/Dominion_of_Newfoundland
Political,Colony,"French Algeria, France",https://en.wikipedia.org/wiki/French_Algeria
Political,Colony,Gambia Colony and Protectorate,https://en.wikipedia.org/wiki/Gambia_Colony_and_Protectorate
Political,Colony,"Gibraltar, UK",https://en.wikipedia.org/wiki/Gibraltar
Political,Colony,Trinidad and Tobago,https://en.wikipedia.org/wiki/History_of_Trinidad_and_Tobago
Political,County,"Argyll, Scotland, UK",https://en.wikipedia.org/wiki/Argyll
Political,County,"Arlington County, Virginia, US","https://en.wikipedia.org/wiki/Arlington_County,_Virginia"
Political,County,"Bedfordshire, England, UK",https://en.wikipedia.org/wiki/Bedfordshire
Political,County,"Berwickshire, Scotland, UK",https://en.wikipedia.org/wiki/Berwick-upon-Tweed
Political,County,"Caernarfonshire, Wales, UK",https://en.wikipedia.org/wiki/Caernarfonshire
Political,County,"Cornwall, England, UK",https://en.wikipedia.org/wiki/Cornwall
Political,County,"County Antrim, Northern Ireland, UK",https://en.wikipedia.org/wiki/County_Antrim
Political,County,"County Antrim, Northern Ireland, UK",https://en.wikipedia.org/wiki/County_Antrim
Political,County,"County Donegal, Northern Ireland, UK",https://en.wikipedia.org/wiki/County_Donegal
Political,County,"Cumberland, England, UK",https://en.wikipedia.org/wiki/Cumberland
Political,County,"Devonshire, England, UK",https://en.wikipedia.org/wiki/Devon
Political,County,"Dorset, England, UK",https://en.wikipedia.org/wiki/Dorset
Political,County,"Essex County, Massachusetts, US","https://en.wikipedia.org/wiki/Essex_County,_Massachusetts"
Political,County,"Essex, England, UK",https://en.wikipedia.org/wiki/Essex
Political,County,"Fife, Scotland, UK",https://en.wikipedia.org/wiki/Fife
Political,County,"Friesland, Lower Saxony, Germany",https://en.wikipedia.org/wiki/Friesland_(district)
Political,County,"Glamorgan, Wales, UK",https://en.wikipedia.org/wiki/Glamorgan
Political,County,"Hampshire, England, UK",https://en.wikipedia.org/wiki/Hampshire
Political,County,"Huiyang District, Guangdong, China",https://en.wikipedia.org/wiki/Huiyang_District
Political,County,"Kaiyang, Guizhou, China",https://en.wikipedia.org/wiki/Kaiyang_County
Political,County,"Kamikawa Subprefecture, Hokkaido, Japan","https://en.wikipedia.org/wiki/Kamikawa_Subprefecture#:~:text=Kamikawa%20(%E4%B8%8A%E5%B7%9D%E7%B7%8F%E5%90%88%E6%8C%AF%E8%88%88%E5%B1%80,Settlement%20began%20in%201867."
Political,County,"Kent County, England, UK",https://en.wikipedia.org/wiki/Kent
Political,County,"Lancashire, England, UK",https://en.wikipedia.org/wiki/Lancashire
Political,County,"Monmouthshire, Wales, UK",https://en.wikipedia.org/wiki/Monmouthshire_(historic)
Political,County,"Nord, Hauts-de-France, France",https://en.wikipedia.org/wiki/Nord_(French_department)
Political,County,"Norfolk, England, UK",https://en.wikipedia.org/wiki/Norfolk
Political,County,"Northumberland County, England, UK",https://en.wikipedia.org/wiki/Northumberland
Political,County,"Pas-de-Calais, Hauts-de-France, France",https://en.wikipedia.org/wiki/Hauts-de-France
Political,County,"Poyang County, Jiangxi, China",https://en.wikipedia.org/wiki/Poyang_County
Political,County,"Roxburghshire, Scotland, UK",https://en.wikipedia.org/wiki/Roxburghshire
Political,County,"Savoie, Auvergne-Rhône-Alpes, France",https://en.wikipedia.org/wiki/Savoie
Political,County,"Shropshire, England, UK",https://en.wikipedia.org/wiki/Shropshire
Political,County,"Suffolk, England, UK",https://en.wikipedia.org/wiki/Suffolk
Political,County,"Sussex, England, UK",https://en.wikipedia.org/wiki/Sussex
Political,County,"Swabia, Bavaria, Germany",https://en.wikipedia.org/wiki/Swabia
Political,County,"Ye County, Henan, China",https://en.wikipedia.org/wiki/Ye_County
Political,County,"Yunyang, Chongqing, China",https://en.wikipedia.org/wiki/Yunyang_County
Political,Demonym,Manxman,https://en.wikipedia.org/wiki/Manxman
Political,Demonym,Trojan,https://en.wikipedia.org/wiki/Troy
Political,Demonym,Tuscan,https://en.wikipedia.org/wiki/Tuscany
Political,Demonym,Tyrian,"https://en.wikipedia.org/wiki/Tyre,_Lebanon"
Political,District,"Osu, Nagoya, Aichi, Japan",https://en.wikipedia.org/wiki/%C5%8Csu
Political,District,"Whitehall, London, England, UK",https://en.wikipedia.org/wiki/Whitehall
Political,Language Group,Dene,https://en.wikipedia.org/wiki/Athabaskan_languages
Political,Nation,Algonquin,https://en.wikipedia.org/wiki/Algonquin_people
Political,Nation,Arabs,https://en.wikipedia.org/wiki/Arabs
Political,Nation,Arrernte,https://en.wikipedia.org/wiki/Arrernte_people
Political,Nation,Cossacks,https://en.wikipedia.org/wiki/Cossacks
Political,Nation,Gauls,https://en.wikipedia.org/wiki/Gauls
Political,Nation,Haida,https://en.wikipedia.org/wiki/Haida_people
Political,Nation,Inuit,https://en.wikipedia.org/wiki/Inuit
Political,Nation,Iroquois,https://en.wikipedia.org/wiki/Iroquois
Political,Nation,Kurnai,https://en.wikipedia.org/wiki/Gunaikurnai_people
Political,Nation,Maori,https://en.wikipedia.org/wiki/M%C4%81ori_people
Political,Nation,Mi'kmaq,https://en.wikipedia.org/wiki/Mi%27kmaq
Political,Nation,Nepali,https://en.wikipedia.org/wiki/Nepalis
Political,Nation,Nepalis,https://en.wikipedia.org/wiki/Nepalis
Political,Nation,Nihon,https://en.wikipedia.org/wiki/Japan
Political,Nation,Normans,https://en.wikipedia.org/wiki/Normans
Political,Nation,Norsemen,https://en.wikipedia.org/wiki/Norsemen
Political,Nation,Nubian,https://en.wikipedia.org/wiki/Nubians
Political,Nation,Nubians,https://en.wikipedia.org/wiki/Nubians
Political,Nation,Nuu-chah-nulth,https://en.wikipedia.org/wiki/Nuu-chah-nulth
Political,Nation,Ojibwe,https://en.wikipedia.org/wiki/Ojibwe
Political,Nation,Parthian,https://en.wikipedia.org/wiki/Parthia
Political,Nation,Persian,https://en.wikipedia.org/wiki/Persians
Political,Nation,Punjabi,https://en.wikipedia.org/wiki/Punjabis
Political,Nation,Rajput,https://en.wikipedia.org/wiki/Rajput
Political,Nation,Romani,https://en.wikipedia.org/wiki/Romani_people
Political,Nation,Scots,https://en.wikipedia.org/wiki/Scottish_people
Political,Nation,Sikh,https://en.wikipedia.org/wiki/Sikhs
Political,Nation,Sioux,https://en.wikipedia.org/wiki/Sioux
Political,Nation,Somali,https://en.wikipedia.org/wiki/Somalis
Political,Nation,Tatar,https://en.wikipedia.org/wiki/Tatars
Political,Nation,Tatars,https://en.wikipedia.org/wiki/Tatars
Political,Nation,Thracians,https://en.wikipedia.org/wiki/Thracians
Political,Nation,Veneti,https://en.wikipedia.org/wiki/Adriatic_Veneti
Political,Nation,Wyandot,https://en.wikipedia.org/wiki/Wyandot_people
Political,Nation,Zulu,https://en.wikipedia.org/wiki/Zulu_people
Political,Nation,Zulus,https://en.wikipedia.org/wiki/Zulu_people
Political,Organization,Navy Association I Donanma Cemiyeti,https://en.wikipedia.org/wiki/Ottoman_Navy_National_Support_Association
Political,Protectorate,Federated Malay States,https://en.wikipedia.org/wiki/Federated_Malay_States
Political,Protectorate,Protectorate of Uganda,https://en.wikipedia.org/wiki/Protectorate_of_Uganda
Political,Province,"Aki Province, Japan",https://en.wikipedia.org/wiki/Aki_Province
Political,Province,"Alabama, US",https://en.wikipedia.org/wiki/Alabama
Political,Province,"Alagoas, Brazil",https://en.wikipedia.org/wiki/Alagoas
Political,Province,"Alaska, US",https://en.wikipedia.org/wiki/Alaska
Political,Province,"Amazonas, Brazil",https://en.wikipedia.org/wiki/Amazonas_(Brazilian_state)
Political,Province,"Antioquia, Columbia",https://en.wikipedia.org/wiki/Antioquia_Department
Political,Province,"Arizona, US",https://en.wikipedia.org/wiki/Arizona
Political,Province,"Arkansas, US",https://en.wikipedia.org/wiki/Arkansas
Political,Province,"Bavaria, Germany",https://en.wikipedia.org/wiki/Bavaria
Political,Province,"Caldas, Columbia",https://en.wikipedia.org/wiki/Caldas_Department
Political,Province,"California, US",https://en.wikipedia.org/wiki/California
Political,Province,"Campania, Italy",https://en.wikipedia.org/wiki/Campania
Political,Province,"Carabobo, Venezuela",https://en.wikipedia.org/wiki/Carabobo
Political,Province,"Chongqing, China",https://en.wikipedia.org/wiki/Chongqing
Political,Province,"Colorado, US",https://en.wikipedia.org/wiki/Colorado
Political,Province,"Commonwealth of Massachusetts, US",https://en.wikipedia.org/wiki/Massachusetts
Political,Province,"Commonwealth of Pennsylvania, US",https://en.wikipedia.org/wiki/Pennsylvania
Political,Province,"Connecticut, US",https://en.wikipedia.org/wiki/Connecticut
Political,Province,"Delaware, US",https://en.wikipedia.org/wiki/Delaware
Political,Province,"Delhi, India",https://en.wikipedia.org/wiki/Delhi
Political,Province,"Duchy of Nassau, Germany",https://en.wikipedia.org/wiki/Duchy_of_Nassau
Political,Province,"Duchy of Swabia, Germany",https://en.wikipedia.org/wiki/Duchy_of_Swabia
Political,Province,"Espirito Santo, Brazil",https://en.wikipedia.org/wiki/Esp%C3%ADrito_Santo
Political,Province,"Florida, US",https://en.wikipedia.org/wiki/Florida
Political,Province,"Fujian, China",https://en.wikipedia.org/wiki/Fujian
Political,Province,"Gangwon, South Korea","https://en.wikipedia.org/wiki/Gangwon_Province,_South_Korea"
Political,Province,"Georgia, US",https://en.wikipedia.org/wiki/Georgia_(U.S._state)
Political,Province,"Grand Duchy of Oldenburg, Germany",https://en.wikipedia.org/wiki/Grand_Duchy_of_Oldenburg
Political,Province,"Gueonggi, South Korea",https://en.wikipedia.org/wiki/Gyeonggi_Province
Political,Province,"Hawaii, US",https://en.wikipedia.org/wiki/Hawaii
Political,Province,"Hyuga Province, Japan",https://en.wikipedia.org/wiki/Hy%C5%ABga_Province
Political,Province,"Idaho, US",https://en.wikipedia.org/wiki/Idaho
Political,Province,"Iki Province, Japan",https://en.wikipedia.org/wiki/Iki_Province
Political,Province,"Illinois, US",https://en.wikipedia.org/wiki/Illinois
Political,Province,"Indiana, US",https://en.wikipedia.org/wiki/Indiana
Political,Province,"Iowa, US",https://en.wikipedia.org/wiki/Iowa
Political,Province,"Ise Province, Japan",https://en.wikipedia.org/wiki/Ise_Province
Political,Province,"Izumi Province, Japan",https://en.wikipedia.org/wiki/Izumi_Province
Political,Province,"Izumo Province, Japan",https://en.wikipedia.org/wiki/Izumo_Province
Political,Province,"Jeonbuk, South Korea",https://en.wikipedia.org/wiki/North_Jeolla_Province
Political,Province,"Kaga Province, Japan",https://en.wikipedia.org/wiki/Kaga_Province
Political,Province,"Kansas, US",https://en.wikipedia.org/wiki/Kansas
Political,Province,"Kawachi Province, Japan",https://en.wikipedia.org/wiki/Kawachi_Province
Political,Province,"Kentucky, US",https://en.wikipedia.org/wiki/USS_Kentucky_(BB-6)
Political,Province,"Kingdom of Saxony, Germany",https://en.wikipedia.org/wiki/Kingdom_of_Saxony
Political,Province,"Kingdom of Wurttemberg, Germany",https://en.wikipedia.org/wiki/Kingdom_of_W%C3%BCrttemberg
Political,Province,"Liaoning, China",https://en.wikipedia.org/wiki/Liaoning
Political,Province,"Louisiana, US",https://en.wikipedia.org/wiki/Louisiana
Political,Province,"Maine, US",https://en.wikipedia.org/wiki/Maine
Political,Province,"Maranhao, Brazil",https://en.wikipedia.org/wiki/Maranh%C3%A3o
Political,Province,"Maryland, US",https://en.wikipedia.org/wiki/Maryland
Political,Province,"Mato Grosso, Brazil",https://en.wikipedia.org/wiki/Mato_Grosso
Political,Province,"Mersin Province, Turkey",https://en.wikipedia.org/wiki/Mersin_Province
Political,Province,"Michigan, US",https://en.wikipedia.org/wiki/Michigan
Political,Province,"Minas Gerais, Brazil",https://en.wikipedia.org/wiki/Minas_Gerais
Political,Province,"Minnesota, US",https://en.wikipedia.org/wiki/Minnesota
Political,Province,"Mississippi, US",https://en.wikipedia.org/wiki/New_Mexico
Political,Province,"Missouri, US",https://en.wikipedia.org/wiki/Missouri
Political,Province,"Montana, US",https://en.wikipedia.org/wiki/Montana
Political,Province,"Musashi Province, Japan",https://en.wikipedia.org/wiki/Musashi_Province
Political,Province,"Mutsu Province, Japan",https://en.wikipedia.org/wiki/Mutsu_Province
Political,Province,"Nagato Province, Japan",https://en.wikipedia.org/wiki/Nagato_Province
Political,Province,"Nara Prefecture, Japan",https://en.wikipedia.org/wiki/Nara_Prefecture
Political,Province,"Nebraska, US",https://en.wikipedia.org/wiki/Nebraska
Political,Province,"Nevada, US",https://en.wikipedia.org/wiki/Nevada
Political,Province,"New Hampshire, US",https://en.wikipedia.org/wiki/New_Hampshire
Political,Province,"New Jersey, US",https://en.wikipedia.org/wiki/New_Jersey
Political,Province,"New Mexico, US",https://en.wikipedia.org/wiki/New_Mexico
Political,Province,"New York, US",https://en.wikipedia.org/wiki/New_York_(state)
Political,Province,"North Carolina, US",https://en.wikipedia.org/wiki/North_Carolina
Political,Province,"North Chungcheong, South Korea",https://en.wikipedia.org/wiki/North_Chungcheong_Province
Political,Province,"North Dakota, US",https://en.wikipedia.org/wiki/North_Dakota
Political,Province,"Ohio, US",https://en.wikipedia.org/wiki/Ohio
Political,Province,"Oklahoma, US",https://en.wikipedia.org/wiki/Oklahoma
Political,Province,"Oregon, US",https://en.wikipedia.org/wiki/Oregon
Political,Province,"Para, Brazil",https://en.wikipedia.org/wiki/Par%C3%A1
Political,Province,"Paraiba, Brazil",https://en.wikipedia.org/wiki/Para%C3%ADba
Political,Province,"Parana, Brazil",https://en.wikipedia.org/wiki/Paran%C3%A1_(state)
Political,Province,"Pernambuco, Brazil",https://en.wikipedia.org/wiki/Pernambuco
Political,Province,"Piaui, Brazil",https://en.wikipedia.org/wiki/Piau%C3%AD
Political,Province,"Province of Brandenburg, Prussia, Germany",https://en.wikipedia.org/wiki/Province_of_Brandenburg
Political,Province,"Province of Cattaro, Italy",https://en.wikipedia.org/wiki/Province_of_Cattaro
Political,Province,"Province of Hanover, Prussia, Germany",https://en.wikipedia.org/wiki/Province_of_Hanover
Political,Province,"Province of Pomerania, Prussia, Germany",https://en.wikipedia.org/wiki/Province_of_Pomerania_(1815%E2%80%931945)
Political,Province,"Province of Posen, Prussia, Germany",https://en.wikipedia.org/wiki/Province_of_Posen
Political,Province,"Province of Silesia, Prussia, Germany",https://en.wikipedia.org/wiki/Province_of_Silesia
Political,Province,"Province of the Orange Free State, South Africa",https://en.wikipedia.org/wiki/Orange_Free_State_(province)
Political,Province,"Province of Westphalia, Prussia, Germany",https://en.wikipedia.org/wiki/Prussia
Political,Province,"Prussia, Germany",https://en.wikipedia.org/wiki/Prussia
Political,Province,"Quebec, Canada",https://en.wikipedia.org/wiki/Quebec
Political,Province,"Republic of Baden, Germany",https://en.wikipedia.org/wiki/Republic_of_Baden
Political,Province,"Rhode Island, US",https://en.wikipedia.org/wiki/Rhode_Island
Political,Province,"Rio de Janeiro, Brazil",https://en.wikipedia.org/wiki/Rio_de_Janeiro_(state)
Political,Province,"Rio Grande do Norte, Brazil",https://en.wikipedia.org/wiki/Rio_Grande_do_Norte
Political,Province,"Santa Catarina, Brazil",https://en.wikipedia.org/wiki/Santa_Catarina_(state)
Political,Province,"Sanuki Province, Japan",https://en.wikipedia.org/wiki/Sanuki_Province
Political,Province,"Satsuma Province, Japan",https://en.wikipedia.org/wiki/Satsuma_Province
Political,Province,"Schleswig-Holstein, Prussia, Germany",https://en.wikipedia.org/wiki/Schleswig-Holstein
Political,Province,"Scottland, UK",https://en.wikipedia.org/wiki/Caledonia
Political,Province,"Sergipe, Brazil",https://en.wikipedia.org/wiki/Sergipe
Political,Province,"Settsu Province, Japan",https://en.wikipedia.org/wiki/Settsu_Province
Political,Province,"Shangdong, China",https://en.wikipedia.org/wiki/Shandong
Political,Province,"Shinano Province, Japan",https://en.wikipedia.org/wiki/Shinano_Province
Political,Province,"South Carolina, US",https://en.wikipedia.org/wiki/South_Carolina
Political,Province,"South Dakota, US",https://en.wikipedia.org/wiki/South_Dakota
Political,Province,"Tango Province, Japan",https://en.wikipedia.org/wiki/Tango_Province
Political,Province,"Tenessee, US",https://en.wikipedia.org/wiki/Tennessee
Political,Province,"Territory of Alaska, US",https://en.wikipedia.org/wiki/Territory_of_Alaska
Political,Province,"Territory of Guam, US",https://en.wikipedia.org/wiki/Guam
Political,Province,"Territory of Hawaii, US",https://en.wikipedia.org/wiki/Territory_of_Hawaii
Political,Province,"Texas, US",https://en.wikipedia.org/wiki/Texas
Political,Province,"Tosa Province, Japan",https://en.wikipedia.org/wiki/Tosa_Province
Political,Province,"Tsushima Province, Japan",https://en.wikipedia.org/wiki/Tsushima_Province
Political,Province,"Utah, US",https://en.wikipedia.org/wiki/Utah
Political,Province,"Vermont, US",https://en.wikipedia.org/wiki/Vermont
Political,Province,"Virginia, US",https://en.wikipedia.org/wiki/Virginia
Political,Province,"Wales, UK",https://en.wikipedia.org/wiki/Wales
Political,Province,"Washington, US",https://en.wikipedia.org/wiki/Washington_(state)
Political,Province,"West Virginia, US",https://en.wikipedia.org/wiki/West_Virginia
Political,Province,"Wisconsin, US",https://en.wikipedia.org/wiki/Wisconsin
Political,Province,"Wyoming, US",https://en.wikipedia.org/wiki/Wyoming
Political,Province,"Yamashiro Province, Japan",https://en.wikipedia.org/wiki/Yamashiro_Province
Political,Province,"Yamato Province, Japan",https://en.wikipedia.org/wiki/Yamato_Province
Political,Province,"Yueyang, Hunan, China",https://en.wikipedia.org/wiki/Yueyang
Political,State,Algeria,https://en.wikipedia.org/wiki/Algeria
Political,State,Aroostook Band of Micmacs,https://en.wikipedia.org/wiki/Mi%27kmaq_Nation
Political,State,Canada,https://en.wikipedia.org/wiki/Canada
Political,State,Commonwealth of Australia,https://en.wikipedia.org/wiki/Australia
Political,State,Confederate States of America,https://en.wikipedia.org/wiki/Confederate_States_of_America
Political,State,Ethiopia,https://en.wikipedia.org/wiki/Ethiopia
Political,State,France,https://en.wikipedia.org/wiki/France
Political,State,Germany,https://en.wikipedia.org/wiki/Germany
Political,State,Hindustan,https://en.wikipedia.org/wiki/Hindustan
Political,State,Kingdom of the West Saxons,https://en.wikipedia.org/wiki/Wessex
Political,State,Maratha Empire,https://en.wikipedia.org/wiki/Maratha_Empire
Political,State,Nepal,https://en.wikipedia.org/wiki/Nepal
Political,State,New Zealand,https://en.wikipedia.org/wiki/New_Zealand
Political,State,Oglala Lakota,https://en.wikipedia.org/wiki/Oglala
Political,State,United Kingdom,https://en.wikipedia.org/wiki/United_Kingdom
Political,State,United States of America,https://en.wikipedia.org/wiki/United_States
Political,Tribe,Afridi,https://en.wikipedia.org/wiki/Afridi
Political,Tribe,Asante,https://en.wikipedia.org/wiki/Asante_people
Political,Tribe,Bedouin,https://en.wikipedia.org/wiki/Bedouin
Political,Tribe,Cayuga,https://en.wikipedia.org/wiki/Cayuga_people
Political,Tribe,Clan Campbell,https://en.wikipedia.org/wiki/Clan_Campbell
Political,Tribe,Clan Henderson,https://en.wikipedia.org/wiki/Clan_Henderson
Political,Tribe,Clan MacAlpine,https://en.wikipedia.org/wiki/Clan_MacAlpine
Political,Tribe,Clan MacAndrew,https://en.wikipedia.org/wiki/Clan_Anderson
Political,Tribe,Clan MacCabe,https://en.wikipedia.org/wiki/MacCallum
Political,Tribe,Clan MacColl,https://en.wikipedia.org/wiki/MacColl
Political,Tribe,Clan MacDermott,https://en.wikipedia.org/wiki/Mac_Diarmada
Political,Tribe,Clan Mackay,https://en.wikipedia.org/wiki/Clan_Mackay
Political,Tribe,Clan Mackay,https://en.wikipedia.org/wiki/Clan_Mackay
Political,Tribe,Clan MacMahon,https://en.wikipedia.org/wiki/McMahon_clans
Political,Tribe,Clan Macrae,https://en.wikipedia.org/wiki/Clan_Macrae
Political,Tribe,Clan Malcolm,https://en.wikipedia.org/wiki/Clan_Malcolm
Political,Tribe,Mohawk,https://en.wikipedia.org/wiki/Mohawk_people
Political,Tribe,Shona,https://en.wikipedia.org/wiki/Shona_people
Political,Tribe,Southern Ndebele,https://en.wikipedia.org/wiki/Southern_Ndebele_people
Political,Tribe,Spartan,https://en.wikipedia.org/wiki/Sparta
Political,Tribe,Warumungu,https://en.wikipedia.org/wiki/Warumungu
Structure,Castle,"Chihaya Castle, Osaka Prefecture, Japan",https://en.wikipedia.org/wiki/Chihaya_Castle
Structure,Castle,"White Tower, England, UK",https://en.wikipedia.org/wiki/White_Tower_(Tower_of_London)
Structure,Fort,"Valley Forge, US",https://en.wikipedia.org/wiki/Valley_Forge
Structure,Heritage Site,Stonehenge,https://en.wikipedia.org/wiki/Stonehenge
Structure,Heritage Site,The Crystal Palace,https://en.wikipedia.org/wiki/The_Crystal_Palace
Structure,Naval Base,"Su-Ao Naval Base, Taiwan",https://en.wikipedia.org/wiki/ROCS_Su_Ao
Structure,Naval Base,"Tso Ying Naval Base, Taiwan",https://en.wikipedia.org/wiki/ROCS_Tso_Ying
Structure,Residence,"Chequers Court, England, UK",https://en.wikipedia.org/wiki/Chequers
Structure,School,"Third Higher School, Kyoto, Japan",https://en.wikipedia.org/wiki/Third_Higher_School
Structure,Shipyard,"Woolston Shipyard, England, UK",https://en.wikipedia.org/wiki/Centenary_Quay
Structure,Shrine,"Itsukushima Shrine, Hiroshima Prefecture, Japan",https://en.wikipedia.org/wiki/Itsukushima_Shrine
Structure,Shrine,"Kashii Shrine, Fukuoka, Japan",https://en.wikipedia.org/wiki/Kashii-g%C5%AB
Structure,Shrine,"Kashima Shrine, Ibaraki Prefecture, Japan",https://en.wikipedia.org/wiki/Kashima_Shrine
Structure,Shrine,"Kasuga-taisha, Nara Prefecture, Japan",https://en.wikipedia.org/wiki/Kasuga-taisha
Structure,Shrine,"Katori Shrine, Chiba Prefecture, Japan",https://en.wikipedia.org/wiki/Katori_Shrine